0,1,2,3,4,5,6,7,8,9,10,11,12,13,14,15,16,17,18,19,20,21,22,23,24,25,26,27,28,29,30,31,32,33,34,35,36,37,38,39,40,41,42,43,44,45,46,47,48,49,50,51,52,53,54,55,56,57,58,59,60,61,62,63,64,65,66,67,68,69,70,71,72,73,74,75,76,77,78,79,80,81,82,83,84,85,86,87,88,89,90,91,92,93,94,95,96,97,98,99,100,101,102,103,104,105,106,107,108,109,110,111,112,113,114,115,116,117,118,119,120,121,122,123,124,125,126,127,128,129,130,131,132,133,134,135,136,137,138,139,140,141,142,143,144,145,146,147,148,149,150,151,152,153,154,155,156,157,158,159,160,161,162,163,164,165,166,167,168,169,170,171,172,173,174,175,176,177,178,179,180,181,182,183,184,185,186,187,188,189,190,191,192,193,194,195,196,197,198,199,200,201,202,203,204,205,206,207
0.0,27.327272727272735,27.327272727272735,29.183333333333348,10.600000000000001,17.10000000000001,19.100000000000005,19.100000000000005,19.100000000000005,19.100000000000005,19.100000000000005,25.933333333333334,25.933333333333334,25.933333333333334,9.600000000000005,19.95714285714287,19.95714285714287,19.95714285714287,19.95714285714287,19.95714285714287,19.95714285714287,19.95714285714287,19.95714285714287,19.95714285714287,19.95714285714287,19.95714285714287,19.95714285714287,19.95714285714287,19.95714285714287,19.95714285714287,19.95714285714287,19.95714285714287,19.95714285714287,19.95714285714287,19.95714285714287,19.95714285714287,19.95714285714287,19.95714285714287,19.95714285714287,21.933333333333337,21.933333333333337,27.457142857142866,18.35000000000001,18.35000000000001,18.35000000000001,18.35000000000001,18.35000000000001,18.35000000000001,18.35000000000001,18.35000000000001,18.35000000000001,18.35000000000001,18.35000000000001,18.35000000000001,24.60000000000001,28.17142857142857,4.600000000000004,4.600000000000004,21.991304347826095,21.991304347826095,0.9636363636363724,28.8857142857143,28.8857142857143,31.509090909090908,19.600000000000005,19.600000000000005,19.600000000000005,19.600000000000005,19.600000000000005,19.600000000000005,19.600000000000005,19.600000000000005,19.600000000000005,19.600000000000005,19.600000000000005,19.600000000000005,19.600000000000005,19.600000000000005,19.600000000000005,19.600000000000005,19.600000000000005,19.600000000000005,19.600000000000005,19.600000000000005,19.600000000000005,19.600000000000005,19.600000000000005,19.600000000000005,19.600000000000005,19.600000000000005,19.600000000000005,19.600000000000005,19.600000000000005,19.600000000000005,19.600000000000005,19.600000000000005,19.600000000000005,19.600000000000005,19.600000000000005,19.600000000000005,19.600000000000005,19.600000000000005,19.600000000000005,19.600000000000005,19.600000000000005,19.600000000000005,19.600000000000005,19.600000000000005,19.600000000000005,19.600000000000005,19.600000000000005,19.600000000000005,19.600000000000005,19.600000000000005,19.600000000000005,19.600000000000005,19.600000000000005,19.600000000000005,19.600000000000005,19.600000000000005,19.600000000000005,19.600000000000005,14.600000000000005,23.742857142857147,2.600000000000005,23.57435897435898,29.242857142857154,29.242857142857154,31.266666666666666,31.171428571428585,20.22500000000001,20.22500000000001,20.22500000000001,20.22500000000001,20.22500000000001,20.22500000000001,20.22500000000001,20.22500000000001,20.22500000000001,20.22500000000001,20.22500000000001,20.22500000000001,20.22500000000001,20.22500000000001,20.22500000000001,20.22500000000001,20.22500000000001,20.22500000000001,20.22500000000001,20.22500000000001,20.22500000000001,20.22500000000001,20.22500000000001,20.22500000000001,20.22500000000001,20.22500000000001,20.22500000000001,20.22500000000001,20.22500000000001,20.22500000000001,20.22500000000001,20.22500000000001,20.22500000000001,20.22500000000001,20.22500000000001,20.22500000000001,20.22500000000001,20.22500000000001,20.22500000000001,20.22500000000001,20.22500000000001,20.22500000000001,20.22500000000001,20.22500000000001,20.22500000000001,20.22500000000001,20.22500000000001,20.22500000000001,20.22500000000001,20.22500000000001,27.100000000000012,27.100000000000012,30.31428571428572,30.31428571428572,30.31428571428572,30.31428571428572,30.31428571428572,30.31428571428572,30.31428571428572,33.60000000000001,33.60000000000001,33.60000000000001,33.60000000000001,35.369230769230775,35.369230769230775,35.369230769230775,37.23157894736842,22.10000000000001,22.10000000000001,22.10000000000001,22.10000000000001,22.10000000000001,22.10000000000001,22.10000000000001,22.10000000000001,22.10000000000001,22.10000000000001,22.10000000000001
27.327272727272735,0.0,0.0,1.8560606060606069,16.72727272727273,10.227272727272727,8.227272727272727,8.227272727272727,8.227272727272727,8.227272727272727,8.227272727272727,1.393939393939395,1.393939393939395,1.393939393939395,17.727272727272727,7.370129870129869,7.370129870129869,7.370129870129869,7.370129870129869,7.370129870129869,7.370129870129869,7.370129870129869,7.370129870129869,7.370129870129869,7.370129870129869,7.370129870129869,7.370129870129869,7.370129870129869,7.370129870129869,7.370129870129869,7.370129870129869,7.370129870129869,7.370129870129869,7.370129870129869,7.370129870129869,7.370129870129869,7.370129870129869,7.370129870129869,7.370129870129869,5.3939393939393945,5.3939393939393945,1.168831168831168,8.977272727272725,8.977272727272725,8.977272727272725,8.977272727272725,8.977272727272725,8.977272727272725,8.977272727272725,8.977272727272725,8.977272727272725,8.977272727272725,8.977272727272725,8.977272727272725,2.727272727272726,0.8441558441558438,22.727272727272727,22.727272727272727,5.335968379446639,5.335968379446639,26.36363636363636,1.5584415584415587,1.5584415584415587,4.181818181818183,7.727272727272729,7.727272727272729,7.727272727272729,7.727272727272729,7.727272727272729,7.727272727272729,7.727272727272729,7.727272727272729,7.727272727272729,7.727272727272729,7.727272727272729,7.727272727272729,7.727272727272729,7.727272727272729,7.727272727272729,7.727272727272729,7.727272727272729,7.727272727272729,7.727272727272729,7.727272727272729,7.727272727272729,7.727272727272729,7.727272727272729,7.727272727272729,7.727272727272729,7.727272727272729,7.727272727272729,7.727272727272729,7.727272727272729,7.727272727272729,7.727272727272729,7.727272727272729,7.727272727272729,7.727272727272729,7.727272727272729,7.727272727272729,7.727272727272729,7.727272727272729,7.727272727272729,7.727272727272729,7.727272727272729,7.727272727272729,7.727272727272729,7.727272727272729,7.727272727272729,7.727272727272729,7.727272727272729,7.727272727272729,7.727272727272729,7.727272727272729,7.727272727272729,7.727272727272729,7.727272727272729,7.727272727272729,7.727272727272729,7.727272727272729,7.727272727272729,7.727272727272729,12.727272727272727,3.584415584415584,24.727272727272727,3.7529137529137535,1.9155844155844146,1.9155844155844146,3.9393939393939394,3.8441558441558454,7.102272727272727,7.102272727272727,7.102272727272727,7.102272727272727,7.102272727272727,7.102272727272727,7.102272727272727,7.102272727272727,7.102272727272727,7.102272727272727,7.102272727272727,7.102272727272727,7.102272727272727,7.102272727272727,7.102272727272727,7.102272727272727,7.102272727272727,7.102272727272727,7.102272727272727,7.102272727272727,7.102272727272727,7.102272727272727,7.102272727272727,7.102272727272727,7.102272727272727,7.102272727272727,7.102272727272727,7.102272727272727,7.102272727272727,7.102272727272727,7.102272727272727,7.102272727272727,7.102272727272727,7.102272727272727,7.102272727272727,7.102272727272727,7.102272727272727,7.102272727272727,7.102272727272727,7.102272727272727,7.102272727272727,7.102272727272727,7.102272727272727,7.102272727272727,7.102272727272727,7.102272727272727,7.102272727272727,7.102272727272727,7.102272727272727,7.102272727272727,2.0454545454545463,2.0454545454545463,2.987012987012988,2.987012987012988,2.987012987012988,2.987012987012988,2.987012987012988,2.987012987012988,2.987012987012988,6.2727272727272725,6.2727272727272725,6.2727272727272725,6.2727272727272725,8.04195804195804,8.04195804195804,8.04195804195804,9.904306220095695,5.227272727272727,5.227272727272727,5.227272727272727,5.227272727272727,5.227272727272727,5.227272727272727,5.227272727272727,5.227272727272727,5.227272727272727,5.227272727272727,5.227272727272727
27.327272727272735,0.0,0.0,1.8560606060606069,16.72727272727273,10.227272727272727,8.227272727272727,8.227272727272727,8.227272727272727,8.227272727272727,8.227272727272727,1.393939393939395,1.393939393939395,1.393939393939395,17.727272727272727,7.370129870129869,7.370129870129869,7.370129870129869,7.370129870129869,7.370129870129869,7.370129870129869,7.370129870129869,7.370129870129869,7.370129870129869,7.370129870129869,7.370129870129869,7.370129870129869,7.370129870129869,7.370129870129869,7.370129870129869,7.370129870129869,7.370129870129869,7.370129870129869,7.370129870129869,7.370129870129869,7.370129870129869,7.370129870129869,7.370129870129869,7.370129870129869,5.3939393939393945,5.3939393939393945,1.168831168831168,8.977272727272725,8.977272727272725,8.977272727272725,8.977272727272725,8.977272727272725,8.977272727272725,8.977272727272725,8.977272727272725,8.977272727272725,8.977272727272725,8.977272727272725,8.977272727272725,2.727272727272726,0.8441558441558438,22.727272727272727,22.727272727272727,5.335968379446639,5.335968379446639,26.36363636363636,1.5584415584415587,1.5584415584415587,4.181818181818183,7.727272727272729,7.727272727272729,7.727272727272729,7.727272727272729,7.727272727272729,7.727272727272729,7.727272727272729,7.727272727272729,7.727272727272729,7.727272727272729,7.727272727272729,7.727272727272729,7.727272727272729,7.727272727272729,7.727272727272729,7.727272727272729,7.727272727272729,7.727272727272729,7.727272727272729,7.727272727272729,7.727272727272729,7.727272727272729,7.727272727272729,7.727272727272729,7.727272727272729,7.727272727272729,7.727272727272729,7.727272727272729,7.727272727272729,7.727272727272729,7.727272727272729,7.727272727272729,7.727272727272729,7.727272727272729,7.727272727272729,7.727272727272729,7.727272727272729,7.727272727272729,7.727272727272729,7.727272727272729,7.727272727272729,7.727272727272729,7.727272727272729,7.727272727272729,7.727272727272729,7.727272727272729,7.727272727272729,7.727272727272729,7.727272727272729,7.727272727272729,7.727272727272729,7.727272727272729,7.727272727272729,7.727272727272729,7.727272727272729,7.727272727272729,7.727272727272729,7.727272727272729,12.727272727272727,3.584415584415584,24.727272727272727,3.7529137529137535,1.9155844155844146,1.9155844155844146,3.9393939393939394,3.8441558441558454,7.102272727272727,7.102272727272727,7.102272727272727,7.102272727272727,7.102272727272727,7.102272727272727,7.102272727272727,7.102272727272727,7.102272727272727,7.102272727272727,7.102272727272727,7.102272727272727,7.102272727272727,7.102272727272727,7.102272727272727,7.102272727272727,7.102272727272727,7.102272727272727,7.102272727272727,7.102272727272727,7.102272727272727,7.102272727272727,7.102272727272727,7.102272727272727,7.102272727272727,7.102272727272727,7.102272727272727,7.102272727272727,7.102272727272727,7.102272727272727,7.102272727272727,7.102272727272727,7.102272727272727,7.102272727272727,7.102272727272727,7.102272727272727,7.102272727272727,7.102272727272727,7.102272727272727,7.102272727272727,7.102272727272727,7.102272727272727,7.102272727272727,7.102272727272727,7.102272727272727,7.102272727272727,7.102272727272727,7.102272727272727,7.102272727272727,7.102272727272727,2.0454545454545463,2.0454545454545463,2.987012987012988,2.987012987012988,2.987012987012988,2.987012987012988,2.987012987012988,2.987012987012988,2.987012987012988,6.2727272727272725,6.2727272727272725,6.2727272727272725,6.2727272727272725,8.04195804195804,8.04195804195804,8.04195804195804,9.904306220095695,5.227272727272727,5.227272727272727,5.227272727272727,5.227272727272727,5.227272727272727,5.227272727272727,5.227272727272727,5.227272727272727,5.227272727272727,5.227272727272727,5.227272727272727
29.183333333333348,1.8560606060606069,1.8560606060606069,0.0,18.58333333333334,12.08333333333333,10.083333333333332,10.083333333333332,10.083333333333332,10.083333333333332,10.083333333333332,3.2500000000000018,3.2500000000000018,3.2500000000000018,19.58333333333333,9.226190476190476,9.226190476190476,9.226190476190476,9.226190476190476,9.226190476190476,9.226190476190476,9.226190476190476,9.226190476190476,9.226190476190476,9.226190476190476,9.226190476190476,9.226190476190476,9.226190476190476,9.226190476190476,9.226190476190476,9.226190476190476,9.226190476190476,9.226190476190476,9.226190476190476,9.226190476190476,9.226190476190476,9.226190476190476,9.226190476190476,9.226190476190476,7.25,7.25,1.7261904761904758,10.833333333333332,10.833333333333332,10.833333333333332,10.833333333333332,10.833333333333332,10.833333333333332,10.833333333333332,10.833333333333332,10.833333333333332,10.833333333333332,10.833333333333332,10.833333333333332,4.583333333333333,1.011904761904763,24.583333333333343,24.583333333333343,7.192028985507246,7.192028985507246,28.219696969696976,0.29761904761904834,0.29761904761904834,2.4015151515151505,9.583333333333337,9.583333333333337,9.583333333333337,9.583333333333337,9.583333333333337,9.583333333333337,9.583333333333337,9.583333333333337,9.583333333333337,9.583333333333337,9.583333333333337,9.583333333333337,9.583333333333337,9.583333333333337,9.583333333333337,9.583333333333337,9.583333333333337,9.583333333333337,9.583333333333337,9.583333333333337,9.583333333333337,9.583333333333337,9.583333333333337,9.583333333333337,9.583333333333337,9.583333333333337,9.583333333333337,9.583333333333337,9.583333333333337,9.583333333333337,9.583333333333337,9.583333333333337,9.583333333333337,9.583333333333337,9.583333333333337,9.583333333333337,9.583333333333337,9.583333333333337,9.583333333333337,9.583333333333337,9.583333333333337,9.583333333333337,9.583333333333337,9.583333333333337,9.583333333333337,9.583333333333337,9.583333333333337,9.583333333333337,9.583333333333337,9.583333333333337,9.583333333333337,9.583333333333337,9.583333333333337,9.583333333333337,9.583333333333337,9.583333333333337,9.583333333333337,9.583333333333337,14.583333333333332,5.44047619047619,26.58333333333334,5.6089743589743595,0.6547619047619038,0.6547619047619038,2.2644927536231885,2.5833333333333326,8.958333333333334,8.958333333333334,8.958333333333334,8.958333333333334,8.958333333333334,8.958333333333334,8.958333333333334,8.958333333333334,8.958333333333334,8.958333333333334,8.958333333333334,8.958333333333334,8.958333333333334,8.958333333333334,8.958333333333334,8.958333333333334,8.958333333333334,8.958333333333334,8.958333333333334,8.958333333333334,8.958333333333334,8.958333333333334,8.958333333333334,8.958333333333334,8.958333333333334,8.958333333333334,8.958333333333334,8.958333333333334,8.958333333333334,8.958333333333334,8.958333333333334,8.958333333333334,8.958333333333334,8.958333333333334,8.958333333333334,8.958333333333334,8.958333333333334,8.958333333333334,8.958333333333334,8.958333333333334,8.958333333333334,8.958333333333334,8.958333333333334,8.958333333333334,8.958333333333334,8.958333333333334,8.958333333333334,8.958333333333334,8.958333333333334,8.958333333333334,2.083333333333333,2.083333333333333,1.7261904761904758,1.7261904761904758,1.7261904761904758,1.7261904761904758,1.7261904761904758,1.7261904761904758,1.7261904761904758,4.416666666666665,4.416666666666665,4.416666666666665,4.416666666666665,6.185897435897436,6.185897435897436,6.185897435897436,8.048245614035089,7.083333333333336,7.083333333333336,7.083333333333336,7.083333333333336,7.083333333333336,7.083333333333336,7.083333333333336,7.083333333333336,7.083333333333336,7.083333333333336,7.083333333333336
10.600000000000001,16.72727272727273,16.72727272727273,18.58333333333334,0.0,6.500000000000004,8.500000000000007,8.500000000000007,8.500000000000007,8.500000000000007,8.500000000000007,15.333333333333332,15.333333333333332,15.333333333333332,2.4285714285714275,9.357142857142861,9.357142857142861,9.357142857142861,9.357142857142861,9.357142857142861,9.357142857142861,9.357142857142861,9.357142857142861,9.357142857142861,9.357142857142861,9.357142857142861,9.357142857142861,9.357142857142861,9.357142857142861,9.357142857142861,9.357142857142861,9.357142857142861,9.357142857142861,9.357142857142861,9.357142857142861,9.357142857142861,9.357142857142861,9.357142857142861,9.357142857142861,11.333333333333332,11.333333333333332,16.857142857142865,7.7500000000000036,7.7500000000000036,7.7500000000000036,7.7500000000000036,7.7500000000000036,7.7500000000000036,7.7500000000000036,7.7500000000000036,7.7500000000000036,7.7500000000000036,7.7500000000000036,7.7500000000000036,14.0,17.571428571428577,5.999999999999998,5.999999999999998,11.39130434782609,11.39130434782609,9.636363636363633,18.285714285714285,18.285714285714285,20.909090909090907,9.000000000000004,9.000000000000004,9.000000000000004,9.000000000000004,9.000000000000004,9.000000000000004,9.000000000000004,9.000000000000004,9.000000000000004,9.000000000000004,9.000000000000004,9.000000000000004,9.000000000000004,9.000000000000004,9.000000000000004,9.000000000000004,9.000000000000004,9.000000000000004,9.000000000000004,9.000000000000004,9.000000000000004,9.000000000000004,9.000000000000004,9.000000000000004,9.000000000000004,9.000000000000004,9.000000000000004,9.000000000000004,9.000000000000004,9.000000000000004,9.000000000000004,9.000000000000004,9.000000000000004,9.000000000000004,9.000000000000004,9.000000000000004,9.000000000000004,9.000000000000004,9.000000000000004,9.000000000000004,9.000000000000004,9.000000000000004,9.000000000000004,9.000000000000004,9.000000000000004,9.000000000000004,9.000000000000004,9.000000000000004,9.000000000000004,9.000000000000004,9.000000000000004,9.000000000000004,9.000000000000004,9.000000000000004,9.000000000000004,9.000000000000004,9.000000000000004,9.000000000000004,4.000000000000003,13.142857142857146,7.999999999999998,12.974358974358978,18.64285714285714,18.64285714285714,20.666666666666664,20.571428571428577,9.625000000000004,9.625000000000004,9.625000000000004,9.625000000000004,9.625000000000004,9.625000000000004,9.625000000000004,9.625000000000004,9.625000000000004,9.625000000000004,9.625000000000004,9.625000000000004,9.625000000000004,9.625000000000004,9.625000000000004,9.625000000000004,9.625000000000004,9.625000000000004,9.625000000000004,9.625000000000004,9.625000000000004,9.625000000000004,9.625000000000004,9.625000000000004,9.625000000000004,9.625000000000004,9.625000000000004,9.625000000000004,9.625000000000004,9.625000000000004,9.625000000000004,9.625000000000004,9.625000000000004,9.625000000000004,9.625000000000004,9.625000000000004,9.625000000000004,9.625000000000004,9.625000000000004,9.625000000000004,9.625000000000004,9.625000000000004,9.625000000000004,9.625000000000004,9.625000000000004,9.625000000000004,9.625000000000004,9.625000000000004,9.625000000000004,9.625000000000004,16.500000000000004,16.500000000000004,19.71428571428572,19.71428571428572,19.71428571428572,19.71428571428572,19.71428571428572,19.71428571428572,19.71428571428572,23.000000000000007,23.000000000000007,23.000000000000007,23.000000000000007,24.769230769230774,24.769230769230774,24.769230769230774,26.631578947368425,11.500000000000004,11.500000000000004,11.500000000000004,11.500000000000004,11.500000000000004,11.500000000000004,11.500000000000004,11.500000000000004,11.500000000000004,11.500000000000004,11.500000000000004
17.10000000000001,10.227272727272727,10.227272727272727,12.08333333333333,6.500000000000004,0.0,2.0,2.0,2.0,2.0,2.0,8.83333333333333,8.83333333333333,8.83333333333333,7.499999999999999,2.8571428571428568,2.8571428571428568,2.8571428571428568,2.8571428571428568,2.8571428571428568,2.8571428571428568,2.8571428571428568,2.8571428571428568,2.8571428571428568,2.8571428571428568,2.8571428571428568,2.8571428571428568,2.8571428571428568,2.8571428571428568,2.8571428571428568,2.8571428571428568,2.8571428571428568,2.8571428571428568,2.8571428571428568,2.8571428571428568,2.8571428571428568,2.8571428571428568,2.8571428571428568,2.8571428571428568,4.833333333333332,4.833333333333332,10.357142857142854,1.2499999999999996,1.2499999999999996,1.2499999999999996,1.2499999999999996,1.2499999999999996,1.2499999999999996,1.2499999999999996,1.2499999999999996,1.2499999999999996,1.2499999999999996,1.2499999999999996,1.2499999999999996,7.499999999999998,11.07142857142857,12.500000000000004,12.500000000000004,4.891304347826086,4.891304347826086,16.136363636363633,11.785714285714285,11.785714285714285,14.409090909090908,2.499999999999999,2.499999999999999,2.499999999999999,2.499999999999999,2.499999999999999,2.499999999999999,2.499999999999999,2.499999999999999,2.499999999999999,2.499999999999999,2.499999999999999,2.499999999999999,2.499999999999999,2.499999999999999,2.499999999999999,2.499999999999999,2.499999999999999,2.499999999999999,2.499999999999999,2.499999999999999,2.499999999999999,2.499999999999999,2.499999999999999,2.499999999999999,2.499999999999999,2.499999999999999,2.499999999999999,2.499999999999999,2.499999999999999,2.499999999999999,2.499999999999999,2.499999999999999,2.499999999999999,2.499999999999999,2.499999999999999,2.499999999999999,2.499999999999999,2.499999999999999,2.499999999999999,2.499999999999999,2.499999999999999,2.499999999999999,2.499999999999999,2.499999999999999,2.499999999999999,2.499999999999999,2.499999999999999,2.499999999999999,2.499999999999999,2.499999999999999,2.499999999999999,2.499999999999999,2.499999999999999,2.499999999999999,2.499999999999999,2.499999999999999,2.499999999999999,2.499999999999999,2.500000000000001,6.642857142857141,14.5,6.474358974358971,12.142857142857142,12.142857142857142,14.166666666666664,14.07142857142857,3.124999999999999,3.124999999999999,3.124999999999999,3.124999999999999,3.124999999999999,3.124999999999999,3.124999999999999,3.124999999999999,3.124999999999999,3.124999999999999,3.124999999999999,3.124999999999999,3.124999999999999,3.124999999999999,3.124999999999999,3.124999999999999,3.124999999999999,3.124999999999999,3.124999999999999,3.124999999999999,3.124999999999999,3.124999999999999,3.124999999999999,3.124999999999999,3.124999999999999,3.124999999999999,3.124999999999999,3.124999999999999,3.124999999999999,3.124999999999999,3.124999999999999,3.124999999999999,3.124999999999999,3.124999999999999,3.124999999999999,3.124999999999999,3.124999999999999,3.124999999999999,3.124999999999999,3.124999999999999,3.124999999999999,3.124999999999999,3.124999999999999,3.124999999999999,3.124999999999999,3.124999999999999,3.124999999999999,3.124999999999999,3.124999999999999,3.124999999999999,10.0,10.0,13.214285714285712,13.214285714285712,13.214285714285712,13.214285714285712,13.214285714285712,13.214285714285712,13.214285714285712,16.500000000000004,16.500000000000004,16.500000000000004,16.500000000000004,18.26923076923077,18.26923076923077,18.26923076923077,20.131578947368425,4.999999999999999,4.999999999999999,4.999999999999999,4.999999999999999,4.999999999999999,4.999999999999999,4.999999999999999,4.999999999999999,4.999999999999999,4.999999999999999,4.999999999999999
19.100000000000005,8.227272727272727,8.227272727272727,10.083333333333332,8.500000000000007,2.0,0.0,0.0,0.0,0.0,0.0,6.833333333333332,6.833333333333332,6.833333333333332,9.499999999999998,0.8571428571428581,0.8571428571428581,0.8571428571428581,0.8571428571428581,0.8571428571428581,0.8571428571428581,0.8571428571428581,0.8571428571428581,0.8571428571428581,0.8571428571428581,0.8571428571428581,0.8571428571428581,0.8571428571428581,0.8571428571428581,0.8571428571428581,0.8571428571428581,0.8571428571428581,0.8571428571428581,0.8571428571428581,0.8571428571428581,0.8571428571428581,0.8571428571428581,0.8571428571428581,0.8571428571428581,2.8333333333333326,2.8333333333333326,8.357142857142858,0.7500000000000007,0.7500000000000007,0.7500000000000007,0.7500000000000007,0.7500000000000007,0.7500000000000007,0.7500000000000007,0.7500000000000007,0.7500000000000007,0.7500000000000007,0.7500000000000007,0.7500000000000007,5.499999999999998,9.071428571428571,14.5,14.5,2.8913043478260865,2.8913043478260865,18.13636363636363,9.785714285714285,9.785714285714285,12.409090909090908,0.4999999999999989,0.4999999999999989,0.4999999999999989,0.4999999999999989,0.4999999999999989,0.4999999999999989,0.4999999999999989,0.4999999999999989,0.4999999999999989,0.4999999999999989,0.4999999999999989,0.4999999999999989,0.4999999999999989,0.4999999999999989,0.4999999999999989,0.4999999999999989,0.4999999999999989,0.4999999999999989,0.4999999999999989,0.4999999999999989,0.4999999999999989,0.4999999999999989,0.4999999999999989,0.4999999999999989,0.4999999999999989,0.4999999999999989,0.4999999999999989,0.4999999999999989,0.4999999999999989,0.4999999999999989,0.4999999999999989,0.4999999999999989,0.4999999999999989,0.4999999999999989,0.4999999999999989,0.4999999999999989,0.4999999999999989,0.4999999999999989,0.4999999999999989,0.4999999999999989,0.4999999999999989,0.4999999999999989,0.4999999999999989,0.4999999999999989,0.4999999999999989,0.4999999999999989,0.4999999999999989,0.4999999999999989,0.4999999999999989,0.4999999999999989,0.4999999999999989,0.4999999999999989,0.4999999999999989,0.4999999999999989,0.4999999999999989,0.4999999999999989,0.4999999999999989,0.4999999999999989,4.5,4.642857142857143,16.500000000000004,4.474358974358973,10.14285714285714,10.14285714285714,12.166666666666663,12.071428571428573,1.1249999999999993,1.1249999999999993,1.1249999999999993,1.1249999999999993,1.1249999999999993,1.1249999999999993,1.1249999999999993,1.1249999999999993,1.1249999999999993,1.1249999999999993,1.1249999999999993,1.1249999999999993,1.1249999999999993,1.1249999999999993,1.1249999999999993,1.1249999999999993,1.1249999999999993,1.1249999999999993,1.1249999999999993,1.1249999999999993,1.1249999999999993,1.1249999999999993,1.1249999999999993,1.1249999999999993,1.1249999999999993,1.1249999999999993,1.1249999999999993,1.1249999999999993,1.1249999999999993,1.1249999999999993,1.1249999999999993,1.1249999999999993,1.1249999999999993,1.1249999999999993,1.1249999999999993,1.1249999999999993,1.1249999999999993,1.1249999999999993,1.1249999999999993,1.1249999999999993,1.1249999999999993,1.1249999999999993,1.1249999999999993,1.1249999999999993,1.1249999999999993,1.1249999999999993,1.1249999999999993,1.1249999999999993,1.1249999999999993,1.1249999999999993,7.999999999999999,7.999999999999999,11.214285714285714,11.214285714285714,11.214285714285714,11.214285714285714,11.214285714285714,11.214285714285714,11.214285714285714,14.5,14.5,14.5,14.5,16.269230769230774,16.269230769230774,16.269230769230774,18.131578947368425,2.999999999999999,2.999999999999999,2.999999999999999,2.999999999999999,2.999999999999999,2.999999999999999,2.999999999999999,2.999999999999999,2.999999999999999,2.999999999999999,2.999999999999999
19.100000000000005,8.227272727272727,8.227272727272727,10.083333333333332,8.500000000000007,2.0,0.0,0.0,0.0,0.0,0.0,6.833333333333332,6.833333333333332,6.833333333333332,9.499999999999998,0.8571428571428581,0.8571428571428581,0.8571428571428581,0.8571428571428581,0.8571428571428581,0.8571428571428581,0.8571428571428581,0.8571428571428581,0.8571428571428581,0.8571428571428581,0.8571428571428581,0.8571428571428581,0.8571428571428581,0.8571428571428581,0.8571428571428581,0.8571428571428581,0.8571428571428581,0.8571428571428581,0.8571428571428581,0.8571428571428581,0.8571428571428581,0.8571428571428581,0.8571428571428581,0.8571428571428581,2.8333333333333326,2.8333333333333326,8.357142857142858,0.7500000000000007,0.7500000000000007,0.7500000000000007,0.7500000000000007,0.7500000000000007,0.7500000000000007,0.7500000000000007,0.7500000000000007,0.7500000000000007,0.7500000000000007,0.7500000000000007,0.7500000000000007,5.499999999999998,9.071428571428571,14.5,14.5,2.8913043478260865,2.8913043478260865,18.13636363636363,9.785714285714285,9.785714285714285,12.409090909090908,0.4999999999999989,0.4999999999999989,0.4999999999999989,0.4999999999999989,0.4999999999999989,0.4999999999999989,0.4999999999999989,0.4999999999999989,0.4999999999999989,0.4999999999999989,0.4999999999999989,0.4999999999999989,0.4999999999999989,0.4999999999999989,0.4999999999999989,0.4999999999999989,0.4999999999999989,0.4999999999999989,0.4999999999999989,0.4999999999999989,0.4999999999999989,0.4999999999999989,0.4999999999999989,0.4999999999999989,0.4999999999999989,0.4999999999999989,0.4999999999999989,0.4999999999999989,0.4999999999999989,0.4999999999999989,0.4999999999999989,0.4999999999999989,0.4999999999999989,0.4999999999999989,0.4999999999999989,0.4999999999999989,0.4999999999999989,0.4999999999999989,0.4999999999999989,0.4999999999999989,0.4999999999999989,0.4999999999999989,0.4999999999999989,0.4999999999999989,0.4999999999999989,0.4999999999999989,0.4999999999999989,0.4999999999999989,0.4999999999999989,0.4999999999999989,0.4999999999999989,0.4999999999999989,0.4999999999999989,0.4999999999999989,0.4999999999999989,0.4999999999999989,0.4999999999999989,0.4999999999999989,4.5,4.642857142857143,16.500000000000004,4.474358974358973,10.14285714285714,10.14285714285714,12.166666666666663,12.071428571428573,1.1249999999999993,1.1249999999999993,1.1249999999999993,1.1249999999999993,1.1249999999999993,1.1249999999999993,1.1249999999999993,1.1249999999999993,1.1249999999999993,1.1249999999999993,1.1249999999999993,1.1249999999999993,1.1249999999999993,1.1249999999999993,1.1249999999999993,1.1249999999999993,1.1249999999999993,1.1249999999999993,1.1249999999999993,1.1249999999999993,1.1249999999999993,1.1249999999999993,1.1249999999999993,1.1249999999999993,1.1249999999999993,1.1249999999999993,1.1249999999999993,1.1249999999999993,1.1249999999999993,1.1249999999999993,1.1249999999999993,1.1249999999999993,1.1249999999999993,1.1249999999999993,1.1249999999999993,1.1249999999999993,1.1249999999999993,1.1249999999999993,1.1249999999999993,1.1249999999999993,1.1249999999999993,1.1249999999999993,1.1249999999999993,1.1249999999999993,1.1249999999999993,1.1249999999999993,1.1249999999999993,1.1249999999999993,1.1249999999999993,1.1249999999999993,7.999999999999999,7.999999999999999,11.214285714285714,11.214285714285714,11.214285714285714,11.214285714285714,11.214285714285714,11.214285714285714,11.214285714285714,14.5,14.5,14.5,14.5,16.269230769230774,16.269230769230774,16.269230769230774,18.131578947368425,2.999999999999999,2.999999999999999,2.999999999999999,2.999999999999999,2.999999999999999,2.999999999999999,2.999999999999999,2.999999999999999,2.999999999999999,2.999999999999999,2.999999999999999
19.100000000000005,8.227272727272727,8.227272727272727,10.083333333333332,8.500000000000007,2.0,0.0,0.0,0.0,0.0,0.0,6.833333333333332,6.833333333333332,6.833333333333332,9.499999999999998,0.8571428571428581,0.8571428571428581,0.8571428571428581,0.8571428571428581,0.8571428571428581,0.8571428571428581,0.8571428571428581,0.8571428571428581,0.8571428571428581,0.8571428571428581,0.8571428571428581,0.8571428571428581,0.8571428571428581,0.8571428571428581,0.8571428571428581,0.8571428571428581,0.8571428571428581,0.8571428571428581,0.8571428571428581,0.8571428571428581,0.8571428571428581,0.8571428571428581,0.8571428571428581,0.8571428571428581,2.8333333333333326,2.8333333333333326,8.357142857142858,0.7500000000000007,0.7500000000000007,0.7500000000000007,0.7500000000000007,0.7500000000000007,0.7500000000000007,0.7500000000000007,0.7500000000000007,0.7500000000000007,0.7500000000000007,0.7500000000000007,0.7500000000000007,5.499999999999998,9.071428571428571,14.5,14.5,2.8913043478260865,2.8913043478260865,18.13636363636363,9.785714285714285,9.785714285714285,12.409090909090908,0.4999999999999989,0.4999999999999989,0.4999999999999989,0.4999999999999989,0.4999999999999989,0.4999999999999989,0.4999999999999989,0.4999999999999989,0.4999999999999989,0.4999999999999989,0.4999999999999989,0.4999999999999989,0.4999999999999989,0.4999999999999989,0.4999999999999989,0.4999999999999989,0.4999999999999989,0.4999999999999989,0.4999999999999989,0.4999999999999989,0.4999999999999989,0.4999999999999989,0.4999999999999989,0.4999999999999989,0.4999999999999989,0.4999999999999989,0.4999999999999989,0.4999999999999989,0.4999999999999989,0.4999999999999989,0.4999999999999989,0.4999999999999989,0.4999999999999989,0.4999999999999989,0.4999999999999989,0.4999999999999989,0.4999999999999989,0.4999999999999989,0.4999999999999989,0.4999999999999989,0.4999999999999989,0.4999999999999989,0.4999999999999989,0.4999999999999989,0.4999999999999989,0.4999999999999989,0.4999999999999989,0.4999999999999989,0.4999999999999989,0.4999999999999989,0.4999999999999989,0.4999999999999989,0.4999999999999989,0.4999999999999989,0.4999999999999989,0.4999999999999989,0.4999999999999989,0.4999999999999989,4.5,4.642857142857143,16.500000000000004,4.474358974358973,10.14285714285714,10.14285714285714,12.166666666666663,12.071428571428573,1.1249999999999993,1.1249999999999993,1.1249999999999993,1.1249999999999993,1.1249999999999993,1.1249999999999993,1.1249999999999993,1.1249999999999993,1.1249999999999993,1.1249999999999993,1.1249999999999993,1.1249999999999993,1.1249999999999993,1.1249999999999993,1.1249999999999993,1.1249999999999993,1.1249999999999993,1.1249999999999993,1.1249999999999993,1.1249999999999993,1.1249999999999993,1.1249999999999993,1.1249999999999993,1.1249999999999993,1.1249999999999993,1.1249999999999993,1.1249999999999993,1.1249999999999993,1.1249999999999993,1.1249999999999993,1.1249999999999993,1.1249999999999993,1.1249999999999993,1.1249999999999993,1.1249999999999993,1.1249999999999993,1.1249999999999993,1.1249999999999993,1.1249999999999993,1.1249999999999993,1.1249999999999993,1.1249999999999993,1.1249999999999993,1.1249999999999993,1.1249999999999993,1.1249999999999993,1.1249999999999993,1.1249999999999993,1.1249999999999993,1.1249999999999993,7.999999999999999,7.999999999999999,11.214285714285714,11.214285714285714,11.214285714285714,11.214285714285714,11.214285714285714,11.214285714285714,11.214285714285714,14.5,14.5,14.5,14.5,16.269230769230774,16.269230769230774,16.269230769230774,18.131578947368425,2.999999999999999,2.999999999999999,2.999999999999999,2.999999999999999,2.999999999999999,2.999999999999999,2.999999999999999,2.999999999999999,2.999999999999999,2.999999999999999,2.999999999999999
19.100000000000005,8.227272727272727,8.227272727272727,10.083333333333332,8.500000000000007,2.0,0.0,0.0,0.0,0.0,0.0,6.833333333333332,6.833333333333332,6.833333333333332,9.499999999999998,0.8571428571428581,0.8571428571428581,0.8571428571428581,0.8571428571428581,0.8571428571428581,0.8571428571428581,0.8571428571428581,0.8571428571428581,0.8571428571428581,0.8571428571428581,0.8571428571428581,0.8571428571428581,0.8571428571428581,0.8571428571428581,0.8571428571428581,0.8571428571428581,0.8571428571428581,0.8571428571428581,0.8571428571428581,0.8571428571428581,0.8571428571428581,0.8571428571428581,0.8571428571428581,0.8571428571428581,2.8333333333333326,2.8333333333333326,8.357142857142858,0.7500000000000007,0.7500000000000007,0.7500000000000007,0.7500000000000007,0.7500000000000007,0.7500000000000007,0.7500000000000007,0.7500000000000007,0.7500000000000007,0.7500000000000007,0.7500000000000007,0.7500000000000007,5.499999999999998,9.071428571428571,14.5,14.5,2.8913043478260865,2.8913043478260865,18.13636363636363,9.785714285714285,9.785714285714285,12.409090909090908,0.4999999999999989,0.4999999999999989,0.4999999999999989,0.4999999999999989,0.4999999999999989,0.4999999999999989,0.4999999999999989,0.4999999999999989,0.4999999999999989,0.4999999999999989,0.4999999999999989,0.4999999999999989,0.4999999999999989,0.4999999999999989,0.4999999999999989,0.4999999999999989,0.4999999999999989,0.4999999999999989,0.4999999999999989,0.4999999999999989,0.4999999999999989,0.4999999999999989,0.4999999999999989,0.4999999999999989,0.4999999999999989,0.4999999999999989,0.4999999999999989,0.4999999999999989,0.4999999999999989,0.4999999999999989,0.4999999999999989,0.4999999999999989,0.4999999999999989,0.4999999999999989,0.4999999999999989,0.4999999999999989,0.4999999999999989,0.4999999999999989,0.4999999999999989,0.4999999999999989,0.4999999999999989,0.4999999999999989,0.4999999999999989,0.4999999999999989,0.4999999999999989,0.4999999999999989,0.4999999999999989,0.4999999999999989,0.4999999999999989,0.4999999999999989,0.4999999999999989,0.4999999999999989,0.4999999999999989,0.4999999999999989,0.4999999999999989,0.4999999999999989,0.4999999999999989,0.4999999999999989,4.5,4.642857142857143,16.500000000000004,4.474358974358973,10.14285714285714,10.14285714285714,12.166666666666663,12.071428571428573,1.1249999999999993,1.1249999999999993,1.1249999999999993,1.1249999999999993,1.1249999999999993,1.1249999999999993,1.1249999999999993,1.1249999999999993,1.1249999999999993,1.1249999999999993,1.1249999999999993,1.1249999999999993,1.1249999999999993,1.1249999999999993,1.1249999999999993,1.1249999999999993,1.1249999999999993,1.1249999999999993,1.1249999999999993,1.1249999999999993,1.1249999999999993,1.1249999999999993,1.1249999999999993,1.1249999999999993,1.1249999999999993,1.1249999999999993,1.1249999999999993,1.1249999999999993,1.1249999999999993,1.1249999999999993,1.1249999999999993,1.1249999999999993,1.1249999999999993,1.1249999999999993,1.1249999999999993,1.1249999999999993,1.1249999999999993,1.1249999999999993,1.1249999999999993,1.1249999999999993,1.1249999999999993,1.1249999999999993,1.1249999999999993,1.1249999999999993,1.1249999999999993,1.1249999999999993,1.1249999999999993,1.1249999999999993,1.1249999999999993,1.1249999999999993,7.999999999999999,7.999999999999999,11.214285714285714,11.214285714285714,11.214285714285714,11.214285714285714,11.214285714285714,11.214285714285714,11.214285714285714,14.5,14.5,14.5,14.5,16.269230769230774,16.269230769230774,16.269230769230774,18.131578947368425,2.999999999999999,2.999999999999999,2.999999999999999,2.999999999999999,2.999999999999999,2.999999999999999,2.999999999999999,2.999999999999999,2.999999999999999,2.999999999999999,2.999999999999999
19.100000000000005,8.227272727272727,8.227272727272727,10.083333333333332,8.500000000000007,2.0,0.0,0.0,0.0,0.0,0.0,6.833333333333332,6.833333333333332,6.833333333333332,9.499999999999998,0.8571428571428581,0.8571428571428581,0.8571428571428581,0.8571428571428581,0.8571428571428581,0.8571428571428581,0.8571428571428581,0.8571428571428581,0.8571428571428581,0.8571428571428581,0.8571428571428581,0.8571428571428581,0.8571428571428581,0.8571428571428581,0.8571428571428581,0.8571428571428581,0.8571428571428581,0.8571428571428581,0.8571428571428581,0.8571428571428581,0.8571428571428581,0.8571428571428581,0.8571428571428581,0.8571428571428581,2.8333333333333326,2.8333333333333326,8.357142857142858,0.7500000000000007,0.7500000000000007,0.7500000000000007,0.7500000000000007,0.7500000000000007,0.7500000000000007,0.7500000000000007,0.7500000000000007,0.7500000000000007,0.7500000000000007,0.7500000000000007,0.7500000000000007,5.499999999999998,9.071428571428571,14.5,14.5,2.8913043478260865,2.8913043478260865,18.13636363636363,9.785714285714285,9.785714285714285,12.409090909090908,0.4999999999999989,0.4999999999999989,0.4999999999999989,0.4999999999999989,0.4999999999999989,0.4999999999999989,0.4999999999999989,0.4999999999999989,0.4999999999999989,0.4999999999999989,0.4999999999999989,0.4999999999999989,0.4999999999999989,0.4999999999999989,0.4999999999999989,0.4999999999999989,0.4999999999999989,0.4999999999999989,0.4999999999999989,0.4999999999999989,0.4999999999999989,0.4999999999999989,0.4999999999999989,0.4999999999999989,0.4999999999999989,0.4999999999999989,0.4999999999999989,0.4999999999999989,0.4999999999999989,0.4999999999999989,0.4999999999999989,0.4999999999999989,0.4999999999999989,0.4999999999999989,0.4999999999999989,0.4999999999999989,0.4999999999999989,0.4999999999999989,0.4999999999999989,0.4999999999999989,0.4999999999999989,0.4999999999999989,0.4999999999999989,0.4999999999999989,0.4999999999999989,0.4999999999999989,0.4999999999999989,0.4999999999999989,0.4999999999999989,0.4999999999999989,0.4999999999999989,0.4999999999999989,0.4999999999999989,0.4999999999999989,0.4999999999999989,0.4999999999999989,0.4999999999999989,0.4999999999999989,4.5,4.642857142857143,16.500000000000004,4.474358974358973,10.14285714285714,10.14285714285714,12.166666666666663,12.071428571428573,1.1249999999999993,1.1249999999999993,1.1249999999999993,1.1249999999999993,1.1249999999999993,1.1249999999999993,1.1249999999999993,1.1249999999999993,1.1249999999999993,1.1249999999999993,1.1249999999999993,1.1249999999999993,1.1249999999999993,1.1249999999999993,1.1249999999999993,1.1249999999999993,1.1249999999999993,1.1249999999999993,1.1249999999999993,1.1249999999999993,1.1249999999999993,1.1249999999999993,1.1249999999999993,1.1249999999999993,1.1249999999999993,1.1249999999999993,1.1249999999999993,1.1249999999999993,1.1249999999999993,1.1249999999999993,1.1249999999999993,1.1249999999999993,1.1249999999999993,1.1249999999999993,1.1249999999999993,1.1249999999999993,1.1249999999999993,1.1249999999999993,1.1249999999999993,1.1249999999999993,1.1249999999999993,1.1249999999999993,1.1249999999999993,1.1249999999999993,1.1249999999999993,1.1249999999999993,1.1249999999999993,1.1249999999999993,1.1249999999999993,1.1249999999999993,7.999999999999999,7.999999999999999,11.214285714285714,11.214285714285714,11.214285714285714,11.214285714285714,11.214285714285714,11.214285714285714,11.214285714285714,14.5,14.5,14.5,14.5,16.269230769230774,16.269230769230774,16.269230769230774,18.131578947368425,2.999999999999999,2.999999999999999,2.999999999999999,2.999999999999999,2.999999999999999,2.999999999999999,2.999999999999999,2.999999999999999,2.999999999999999,2.999999999999999,2.999999999999999
25.933333333333334,1.393939393939395,1.393939393939395,3.2500000000000018,15.333333333333332,8.83333333333333,6.833333333333332,6.833333333333332,6.833333333333332,6.833333333333332,6.833333333333332,0.0,0.0,0.0,16.333333333333336,5.9761904761904745,5.9761904761904745,5.9761904761904745,5.9761904761904745,5.9761904761904745,5.9761904761904745,5.9761904761904745,5.9761904761904745,5.9761904761904745,5.9761904761904745,5.9761904761904745,5.9761904761904745,5.9761904761904745,5.9761904761904745,5.9761904761904745,5.9761904761904745,5.9761904761904745,5.9761904761904745,5.9761904761904745,5.9761904761904745,5.9761904761904745,5.9761904761904745,5.9761904761904745,5.9761904761904745,3.999999999999999,3.999999999999999,1.523809523809526,7.583333333333334,7.583333333333334,7.583333333333334,7.583333333333334,7.583333333333334,7.583333333333334,7.583333333333334,7.583333333333334,7.583333333333334,7.583333333333334,7.583333333333334,7.583333333333334,1.3333333333333317,2.2380952380952386,21.333333333333336,21.333333333333336,3.9420289855072457,3.9420289855072457,24.969696969696958,2.952380952380953,2.952380952380953,5.57575757575758,6.333333333333334,6.333333333333334,6.333333333333334,6.333333333333334,6.333333333333334,6.333333333333334,6.333333333333334,6.333333333333334,6.333333333333334,6.333333333333334,6.333333333333334,6.333333333333334,6.333333333333334,6.333333333333334,6.333333333333334,6.333333333333334,6.333333333333334,6.333333333333334,6.333333333333334,6.333333333333334,6.333333333333334,6.333333333333334,6.333333333333334,6.333333333333334,6.333333333333334,6.333333333333334,6.333333333333334,6.333333333333334,6.333333333333334,6.333333333333334,6.333333333333334,6.333333333333334,6.333333333333334,6.333333333333334,6.333333333333334,6.333333333333334,6.333333333333334,6.333333333333334,6.333333333333334,6.333333333333334,6.333333333333334,6.333333333333334,6.333333333333334,6.333333333333334,6.333333333333334,6.333333333333334,6.333333333333334,6.333333333333334,6.333333333333334,6.333333333333334,6.333333333333334,6.333333333333334,6.333333333333334,6.333333333333334,6.333333333333334,6.333333333333334,6.333333333333334,6.333333333333334,11.333333333333332,2.1904761904761885,23.333333333333332,2.3589743589743586,3.309523809523809,3.309523809523809,5.333333333333336,5.238095238095242,5.708333333333332,5.708333333333332,5.708333333333332,5.708333333333332,5.708333333333332,5.708333333333332,5.708333333333332,5.708333333333332,5.708333333333332,5.708333333333332,5.708333333333332,5.708333333333332,5.708333333333332,5.708333333333332,5.708333333333332,5.708333333333332,5.708333333333332,5.708333333333332,5.708333333333332,5.708333333333332,5.708333333333332,5.708333333333332,5.708333333333332,5.708333333333332,5.708333333333332,5.708333333333332,5.708333333333332,5.708333333333332,5.708333333333332,5.708333333333332,5.708333333333332,5.708333333333332,5.708333333333332,5.708333333333332,5.708333333333332,5.708333333333332,5.708333333333332,5.708333333333332,5.708333333333332,5.708333333333332,5.708333333333332,5.708333333333332,5.708333333333332,5.708333333333332,5.708333333333332,5.708333333333332,5.708333333333332,5.708333333333332,5.708333333333332,5.708333333333332,2.833333333333334,2.833333333333334,4.380952380952382,4.380952380952382,4.380952380952382,4.380952380952382,4.380952380952382,4.380952380952382,4.380952380952382,7.666666666666666,7.666666666666666,7.666666666666666,7.666666666666666,9.435897435897434,9.435897435897434,9.435897435897434,11.29824561403509,3.8333333333333326,3.8333333333333326,3.8333333333333326,3.8333333333333326,3.8333333333333326,3.8333333333333326,3.8333333333333326,3.8333333333333326,3.8333333333333326,3.8333333333333326,3.8333333333333326
25.933333333333334,1.393939393939395,1.393939393939395,3.2500000000000018,15.333333333333332,8.83333333333333,6.833333333333332,6.833333333333332,6.833333333333332,6.833333333333332,6.833333333333332,0.0,0.0,0.0,16.333333333333336,5.9761904761904745,5.9761904761904745,5.9761904761904745,5.9761904761904745,5.9761904761904745,5.9761904761904745,5.9761904761904745,5.9761904761904745,5.9761904761904745,5.9761904761904745,5.9761904761904745,5.9761904761904745,5.9761904761904745,5.9761904761904745,5.9761904761904745,5.9761904761904745,5.9761904761904745,5.9761904761904745,5.9761904761904745,5.9761904761904745,5.9761904761904745,5.9761904761904745,5.9761904761904745,5.9761904761904745,3.999999999999999,3.999999999999999,1.523809523809526,7.583333333333334,7.583333333333334,7.583333333333334,7.583333333333334,7.583333333333334,7.583333333333334,7.583333333333334,7.583333333333334,7.583333333333334,7.583333333333334,7.583333333333334,7.583333333333334,1.3333333333333317,2.2380952380952386,21.333333333333336,21.333333333333336,3.9420289855072457,3.9420289855072457,24.969696969696958,2.952380952380953,2.952380952380953,5.57575757575758,6.333333333333334,6.333333333333334,6.333333333333334,6.333333333333334,6.333333333333334,6.333333333333334,6.333333333333334,6.333333333333334,6.333333333333334,6.333333333333334,6.333333333333334,6.333333333333334,6.333333333333334,6.333333333333334,6.333333333333334,6.333333333333334,6.333333333333334,6.333333333333334,6.333333333333334,6.333333333333334,6.333333333333334,6.333333333333334,6.333333333333334,6.333333333333334,6.333333333333334,6.333333333333334,6.333333333333334,6.333333333333334,6.333333333333334,6.333333333333334,6.333333333333334,6.333333333333334,6.333333333333334,6.333333333333334,6.333333333333334,6.333333333333334,6.333333333333334,6.333333333333334,6.333333333333334,6.333333333333334,6.333333333333334,6.333333333333334,6.333333333333334,6.333333333333334,6.333333333333334,6.333333333333334,6.333333333333334,6.333333333333334,6.333333333333334,6.333333333333334,6.333333333333334,6.333333333333334,6.333333333333334,6.333333333333334,6.333333333333334,6.333333333333334,6.333333333333334,6.333333333333334,11.333333333333332,2.1904761904761885,23.333333333333332,2.3589743589743586,3.309523809523809,3.309523809523809,5.333333333333336,5.238095238095242,5.708333333333332,5.708333333333332,5.708333333333332,5.708333333333332,5.708333333333332,5.708333333333332,5.708333333333332,5.708333333333332,5.708333333333332,5.708333333333332,5.708333333333332,5.708333333333332,5.708333333333332,5.708333333333332,5.708333333333332,5.708333333333332,5.708333333333332,5.708333333333332,5.708333333333332,5.708333333333332,5.708333333333332,5.708333333333332,5.708333333333332,5.708333333333332,5.708333333333332,5.708333333333332,5.708333333333332,5.708333333333332,5.708333333333332,5.708333333333332,5.708333333333332,5.708333333333332,5.708333333333332,5.708333333333332,5.708333333333332,5.708333333333332,5.708333333333332,5.708333333333332,5.708333333333332,5.708333333333332,5.708333333333332,5.708333333333332,5.708333333333332,5.708333333333332,5.708333333333332,5.708333333333332,5.708333333333332,5.708333333333332,5.708333333333332,5.708333333333332,2.833333333333334,2.833333333333334,4.380952380952382,4.380952380952382,4.380952380952382,4.380952380952382,4.380952380952382,4.380952380952382,4.380952380952382,7.666666666666666,7.666666666666666,7.666666666666666,7.666666666666666,9.435897435897434,9.435897435897434,9.435897435897434,11.29824561403509,3.8333333333333326,3.8333333333333326,3.8333333333333326,3.8333333333333326,3.8333333333333326,3.8333333333333326,3.8333333333333326,3.8333333333333326,3.8333333333333326,3.8333333333333326,3.8333333333333326
25.933333333333334,1.393939393939395,1.393939393939395,3.2500000000000018,15.333333333333332,8.83333333333333,6.833333333333332,6.833333333333332,6.833333333333332,6.833333333333332,6.833333333333332,0.0,0.0,0.0,16.333333333333336,5.9761904761904745,5.9761904761904745,5.9761904761904745,5.9761904761904745,5.9761904761904745,5.9761904761904745,5.9761904761904745,5.9761904761904745,5.9761904761904745,5.9761904761904745,5.9761904761904745,5.9761904761904745,5.9761904761904745,5.9761904761904745,5.9761904761904745,5.9761904761904745,5.9761904761904745,5.9761904761904745,5.9761904761904745,5.9761904761904745,5.9761904761904745,5.9761904761904745,5.9761904761904745,5.9761904761904745,3.999999999999999,3.999999999999999,1.523809523809526,7.583333333333334,7.583333333333334,7.583333333333334,7.583333333333334,7.583333333333334,7.583333333333334,7.583333333333334,7.583333333333334,7.583333333333334,7.583333333333334,7.583333333333334,7.583333333333334,1.3333333333333317,2.2380952380952386,21.333333333333336,21.333333333333336,3.9420289855072457,3.9420289855072457,24.969696969696958,2.952380952380953,2.952380952380953,5.57575757575758,6.333333333333334,6.333333333333334,6.333333333333334,6.333333333333334,6.333333333333334,6.333333333333334,6.333333333333334,6.333333333333334,6.333333333333334,6.333333333333334,6.333333333333334,6.333333333333334,6.333333333333334,6.333333333333334,6.333333333333334,6.333333333333334,6.333333333333334,6.333333333333334,6.333333333333334,6.333333333333334,6.333333333333334,6.333333333333334,6.333333333333334,6.333333333333334,6.333333333333334,6.333333333333334,6.333333333333334,6.333333333333334,6.333333333333334,6.333333333333334,6.333333333333334,6.333333333333334,6.333333333333334,6.333333333333334,6.333333333333334,6.333333333333334,6.333333333333334,6.333333333333334,6.333333333333334,6.333333333333334,6.333333333333334,6.333333333333334,6.333333333333334,6.333333333333334,6.333333333333334,6.333333333333334,6.333333333333334,6.333333333333334,6.333333333333334,6.333333333333334,6.333333333333334,6.333333333333334,6.333333333333334,6.333333333333334,6.333333333333334,6.333333333333334,6.333333333333334,6.333333333333334,11.333333333333332,2.1904761904761885,23.333333333333332,2.3589743589743586,3.309523809523809,3.309523809523809,5.333333333333336,5.238095238095242,5.708333333333332,5.708333333333332,5.708333333333332,5.708333333333332,5.708333333333332,5.708333333333332,5.708333333333332,5.708333333333332,5.708333333333332,5.708333333333332,5.708333333333332,5.708333333333332,5.708333333333332,5.708333333333332,5.708333333333332,5.708333333333332,5.708333333333332,5.708333333333332,5.708333333333332,5.708333333333332,5.708333333333332,5.708333333333332,5.708333333333332,5.708333333333332,5.708333333333332,5.708333333333332,5.708333333333332,5.708333333333332,5.708333333333332,5.708333333333332,5.708333333333332,5.708333333333332,5.708333333333332,5.708333333333332,5.708333333333332,5.708333333333332,5.708333333333332,5.708333333333332,5.708333333333332,5.708333333333332,5.708333333333332,5.708333333333332,5.708333333333332,5.708333333333332,5.708333333333332,5.708333333333332,5.708333333333332,5.708333333333332,5.708333333333332,5.708333333333332,2.833333333333334,2.833333333333334,4.380952380952382,4.380952380952382,4.380952380952382,4.380952380952382,4.380952380952382,4.380952380952382,4.380952380952382,7.666666666666666,7.666666666666666,7.666666666666666,7.666666666666666,9.435897435897434,9.435897435897434,9.435897435897434,11.29824561403509,3.8333333333333326,3.8333333333333326,3.8333333333333326,3.8333333333333326,3.8333333333333326,3.8333333333333326,3.8333333333333326,3.8333333333333326,3.8333333333333326,3.8333333333333326,3.8333333333333326
9.600000000000005,17.727272727272727,17.727272727272727,19.58333333333333,2.4285714285714275,7.499999999999999,9.499999999999998,9.499999999999998,9.499999999999998,9.499999999999998,9.499999999999998,16.333333333333336,16.333333333333336,16.333333333333336,0.0,10.357142857142854,10.357142857142854,10.357142857142854,10.357142857142854,10.357142857142854,10.357142857142854,10.357142857142854,10.357142857142854,10.357142857142854,10.357142857142854,10.357142857142854,10.357142857142854,10.357142857142854,10.357142857142854,10.357142857142854,10.357142857142854,10.357142857142854,10.357142857142854,10.357142857142854,10.357142857142854,10.357142857142854,10.357142857142854,10.357142857142854,10.357142857142854,12.333333333333334,12.333333333333334,17.857142857142858,8.749999999999998,8.749999999999998,8.749999999999998,8.749999999999998,8.749999999999998,8.749999999999998,8.749999999999998,8.749999999999998,8.749999999999998,8.749999999999998,8.749999999999998,8.749999999999998,15.0,18.57142857142857,5.000000000000002,5.000000000000002,12.391304347826088,12.391304347826088,8.636363636363633,19.28571428571428,19.28571428571428,21.90909090909091,9.999999999999996,9.999999999999996,9.999999999999996,9.999999999999996,9.999999999999996,9.999999999999996,9.999999999999996,9.999999999999996,9.999999999999996,9.999999999999996,9.999999999999996,9.999999999999996,9.999999999999996,9.999999999999996,9.999999999999996,9.999999999999996,9.999999999999996,9.999999999999996,9.999999999999996,9.999999999999996,9.999999999999996,9.999999999999996,9.999999999999996,9.999999999999996,9.999999999999996,9.999999999999996,9.999999999999996,9.999999999999996,9.999999999999996,9.999999999999996,9.999999999999996,9.999999999999996,9.999999999999996,9.999999999999996,9.999999999999996,9.999999999999996,9.999999999999996,9.999999999999996,9.999999999999996,9.999999999999996,9.999999999999996,9.999999999999996,9.999999999999996,9.999999999999996,9.999999999999996,9.999999999999996,9.999999999999996,9.999999999999996,9.999999999999996,9.999999999999996,9.999999999999996,9.999999999999996,9.999999999999996,9.999999999999996,9.999999999999996,9.999999999999996,9.999999999999996,9.999999999999996,4.999999999999999,14.14285714285714,7.000000000000003,13.974358974358971,19.64285714285714,19.64285714285714,21.66666666666667,21.57142857142857,10.624999999999998,10.624999999999998,10.624999999999998,10.624999999999998,10.624999999999998,10.624999999999998,10.624999999999998,10.624999999999998,10.624999999999998,10.624999999999998,10.624999999999998,10.624999999999998,10.624999999999998,10.624999999999998,10.624999999999998,10.624999999999998,10.624999999999998,10.624999999999998,10.624999999999998,10.624999999999998,10.624999999999998,10.624999999999998,10.624999999999998,10.624999999999998,10.624999999999998,10.624999999999998,10.624999999999998,10.624999999999998,10.624999999999998,10.624999999999998,10.624999999999998,10.624999999999998,10.624999999999998,10.624999999999998,10.624999999999998,10.624999999999998,10.624999999999998,10.624999999999998,10.624999999999998,10.624999999999998,10.624999999999998,10.624999999999998,10.624999999999998,10.624999999999998,10.624999999999998,10.624999999999998,10.624999999999998,10.624999999999998,10.624999999999998,10.624999999999998,17.499999999999993,17.499999999999993,20.714285714285708,20.714285714285708,20.714285714285708,20.714285714285708,20.714285714285708,20.714285714285708,20.714285714285708,23.999999999999993,23.999999999999993,23.999999999999993,23.999999999999993,25.769230769230766,25.769230769230766,25.769230769230766,27.63157894736842,12.499999999999998,12.499999999999998,12.499999999999998,12.499999999999998,12.499999999999998,12.499999999999998,12.499999999999998,12.499999999999998,12.499999999999998,12.499999999999998,12.499999999999998
19.95714285714287,7.370129870129869,7.370129870129869,9.226190476190476,9.357142857142861,2.8571428571428568,0.8571428571428581,0.8571428571428581,0.8571428571428581,0.8571428571428581,0.8571428571428581,5.9761904761904745,5.9761904761904745,5.9761904761904745,10.357142857142854,0.0,0.0,0.0,0.0,0.0,0.0,0.0,0.0,0.0,0.0,0.0,0.0,0.0,0.0,0.0,0.0,0.0,0.0,0.0,0.0,0.0,0.0,0.0,0.0,1.9761904761904745,1.9761904761904745,7.499999999999999,1.6071428571428588,1.6071428571428588,1.6071428571428588,1.6071428571428588,1.6071428571428588,1.6071428571428588,1.6071428571428588,1.6071428571428588,1.6071428571428588,1.6071428571428588,1.6071428571428588,1.6071428571428588,4.642857142857142,8.214285714285712,15.357142857142865,15.357142857142865,2.034161490683229,2.034161490683229,18.993506493506494,8.928571428571427,8.928571428571427,11.551948051948049,0.357142857142861,0.357142857142861,0.357142857142861,0.357142857142861,0.357142857142861,0.357142857142861,0.357142857142861,0.357142857142861,0.357142857142861,0.357142857142861,0.357142857142861,0.357142857142861,0.357142857142861,0.357142857142861,0.357142857142861,0.357142857142861,0.357142857142861,0.357142857142861,0.357142857142861,0.357142857142861,0.357142857142861,0.357142857142861,0.357142857142861,0.357142857142861,0.357142857142861,0.357142857142861,0.357142857142861,0.357142857142861,0.357142857142861,0.357142857142861,0.357142857142861,0.357142857142861,0.357142857142861,0.357142857142861,0.357142857142861,0.357142857142861,0.357142857142861,0.357142857142861,0.357142857142861,0.357142857142861,0.357142857142861,0.357142857142861,0.357142857142861,0.357142857142861,0.357142857142861,0.357142857142861,0.357142857142861,0.357142857142861,0.357142857142861,0.357142857142861,0.357142857142861,0.357142857142861,0.357142857142861,0.357142857142861,0.357142857142861,0.357142857142861,0.357142857142861,0.357142857142861,5.3571428571428585,3.785714285714286,17.35714285714286,3.6172161172161146,9.285714285714283,9.285714285714283,11.309523809523807,11.214285714285714,0.26785714285714257,0.26785714285714257,0.26785714285714257,0.26785714285714257,0.26785714285714257,0.26785714285714257,0.26785714285714257,0.26785714285714257,0.26785714285714257,0.26785714285714257,0.26785714285714257,0.26785714285714257,0.26785714285714257,0.26785714285714257,0.26785714285714257,0.26785714285714257,0.26785714285714257,0.26785714285714257,0.26785714285714257,0.26785714285714257,0.26785714285714257,0.26785714285714257,0.26785714285714257,0.26785714285714257,0.26785714285714257,0.26785714285714257,0.26785714285714257,0.26785714285714257,0.26785714285714257,0.26785714285714257,0.26785714285714257,0.26785714285714257,0.26785714285714257,0.26785714285714257,0.26785714285714257,0.26785714285714257,0.26785714285714257,0.26785714285714257,0.26785714285714257,0.26785714285714257,0.26785714285714257,0.26785714285714257,0.26785714285714257,0.26785714285714257,0.26785714285714257,0.26785714285714257,0.26785714285714257,0.26785714285714257,0.26785714285714257,0.26785714285714257,7.142857142857143,7.142857142857143,10.357142857142854,10.357142857142854,10.357142857142854,10.357142857142854,10.357142857142854,10.357142857142854,10.357142857142854,13.642857142857142,13.642857142857142,13.642857142857142,13.642857142857142,15.412087912087909,15.412087912087909,15.412087912087909,17.274436090225564,2.1428571428571423,2.1428571428571423,2.1428571428571423,2.1428571428571423,2.1428571428571423,2.1428571428571423,2.1428571428571423,2.1428571428571423,2.1428571428571423,2.1428571428571423,2.1428571428571423
19.95714285714287,7.370129870129869,7.370129870129869,9.226190476190476,9.357142857142861,2.8571428571428568,0.8571428571428581,0.8571428571428581,0.8571428571428581,0.8571428571428581,0.8571428571428581,5.9761904761904745,5.9761904761904745,5.9761904761904745,10.357142857142854,0.0,0.0,0.0,0.0,0.0,0.0,0.0,0.0,0.0,0.0,0.0,0.0,0.0,0.0,0.0,0.0,0.0,0.0,0.0,0.0,0.0,0.0,0.0,0.0,1.9761904761904745,1.9761904761904745,7.499999999999999,1.6071428571428588,1.6071428571428588,1.6071428571428588,1.6071428571428588,1.6071428571428588,1.6071428571428588,1.6071428571428588,1.6071428571428588,1.6071428571428588,1.6071428571428588,1.6071428571428588,1.6071428571428588,4.642857142857142,8.214285714285712,15.357142857142865,15.357142857142865,2.034161490683229,2.034161490683229,18.993506493506494,8.928571428571427,8.928571428571427,11.551948051948049,0.357142857142861,0.357142857142861,0.357142857142861,0.357142857142861,0.357142857142861,0.357142857142861,0.357142857142861,0.357142857142861,0.357142857142861,0.357142857142861,0.357142857142861,0.357142857142861,0.357142857142861,0.357142857142861,0.357142857142861,0.357142857142861,0.357142857142861,0.357142857142861,0.357142857142861,0.357142857142861,0.357142857142861,0.357142857142861,0.357142857142861,0.357142857142861,0.357142857142861,0.357142857142861,0.357142857142861,0.357142857142861,0.357142857142861,0.357142857142861,0.357142857142861,0.357142857142861,0.357142857142861,0.357142857142861,0.357142857142861,0.357142857142861,0.357142857142861,0.357142857142861,0.357142857142861,0.357142857142861,0.357142857142861,0.357142857142861,0.357142857142861,0.357142857142861,0.357142857142861,0.357142857142861,0.357142857142861,0.357142857142861,0.357142857142861,0.357142857142861,0.357142857142861,0.357142857142861,0.357142857142861,0.357142857142861,0.357142857142861,0.357142857142861,0.357142857142861,0.357142857142861,5.3571428571428585,3.785714285714286,17.35714285714286,3.6172161172161146,9.285714285714283,9.285714285714283,11.309523809523807,11.214285714285714,0.26785714285714257,0.26785714285714257,0.26785714285714257,0.26785714285714257,0.26785714285714257,0.26785714285714257,0.26785714285714257,0.26785714285714257,0.26785714285714257,0.26785714285714257,0.26785714285714257,0.26785714285714257,0.26785714285714257,0.26785714285714257,0.26785714285714257,0.26785714285714257,0.26785714285714257,0.26785714285714257,0.26785714285714257,0.26785714285714257,0.26785714285714257,0.26785714285714257,0.26785714285714257,0.26785714285714257,0.26785714285714257,0.26785714285714257,0.26785714285714257,0.26785714285714257,0.26785714285714257,0.26785714285714257,0.26785714285714257,0.26785714285714257,0.26785714285714257,0.26785714285714257,0.26785714285714257,0.26785714285714257,0.26785714285714257,0.26785714285714257,0.26785714285714257,0.26785714285714257,0.26785714285714257,0.26785714285714257,0.26785714285714257,0.26785714285714257,0.26785714285714257,0.26785714285714257,0.26785714285714257,0.26785714285714257,0.26785714285714257,0.26785714285714257,7.142857142857143,7.142857142857143,10.357142857142854,10.357142857142854,10.357142857142854,10.357142857142854,10.357142857142854,10.357142857142854,10.357142857142854,13.642857142857142,13.642857142857142,13.642857142857142,13.642857142857142,15.412087912087909,15.412087912087909,15.412087912087909,17.274436090225564,2.1428571428571423,2.1428571428571423,2.1428571428571423,2.1428571428571423,2.1428571428571423,2.1428571428571423,2.1428571428571423,2.1428571428571423,2.1428571428571423,2.1428571428571423,2.1428571428571423
19.95714285714287,7.370129870129869,7.370129870129869,9.226190476190476,9.357142857142861,2.8571428571428568,0.8571428571428581,0.8571428571428581,0.8571428571428581,0.8571428571428581,0.8571428571428581,5.9761904761904745,5.9761904761904745,5.9761904761904745,10.357142857142854,0.0,0.0,0.0,0.0,0.0,0.0,0.0,0.0,0.0,0.0,0.0,0.0,0.0,0.0,0.0,0.0,0.0,0.0,0.0,0.0,0.0,0.0,0.0,0.0,1.9761904761904745,1.9761904761904745,7.499999999999999,1.6071428571428588,1.6071428571428588,1.6071428571428588,1.6071428571428588,1.6071428571428588,1.6071428571428588,1.6071428571428588,1.6071428571428588,1.6071428571428588,1.6071428571428588,1.6071428571428588,1.6071428571428588,4.642857142857142,8.214285714285712,15.357142857142865,15.357142857142865,2.034161490683229,2.034161490683229,18.993506493506494,8.928571428571427,8.928571428571427,11.551948051948049,0.357142857142861,0.357142857142861,0.357142857142861,0.357142857142861,0.357142857142861,0.357142857142861,0.357142857142861,0.357142857142861,0.357142857142861,0.357142857142861,0.357142857142861,0.357142857142861,0.357142857142861,0.357142857142861,0.357142857142861,0.357142857142861,0.357142857142861,0.357142857142861,0.357142857142861,0.357142857142861,0.357142857142861,0.357142857142861,0.357142857142861,0.357142857142861,0.357142857142861,0.357142857142861,0.357142857142861,0.357142857142861,0.357142857142861,0.357142857142861,0.357142857142861,0.357142857142861,0.357142857142861,0.357142857142861,0.357142857142861,0.357142857142861,0.357142857142861,0.357142857142861,0.357142857142861,0.357142857142861,0.357142857142861,0.357142857142861,0.357142857142861,0.357142857142861,0.357142857142861,0.357142857142861,0.357142857142861,0.357142857142861,0.357142857142861,0.357142857142861,0.357142857142861,0.357142857142861,0.357142857142861,0.357142857142861,0.357142857142861,0.357142857142861,0.357142857142861,0.357142857142861,5.3571428571428585,3.785714285714286,17.35714285714286,3.6172161172161146,9.285714285714283,9.285714285714283,11.309523809523807,11.214285714285714,0.26785714285714257,0.26785714285714257,0.26785714285714257,0.26785714285714257,0.26785714285714257,0.26785714285714257,0.26785714285714257,0.26785714285714257,0.26785714285714257,0.26785714285714257,0.26785714285714257,0.26785714285714257,0.26785714285714257,0.26785714285714257,0.26785714285714257,0.26785714285714257,0.26785714285714257,0.26785714285714257,0.26785714285714257,0.26785714285714257,0.26785714285714257,0.26785714285714257,0.26785714285714257,0.26785714285714257,0.26785714285714257,0.26785714285714257,0.26785714285714257,0.26785714285714257,0.26785714285714257,0.26785714285714257,0.26785714285714257,0.26785714285714257,0.26785714285714257,0.26785714285714257,0.26785714285714257,0.26785714285714257,0.26785714285714257,0.26785714285714257,0.26785714285714257,0.26785714285714257,0.26785714285714257,0.26785714285714257,0.26785714285714257,0.26785714285714257,0.26785714285714257,0.26785714285714257,0.26785714285714257,0.26785714285714257,0.26785714285714257,0.26785714285714257,7.142857142857143,7.142857142857143,10.357142857142854,10.357142857142854,10.357142857142854,10.357142857142854,10.357142857142854,10.357142857142854,10.357142857142854,13.642857142857142,13.642857142857142,13.642857142857142,13.642857142857142,15.412087912087909,15.412087912087909,15.412087912087909,17.274436090225564,2.1428571428571423,2.1428571428571423,2.1428571428571423,2.1428571428571423,2.1428571428571423,2.1428571428571423,2.1428571428571423,2.1428571428571423,2.1428571428571423,2.1428571428571423,2.1428571428571423
19.95714285714287,7.370129870129869,7.370129870129869,9.226190476190476,9.357142857142861,2.8571428571428568,0.8571428571428581,0.8571428571428581,0.8571428571428581,0.8571428571428581,0.8571428571428581,5.9761904761904745,5.9761904761904745,5.9761904761904745,10.357142857142854,0.0,0.0,0.0,0.0,0.0,0.0,0.0,0.0,0.0,0.0,0.0,0.0,0.0,0.0,0.0,0.0,0.0,0.0,0.0,0.0,0.0,0.0,0.0,0.0,1.9761904761904745,1.9761904761904745,7.499999999999999,1.6071428571428588,1.6071428571428588,1.6071428571428588,1.6071428571428588,1.6071428571428588,1.6071428571428588,1.6071428571428588,1.6071428571428588,1.6071428571428588,1.6071428571428588,1.6071428571428588,1.6071428571428588,4.642857142857142,8.214285714285712,15.357142857142865,15.357142857142865,2.034161490683229,2.034161490683229,18.993506493506494,8.928571428571427,8.928571428571427,11.551948051948049,0.357142857142861,0.357142857142861,0.357142857142861,0.357142857142861,0.357142857142861,0.357142857142861,0.357142857142861,0.357142857142861,0.357142857142861,0.357142857142861,0.357142857142861,0.357142857142861,0.357142857142861,0.357142857142861,0.357142857142861,0.357142857142861,0.357142857142861,0.357142857142861,0.357142857142861,0.357142857142861,0.357142857142861,0.357142857142861,0.357142857142861,0.357142857142861,0.357142857142861,0.357142857142861,0.357142857142861,0.357142857142861,0.357142857142861,0.357142857142861,0.357142857142861,0.357142857142861,0.357142857142861,0.357142857142861,0.357142857142861,0.357142857142861,0.357142857142861,0.357142857142861,0.357142857142861,0.357142857142861,0.357142857142861,0.357142857142861,0.357142857142861,0.357142857142861,0.357142857142861,0.357142857142861,0.357142857142861,0.357142857142861,0.357142857142861,0.357142857142861,0.357142857142861,0.357142857142861,0.357142857142861,0.357142857142861,0.357142857142861,0.357142857142861,0.357142857142861,0.357142857142861,5.3571428571428585,3.785714285714286,17.35714285714286,3.6172161172161146,9.285714285714283,9.285714285714283,11.309523809523807,11.214285714285714,0.26785714285714257,0.26785714285714257,0.26785714285714257,0.26785714285714257,0.26785714285714257,0.26785714285714257,0.26785714285714257,0.26785714285714257,0.26785714285714257,0.26785714285714257,0.26785714285714257,0.26785714285714257,0.26785714285714257,0.26785714285714257,0.26785714285714257,0.26785714285714257,0.26785714285714257,0.26785714285714257,0.26785714285714257,0.26785714285714257,0.26785714285714257,0.26785714285714257,0.26785714285714257,0.26785714285714257,0.26785714285714257,0.26785714285714257,0.26785714285714257,0.26785714285714257,0.26785714285714257,0.26785714285714257,0.26785714285714257,0.26785714285714257,0.26785714285714257,0.26785714285714257,0.26785714285714257,0.26785714285714257,0.26785714285714257,0.26785714285714257,0.26785714285714257,0.26785714285714257,0.26785714285714257,0.26785714285714257,0.26785714285714257,0.26785714285714257,0.26785714285714257,0.26785714285714257,0.26785714285714257,0.26785714285714257,0.26785714285714257,0.26785714285714257,7.142857142857143,7.142857142857143,10.357142857142854,10.357142857142854,10.357142857142854,10.357142857142854,10.357142857142854,10.357142857142854,10.357142857142854,13.642857142857142,13.642857142857142,13.642857142857142,13.642857142857142,15.412087912087909,15.412087912087909,15.412087912087909,17.274436090225564,2.1428571428571423,2.1428571428571423,2.1428571428571423,2.1428571428571423,2.1428571428571423,2.1428571428571423,2.1428571428571423,2.1428571428571423,2.1428571428571423,2.1428571428571423,2.1428571428571423
19.95714285714287,7.370129870129869,7.370129870129869,9.226190476190476,9.357142857142861,2.8571428571428568,0.8571428571428581,0.8571428571428581,0.8571428571428581,0.8571428571428581,0.8571428571428581,5.9761904761904745,5.9761904761904745,5.9761904761904745,10.357142857142854,0.0,0.0,0.0,0.0,0.0,0.0,0.0,0.0,0.0,0.0,0.0,0.0,0.0,0.0,0.0,0.0,0.0,0.0,0.0,0.0,0.0,0.0,0.0,0.0,1.9761904761904745,1.9761904761904745,7.499999999999999,1.6071428571428588,1.6071428571428588,1.6071428571428588,1.6071428571428588,1.6071428571428588,1.6071428571428588,1.6071428571428588,1.6071428571428588,1.6071428571428588,1.6071428571428588,1.6071428571428588,1.6071428571428588,4.642857142857142,8.214285714285712,15.357142857142865,15.357142857142865,2.034161490683229,2.034161490683229,18.993506493506494,8.928571428571427,8.928571428571427,11.551948051948049,0.357142857142861,0.357142857142861,0.357142857142861,0.357142857142861,0.357142857142861,0.357142857142861,0.357142857142861,0.357142857142861,0.357142857142861,0.357142857142861,0.357142857142861,0.357142857142861,0.357142857142861,0.357142857142861,0.357142857142861,0.357142857142861,0.357142857142861,0.357142857142861,0.357142857142861,0.357142857142861,0.357142857142861,0.357142857142861,0.357142857142861,0.357142857142861,0.357142857142861,0.357142857142861,0.357142857142861,0.357142857142861,0.357142857142861,0.357142857142861,0.357142857142861,0.357142857142861,0.357142857142861,0.357142857142861,0.357142857142861,0.357142857142861,0.357142857142861,0.357142857142861,0.357142857142861,0.357142857142861,0.357142857142861,0.357142857142861,0.357142857142861,0.357142857142861,0.357142857142861,0.357142857142861,0.357142857142861,0.357142857142861,0.357142857142861,0.357142857142861,0.357142857142861,0.357142857142861,0.357142857142861,0.357142857142861,0.357142857142861,0.357142857142861,0.357142857142861,0.357142857142861,5.3571428571428585,3.785714285714286,17.35714285714286,3.6172161172161146,9.285714285714283,9.285714285714283,11.309523809523807,11.214285714285714,0.26785714285714257,0.26785714285714257,0.26785714285714257,0.26785714285714257,0.26785714285714257,0.26785714285714257,0.26785714285714257,0.26785714285714257,0.26785714285714257,0.26785714285714257,0.26785714285714257,0.26785714285714257,0.26785714285714257,0.26785714285714257,0.26785714285714257,0.26785714285714257,0.26785714285714257,0.26785714285714257,0.26785714285714257,0.26785714285714257,0.26785714285714257,0.26785714285714257,0.26785714285714257,0.26785714285714257,0.26785714285714257,0.26785714285714257,0.26785714285714257,0.26785714285714257,0.26785714285714257,0.26785714285714257,0.26785714285714257,0.26785714285714257,0.26785714285714257,0.26785714285714257,0.26785714285714257,0.26785714285714257,0.26785714285714257,0.26785714285714257,0.26785714285714257,0.26785714285714257,0.26785714285714257,0.26785714285714257,0.26785714285714257,0.26785714285714257,0.26785714285714257,0.26785714285714257,0.26785714285714257,0.26785714285714257,0.26785714285714257,0.26785714285714257,7.142857142857143,7.142857142857143,10.357142857142854,10.357142857142854,10.357142857142854,10.357142857142854,10.357142857142854,10.357142857142854,10.357142857142854,13.642857142857142,13.642857142857142,13.642857142857142,13.642857142857142,15.412087912087909,15.412087912087909,15.412087912087909,17.274436090225564,2.1428571428571423,2.1428571428571423,2.1428571428571423,2.1428571428571423,2.1428571428571423,2.1428571428571423,2.1428571428571423,2.1428571428571423,2.1428571428571423,2.1428571428571423,2.1428571428571423
19.95714285714287,7.370129870129869,7.370129870129869,9.226190476190476,9.357142857142861,2.8571428571428568,0.8571428571428581,0.8571428571428581,0.8571428571428581,0.8571428571428581,0.8571428571428581,5.9761904761904745,5.9761904761904745,5.9761904761904745,10.357142857142854,0.0,0.0,0.0,0.0,0.0,0.0,0.0,0.0,0.0,0.0,0.0,0.0,0.0,0.0,0.0,0.0,0.0,0.0,0.0,0.0,0.0,0.0,0.0,0.0,1.9761904761904745,1.9761904761904745,7.499999999999999,1.6071428571428588,1.6071428571428588,1.6071428571428588,1.6071428571428588,1.6071428571428588,1.6071428571428588,1.6071428571428588,1.6071428571428588,1.6071428571428588,1.6071428571428588,1.6071428571428588,1.6071428571428588,4.642857142857142,8.214285714285712,15.357142857142865,15.357142857142865,2.034161490683229,2.034161490683229,18.993506493506494,8.928571428571427,8.928571428571427,11.551948051948049,0.357142857142861,0.357142857142861,0.357142857142861,0.357142857142861,0.357142857142861,0.357142857142861,0.357142857142861,0.357142857142861,0.357142857142861,0.357142857142861,0.357142857142861,0.357142857142861,0.357142857142861,0.357142857142861,0.357142857142861,0.357142857142861,0.357142857142861,0.357142857142861,0.357142857142861,0.357142857142861,0.357142857142861,0.357142857142861,0.357142857142861,0.357142857142861,0.357142857142861,0.357142857142861,0.357142857142861,0.357142857142861,0.357142857142861,0.357142857142861,0.357142857142861,0.357142857142861,0.357142857142861,0.357142857142861,0.357142857142861,0.357142857142861,0.357142857142861,0.357142857142861,0.357142857142861,0.357142857142861,0.357142857142861,0.357142857142861,0.357142857142861,0.357142857142861,0.357142857142861,0.357142857142861,0.357142857142861,0.357142857142861,0.357142857142861,0.357142857142861,0.357142857142861,0.357142857142861,0.357142857142861,0.357142857142861,0.357142857142861,0.357142857142861,0.357142857142861,0.357142857142861,5.3571428571428585,3.785714285714286,17.35714285714286,3.6172161172161146,9.285714285714283,9.285714285714283,11.309523809523807,11.214285714285714,0.26785714285714257,0.26785714285714257,0.26785714285714257,0.26785714285714257,0.26785714285714257,0.26785714285714257,0.26785714285714257,0.26785714285714257,0.26785714285714257,0.26785714285714257,0.26785714285714257,0.26785714285714257,0.26785714285714257,0.26785714285714257,0.26785714285714257,0.26785714285714257,0.26785714285714257,0.26785714285714257,0.26785714285714257,0.26785714285714257,0.26785714285714257,0.26785714285714257,0.26785714285714257,0.26785714285714257,0.26785714285714257,0.26785714285714257,0.26785714285714257,0.26785714285714257,0.26785714285714257,0.26785714285714257,0.26785714285714257,0.26785714285714257,0.26785714285714257,0.26785714285714257,0.26785714285714257,0.26785714285714257,0.26785714285714257,0.26785714285714257,0.26785714285714257,0.26785714285714257,0.26785714285714257,0.26785714285714257,0.26785714285714257,0.26785714285714257,0.26785714285714257,0.26785714285714257,0.26785714285714257,0.26785714285714257,0.26785714285714257,0.26785714285714257,7.142857142857143,7.142857142857143,10.357142857142854,10.357142857142854,10.357142857142854,10.357142857142854,10.357142857142854,10.357142857142854,10.357142857142854,13.642857142857142,13.642857142857142,13.642857142857142,13.642857142857142,15.412087912087909,15.412087912087909,15.412087912087909,17.274436090225564,2.1428571428571423,2.1428571428571423,2.1428571428571423,2.1428571428571423,2.1428571428571423,2.1428571428571423,2.1428571428571423,2.1428571428571423,2.1428571428571423,2.1428571428571423,2.1428571428571423
19.95714285714287,7.370129870129869,7.370129870129869,9.226190476190476,9.357142857142861,2.8571428571428568,0.8571428571428581,0.8571428571428581,0.8571428571428581,0.8571428571428581,0.8571428571428581,5.9761904761904745,5.9761904761904745,5.9761904761904745,10.357142857142854,0.0,0.0,0.0,0.0,0.0,0.0,0.0,0.0,0.0,0.0,0.0,0.0,0.0,0.0,0.0,0.0,0.0,0.0,0.0,0.0,0.0,0.0,0.0,0.0,1.9761904761904745,1.9761904761904745,7.499999999999999,1.6071428571428588,1.6071428571428588,1.6071428571428588,1.6071428571428588,1.6071428571428588,1.6071428571428588,1.6071428571428588,1.6071428571428588,1.6071428571428588,1.6071428571428588,1.6071428571428588,1.6071428571428588,4.642857142857142,8.214285714285712,15.357142857142865,15.357142857142865,2.034161490683229,2.034161490683229,18.993506493506494,8.928571428571427,8.928571428571427,11.551948051948049,0.357142857142861,0.357142857142861,0.357142857142861,0.357142857142861,0.357142857142861,0.357142857142861,0.357142857142861,0.357142857142861,0.357142857142861,0.357142857142861,0.357142857142861,0.357142857142861,0.357142857142861,0.357142857142861,0.357142857142861,0.357142857142861,0.357142857142861,0.357142857142861,0.357142857142861,0.357142857142861,0.357142857142861,0.357142857142861,0.357142857142861,0.357142857142861,0.357142857142861,0.357142857142861,0.357142857142861,0.357142857142861,0.357142857142861,0.357142857142861,0.357142857142861,0.357142857142861,0.357142857142861,0.357142857142861,0.357142857142861,0.357142857142861,0.357142857142861,0.357142857142861,0.357142857142861,0.357142857142861,0.357142857142861,0.357142857142861,0.357142857142861,0.357142857142861,0.357142857142861,0.357142857142861,0.357142857142861,0.357142857142861,0.357142857142861,0.357142857142861,0.357142857142861,0.357142857142861,0.357142857142861,0.357142857142861,0.357142857142861,0.357142857142861,0.357142857142861,0.357142857142861,5.3571428571428585,3.785714285714286,17.35714285714286,3.6172161172161146,9.285714285714283,9.285714285714283,11.309523809523807,11.214285714285714,0.26785714285714257,0.26785714285714257,0.26785714285714257,0.26785714285714257,0.26785714285714257,0.26785714285714257,0.26785714285714257,0.26785714285714257,0.26785714285714257,0.26785714285714257,0.26785714285714257,0.26785714285714257,0.26785714285714257,0.26785714285714257,0.26785714285714257,0.26785714285714257,0.26785714285714257,0.26785714285714257,0.26785714285714257,0.26785714285714257,0.26785714285714257,0.26785714285714257,0.26785714285714257,0.26785714285714257,0.26785714285714257,0.26785714285714257,0.26785714285714257,0.26785714285714257,0.26785714285714257,0.26785714285714257,0.26785714285714257,0.26785714285714257,0.26785714285714257,0.26785714285714257,0.26785714285714257,0.26785714285714257,0.26785714285714257,0.26785714285714257,0.26785714285714257,0.26785714285714257,0.26785714285714257,0.26785714285714257,0.26785714285714257,0.26785714285714257,0.26785714285714257,0.26785714285714257,0.26785714285714257,0.26785714285714257,0.26785714285714257,0.26785714285714257,7.142857142857143,7.142857142857143,10.357142857142854,10.357142857142854,10.357142857142854,10.357142857142854,10.357142857142854,10.357142857142854,10.357142857142854,13.642857142857142,13.642857142857142,13.642857142857142,13.642857142857142,15.412087912087909,15.412087912087909,15.412087912087909,17.274436090225564,2.1428571428571423,2.1428571428571423,2.1428571428571423,2.1428571428571423,2.1428571428571423,2.1428571428571423,2.1428571428571423,2.1428571428571423,2.1428571428571423,2.1428571428571423,2.1428571428571423
19.95714285714287,7.370129870129869,7.370129870129869,9.226190476190476,9.357142857142861,2.8571428571428568,0.8571428571428581,0.8571428571428581,0.8571428571428581,0.8571428571428581,0.8571428571428581,5.9761904761904745,5.9761904761904745,5.9761904761904745,10.357142857142854,0.0,0.0,0.0,0.0,0.0,0.0,0.0,0.0,0.0,0.0,0.0,0.0,0.0,0.0,0.0,0.0,0.0,0.0,0.0,0.0,0.0,0.0,0.0,0.0,1.9761904761904745,1.9761904761904745,7.499999999999999,1.6071428571428588,1.6071428571428588,1.6071428571428588,1.6071428571428588,1.6071428571428588,1.6071428571428588,1.6071428571428588,1.6071428571428588,1.6071428571428588,1.6071428571428588,1.6071428571428588,1.6071428571428588,4.642857142857142,8.214285714285712,15.357142857142865,15.357142857142865,2.034161490683229,2.034161490683229,18.993506493506494,8.928571428571427,8.928571428571427,11.551948051948049,0.357142857142861,0.357142857142861,0.357142857142861,0.357142857142861,0.357142857142861,0.357142857142861,0.357142857142861,0.357142857142861,0.357142857142861,0.357142857142861,0.357142857142861,0.357142857142861,0.357142857142861,0.357142857142861,0.357142857142861,0.357142857142861,0.357142857142861,0.357142857142861,0.357142857142861,0.357142857142861,0.357142857142861,0.357142857142861,0.357142857142861,0.357142857142861,0.357142857142861,0.357142857142861,0.357142857142861,0.357142857142861,0.357142857142861,0.357142857142861,0.357142857142861,0.357142857142861,0.357142857142861,0.357142857142861,0.357142857142861,0.357142857142861,0.357142857142861,0.357142857142861,0.357142857142861,0.357142857142861,0.357142857142861,0.357142857142861,0.357142857142861,0.357142857142861,0.357142857142861,0.357142857142861,0.357142857142861,0.357142857142861,0.357142857142861,0.357142857142861,0.357142857142861,0.357142857142861,0.357142857142861,0.357142857142861,0.357142857142861,0.357142857142861,0.357142857142861,0.357142857142861,5.3571428571428585,3.785714285714286,17.35714285714286,3.6172161172161146,9.285714285714283,9.285714285714283,11.309523809523807,11.214285714285714,0.26785714285714257,0.26785714285714257,0.26785714285714257,0.26785714285714257,0.26785714285714257,0.26785714285714257,0.26785714285714257,0.26785714285714257,0.26785714285714257,0.26785714285714257,0.26785714285714257,0.26785714285714257,0.26785714285714257,0.26785714285714257,0.26785714285714257,0.26785714285714257,0.26785714285714257,0.26785714285714257,0.26785714285714257,0.26785714285714257,0.26785714285714257,0.26785714285714257,0.26785714285714257,0.26785714285714257,0.26785714285714257,0.26785714285714257,0.26785714285714257,0.26785714285714257,0.26785714285714257,0.26785714285714257,0.26785714285714257,0.26785714285714257,0.26785714285714257,0.26785714285714257,0.26785714285714257,0.26785714285714257,0.26785714285714257,0.26785714285714257,0.26785714285714257,0.26785714285714257,0.26785714285714257,0.26785714285714257,0.26785714285714257,0.26785714285714257,0.26785714285714257,0.26785714285714257,0.26785714285714257,0.26785714285714257,0.26785714285714257,0.26785714285714257,7.142857142857143,7.142857142857143,10.357142857142854,10.357142857142854,10.357142857142854,10.357142857142854,10.357142857142854,10.357142857142854,10.357142857142854,13.642857142857142,13.642857142857142,13.642857142857142,13.642857142857142,15.412087912087909,15.412087912087909,15.412087912087909,17.274436090225564,2.1428571428571423,2.1428571428571423,2.1428571428571423,2.1428571428571423,2.1428571428571423,2.1428571428571423,2.1428571428571423,2.1428571428571423,2.1428571428571423,2.1428571428571423,2.1428571428571423
19.95714285714287,7.370129870129869,7.370129870129869,9.226190476190476,9.357142857142861,2.8571428571428568,0.8571428571428581,0.8571428571428581,0.8571428571428581,0.8571428571428581,0.8571428571428581,5.9761904761904745,5.9761904761904745,5.9761904761904745,10.357142857142854,0.0,0.0,0.0,0.0,0.0,0.0,0.0,0.0,0.0,0.0,0.0,0.0,0.0,0.0,0.0,0.0,0.0,0.0,0.0,0.0,0.0,0.0,0.0,0.0,1.9761904761904745,1.9761904761904745,7.499999999999999,1.6071428571428588,1.6071428571428588,1.6071428571428588,1.6071428571428588,1.6071428571428588,1.6071428571428588,1.6071428571428588,1.6071428571428588,1.6071428571428588,1.6071428571428588,1.6071428571428588,1.6071428571428588,4.642857142857142,8.214285714285712,15.357142857142865,15.357142857142865,2.034161490683229,2.034161490683229,18.993506493506494,8.928571428571427,8.928571428571427,11.551948051948049,0.357142857142861,0.357142857142861,0.357142857142861,0.357142857142861,0.357142857142861,0.357142857142861,0.357142857142861,0.357142857142861,0.357142857142861,0.357142857142861,0.357142857142861,0.357142857142861,0.357142857142861,0.357142857142861,0.357142857142861,0.357142857142861,0.357142857142861,0.357142857142861,0.357142857142861,0.357142857142861,0.357142857142861,0.357142857142861,0.357142857142861,0.357142857142861,0.357142857142861,0.357142857142861,0.357142857142861,0.357142857142861,0.357142857142861,0.357142857142861,0.357142857142861,0.357142857142861,0.357142857142861,0.357142857142861,0.357142857142861,0.357142857142861,0.357142857142861,0.357142857142861,0.357142857142861,0.357142857142861,0.357142857142861,0.357142857142861,0.357142857142861,0.357142857142861,0.357142857142861,0.357142857142861,0.357142857142861,0.357142857142861,0.357142857142861,0.357142857142861,0.357142857142861,0.357142857142861,0.357142857142861,0.357142857142861,0.357142857142861,0.357142857142861,0.357142857142861,0.357142857142861,5.3571428571428585,3.785714285714286,17.35714285714286,3.6172161172161146,9.285714285714283,9.285714285714283,11.309523809523807,11.214285714285714,0.26785714285714257,0.26785714285714257,0.26785714285714257,0.26785714285714257,0.26785714285714257,0.26785714285714257,0.26785714285714257,0.26785714285714257,0.26785714285714257,0.26785714285714257,0.26785714285714257,0.26785714285714257,0.26785714285714257,0.26785714285714257,0.26785714285714257,0.26785714285714257,0.26785714285714257,0.26785714285714257,0.26785714285714257,0.26785714285714257,0.26785714285714257,0.26785714285714257,0.26785714285714257,0.26785714285714257,0.26785714285714257,0.26785714285714257,0.26785714285714257,0.26785714285714257,0.26785714285714257,0.26785714285714257,0.26785714285714257,0.26785714285714257,0.26785714285714257,0.26785714285714257,0.26785714285714257,0.26785714285714257,0.26785714285714257,0.26785714285714257,0.26785714285714257,0.26785714285714257,0.26785714285714257,0.26785714285714257,0.26785714285714257,0.26785714285714257,0.26785714285714257,0.26785714285714257,0.26785714285714257,0.26785714285714257,0.26785714285714257,0.26785714285714257,7.142857142857143,7.142857142857143,10.357142857142854,10.357142857142854,10.357142857142854,10.357142857142854,10.357142857142854,10.357142857142854,10.357142857142854,13.642857142857142,13.642857142857142,13.642857142857142,13.642857142857142,15.412087912087909,15.412087912087909,15.412087912087909,17.274436090225564,2.1428571428571423,2.1428571428571423,2.1428571428571423,2.1428571428571423,2.1428571428571423,2.1428571428571423,2.1428571428571423,2.1428571428571423,2.1428571428571423,2.1428571428571423,2.1428571428571423
19.95714285714287,7.370129870129869,7.370129870129869,9.226190476190476,9.357142857142861,2.8571428571428568,0.8571428571428581,0.8571428571428581,0.8571428571428581,0.8571428571428581,0.8571428571428581,5.9761904761904745,5.9761904761904745,5.9761904761904745,10.357142857142854,0.0,0.0,0.0,0.0,0.0,0.0,0.0,0.0,0.0,0.0,0.0,0.0,0.0,0.0,0.0,0.0,0.0,0.0,0.0,0.0,0.0,0.0,0.0,0.0,1.9761904761904745,1.9761904761904745,7.499999999999999,1.6071428571428588,1.6071428571428588,1.6071428571428588,1.6071428571428588,1.6071428571428588,1.6071428571428588,1.6071428571428588,1.6071428571428588,1.6071428571428588,1.6071428571428588,1.6071428571428588,1.6071428571428588,4.642857142857142,8.214285714285712,15.357142857142865,15.357142857142865,2.034161490683229,2.034161490683229,18.993506493506494,8.928571428571427,8.928571428571427,11.551948051948049,0.357142857142861,0.357142857142861,0.357142857142861,0.357142857142861,0.357142857142861,0.357142857142861,0.357142857142861,0.357142857142861,0.357142857142861,0.357142857142861,0.357142857142861,0.357142857142861,0.357142857142861,0.357142857142861,0.357142857142861,0.357142857142861,0.357142857142861,0.357142857142861,0.357142857142861,0.357142857142861,0.357142857142861,0.357142857142861,0.357142857142861,0.357142857142861,0.357142857142861,0.357142857142861,0.357142857142861,0.357142857142861,0.357142857142861,0.357142857142861,0.357142857142861,0.357142857142861,0.357142857142861,0.357142857142861,0.357142857142861,0.357142857142861,0.357142857142861,0.357142857142861,0.357142857142861,0.357142857142861,0.357142857142861,0.357142857142861,0.357142857142861,0.357142857142861,0.357142857142861,0.357142857142861,0.357142857142861,0.357142857142861,0.357142857142861,0.357142857142861,0.357142857142861,0.357142857142861,0.357142857142861,0.357142857142861,0.357142857142861,0.357142857142861,0.357142857142861,0.357142857142861,5.3571428571428585,3.785714285714286,17.35714285714286,3.6172161172161146,9.285714285714283,9.285714285714283,11.309523809523807,11.214285714285714,0.26785714285714257,0.26785714285714257,0.26785714285714257,0.26785714285714257,0.26785714285714257,0.26785714285714257,0.26785714285714257,0.26785714285714257,0.26785714285714257,0.26785714285714257,0.26785714285714257,0.26785714285714257,0.26785714285714257,0.26785714285714257,0.26785714285714257,0.26785714285714257,0.26785714285714257,0.26785714285714257,0.26785714285714257,0.26785714285714257,0.26785714285714257,0.26785714285714257,0.26785714285714257,0.26785714285714257,0.26785714285714257,0.26785714285714257,0.26785714285714257,0.26785714285714257,0.26785714285714257,0.26785714285714257,0.26785714285714257,0.26785714285714257,0.26785714285714257,0.26785714285714257,0.26785714285714257,0.26785714285714257,0.26785714285714257,0.26785714285714257,0.26785714285714257,0.26785714285714257,0.26785714285714257,0.26785714285714257,0.26785714285714257,0.26785714285714257,0.26785714285714257,0.26785714285714257,0.26785714285714257,0.26785714285714257,0.26785714285714257,0.26785714285714257,7.142857142857143,7.142857142857143,10.357142857142854,10.357142857142854,10.357142857142854,10.357142857142854,10.357142857142854,10.357142857142854,10.357142857142854,13.642857142857142,13.642857142857142,13.642857142857142,13.642857142857142,15.412087912087909,15.412087912087909,15.412087912087909,17.274436090225564,2.1428571428571423,2.1428571428571423,2.1428571428571423,2.1428571428571423,2.1428571428571423,2.1428571428571423,2.1428571428571423,2.1428571428571423,2.1428571428571423,2.1428571428571423,2.1428571428571423
19.95714285714287,7.370129870129869,7.370129870129869,9.226190476190476,9.357142857142861,2.8571428571428568,0.8571428571428581,0.8571428571428581,0.8571428571428581,0.8571428571428581,0.8571428571428581,5.9761904761904745,5.9761904761904745,5.9761904761904745,10.357142857142854,0.0,0.0,0.0,0.0,0.0,0.0,0.0,0.0,0.0,0.0,0.0,0.0,0.0,0.0,0.0,0.0,0.0,0.0,0.0,0.0,0.0,0.0,0.0,0.0,1.9761904761904745,1.9761904761904745,7.499999999999999,1.6071428571428588,1.6071428571428588,1.6071428571428588,1.6071428571428588,1.6071428571428588,1.6071428571428588,1.6071428571428588,1.6071428571428588,1.6071428571428588,1.6071428571428588,1.6071428571428588,1.6071428571428588,4.642857142857142,8.214285714285712,15.357142857142865,15.357142857142865,2.034161490683229,2.034161490683229,18.993506493506494,8.928571428571427,8.928571428571427,11.551948051948049,0.357142857142861,0.357142857142861,0.357142857142861,0.357142857142861,0.357142857142861,0.357142857142861,0.357142857142861,0.357142857142861,0.357142857142861,0.357142857142861,0.357142857142861,0.357142857142861,0.357142857142861,0.357142857142861,0.357142857142861,0.357142857142861,0.357142857142861,0.357142857142861,0.357142857142861,0.357142857142861,0.357142857142861,0.357142857142861,0.357142857142861,0.357142857142861,0.357142857142861,0.357142857142861,0.357142857142861,0.357142857142861,0.357142857142861,0.357142857142861,0.357142857142861,0.357142857142861,0.357142857142861,0.357142857142861,0.357142857142861,0.357142857142861,0.357142857142861,0.357142857142861,0.357142857142861,0.357142857142861,0.357142857142861,0.357142857142861,0.357142857142861,0.357142857142861,0.357142857142861,0.357142857142861,0.357142857142861,0.357142857142861,0.357142857142861,0.357142857142861,0.357142857142861,0.357142857142861,0.357142857142861,0.357142857142861,0.357142857142861,0.357142857142861,0.357142857142861,0.357142857142861,5.3571428571428585,3.785714285714286,17.35714285714286,3.6172161172161146,9.285714285714283,9.285714285714283,11.309523809523807,11.214285714285714,0.26785714285714257,0.26785714285714257,0.26785714285714257,0.26785714285714257,0.26785714285714257,0.26785714285714257,0.26785714285714257,0.26785714285714257,0.26785714285714257,0.26785714285714257,0.26785714285714257,0.26785714285714257,0.26785714285714257,0.26785714285714257,0.26785714285714257,0.26785714285714257,0.26785714285714257,0.26785714285714257,0.26785714285714257,0.26785714285714257,0.26785714285714257,0.26785714285714257,0.26785714285714257,0.26785714285714257,0.26785714285714257,0.26785714285714257,0.26785714285714257,0.26785714285714257,0.26785714285714257,0.26785714285714257,0.26785714285714257,0.26785714285714257,0.26785714285714257,0.26785714285714257,0.26785714285714257,0.26785714285714257,0.26785714285714257,0.26785714285714257,0.26785714285714257,0.26785714285714257,0.26785714285714257,0.26785714285714257,0.26785714285714257,0.26785714285714257,0.26785714285714257,0.26785714285714257,0.26785714285714257,0.26785714285714257,0.26785714285714257,0.26785714285714257,7.142857142857143,7.142857142857143,10.357142857142854,10.357142857142854,10.357142857142854,10.357142857142854,10.357142857142854,10.357142857142854,10.357142857142854,13.642857142857142,13.642857142857142,13.642857142857142,13.642857142857142,15.412087912087909,15.412087912087909,15.412087912087909,17.274436090225564,2.1428571428571423,2.1428571428571423,2.1428571428571423,2.1428571428571423,2.1428571428571423,2.1428571428571423,2.1428571428571423,2.1428571428571423,2.1428571428571423,2.1428571428571423,2.1428571428571423
19.95714285714287,7.370129870129869,7.370129870129869,9.226190476190476,9.357142857142861,2.8571428571428568,0.8571428571428581,0.8571428571428581,0.8571428571428581,0.8571428571428581,0.8571428571428581,5.9761904761904745,5.9761904761904745,5.9761904761904745,10.357142857142854,0.0,0.0,0.0,0.0,0.0,0.0,0.0,0.0,0.0,0.0,0.0,0.0,0.0,0.0,0.0,0.0,0.0,0.0,0.0,0.0,0.0,0.0,0.0,0.0,1.9761904761904745,1.9761904761904745,7.499999999999999,1.6071428571428588,1.6071428571428588,1.6071428571428588,1.6071428571428588,1.6071428571428588,1.6071428571428588,1.6071428571428588,1.6071428571428588,1.6071428571428588,1.6071428571428588,1.6071428571428588,1.6071428571428588,4.642857142857142,8.214285714285712,15.357142857142865,15.357142857142865,2.034161490683229,2.034161490683229,18.993506493506494,8.928571428571427,8.928571428571427,11.551948051948049,0.357142857142861,0.357142857142861,0.357142857142861,0.357142857142861,0.357142857142861,0.357142857142861,0.357142857142861,0.357142857142861,0.357142857142861,0.357142857142861,0.357142857142861,0.357142857142861,0.357142857142861,0.357142857142861,0.357142857142861,0.357142857142861,0.357142857142861,0.357142857142861,0.357142857142861,0.357142857142861,0.357142857142861,0.357142857142861,0.357142857142861,0.357142857142861,0.357142857142861,0.357142857142861,0.357142857142861,0.357142857142861,0.357142857142861,0.357142857142861,0.357142857142861,0.357142857142861,0.357142857142861,0.357142857142861,0.357142857142861,0.357142857142861,0.357142857142861,0.357142857142861,0.357142857142861,0.357142857142861,0.357142857142861,0.357142857142861,0.357142857142861,0.357142857142861,0.357142857142861,0.357142857142861,0.357142857142861,0.357142857142861,0.357142857142861,0.357142857142861,0.357142857142861,0.357142857142861,0.357142857142861,0.357142857142861,0.357142857142861,0.357142857142861,0.357142857142861,0.357142857142861,5.3571428571428585,3.785714285714286,17.35714285714286,3.6172161172161146,9.285714285714283,9.285714285714283,11.309523809523807,11.214285714285714,0.26785714285714257,0.26785714285714257,0.26785714285714257,0.26785714285714257,0.26785714285714257,0.26785714285714257,0.26785714285714257,0.26785714285714257,0.26785714285714257,0.26785714285714257,0.26785714285714257,0.26785714285714257,0.26785714285714257,0.26785714285714257,0.26785714285714257,0.26785714285714257,0.26785714285714257,0.26785714285714257,0.26785714285714257,0.26785714285714257,0.26785714285714257,0.26785714285714257,0.26785714285714257,0.26785714285714257,0.26785714285714257,0.26785714285714257,0.26785714285714257,0.26785714285714257,0.26785714285714257,0.26785714285714257,0.26785714285714257,0.26785714285714257,0.26785714285714257,0.26785714285714257,0.26785714285714257,0.26785714285714257,0.26785714285714257,0.26785714285714257,0.26785714285714257,0.26785714285714257,0.26785714285714257,0.26785714285714257,0.26785714285714257,0.26785714285714257,0.26785714285714257,0.26785714285714257,0.26785714285714257,0.26785714285714257,0.26785714285714257,0.26785714285714257,7.142857142857143,7.142857142857143,10.357142857142854,10.357142857142854,10.357142857142854,10.357142857142854,10.357142857142854,10.357142857142854,10.357142857142854,13.642857142857142,13.642857142857142,13.642857142857142,13.642857142857142,15.412087912087909,15.412087912087909,15.412087912087909,17.274436090225564,2.1428571428571423,2.1428571428571423,2.1428571428571423,2.1428571428571423,2.1428571428571423,2.1428571428571423,2.1428571428571423,2.1428571428571423,2.1428571428571423,2.1428571428571423,2.1428571428571423
19.95714285714287,7.370129870129869,7.370129870129869,9.226190476190476,9.357142857142861,2.8571428571428568,0.8571428571428581,0.8571428571428581,0.8571428571428581,0.8571428571428581,0.8571428571428581,5.9761904761904745,5.9761904761904745,5.9761904761904745,10.357142857142854,0.0,0.0,0.0,0.0,0.0,0.0,0.0,0.0,0.0,0.0,0.0,0.0,0.0,0.0,0.0,0.0,0.0,0.0,0.0,0.0,0.0,0.0,0.0,0.0,1.9761904761904745,1.9761904761904745,7.499999999999999,1.6071428571428588,1.6071428571428588,1.6071428571428588,1.6071428571428588,1.6071428571428588,1.6071428571428588,1.6071428571428588,1.6071428571428588,1.6071428571428588,1.6071428571428588,1.6071428571428588,1.6071428571428588,4.642857142857142,8.214285714285712,15.357142857142865,15.357142857142865,2.034161490683229,2.034161490683229,18.993506493506494,8.928571428571427,8.928571428571427,11.551948051948049,0.357142857142861,0.357142857142861,0.357142857142861,0.357142857142861,0.357142857142861,0.357142857142861,0.357142857142861,0.357142857142861,0.357142857142861,0.357142857142861,0.357142857142861,0.357142857142861,0.357142857142861,0.357142857142861,0.357142857142861,0.357142857142861,0.357142857142861,0.357142857142861,0.357142857142861,0.357142857142861,0.357142857142861,0.357142857142861,0.357142857142861,0.357142857142861,0.357142857142861,0.357142857142861,0.357142857142861,0.357142857142861,0.357142857142861,0.357142857142861,0.357142857142861,0.357142857142861,0.357142857142861,0.357142857142861,0.357142857142861,0.357142857142861,0.357142857142861,0.357142857142861,0.357142857142861,0.357142857142861,0.357142857142861,0.357142857142861,0.357142857142861,0.357142857142861,0.357142857142861,0.357142857142861,0.357142857142861,0.357142857142861,0.357142857142861,0.357142857142861,0.357142857142861,0.357142857142861,0.357142857142861,0.357142857142861,0.357142857142861,0.357142857142861,0.357142857142861,0.357142857142861,5.3571428571428585,3.785714285714286,17.35714285714286,3.6172161172161146,9.285714285714283,9.285714285714283,11.309523809523807,11.214285714285714,0.26785714285714257,0.26785714285714257,0.26785714285714257,0.26785714285714257,0.26785714285714257,0.26785714285714257,0.26785714285714257,0.26785714285714257,0.26785714285714257,0.26785714285714257,0.26785714285714257,0.26785714285714257,0.26785714285714257,0.26785714285714257,0.26785714285714257,0.26785714285714257,0.26785714285714257,0.26785714285714257,0.26785714285714257,0.26785714285714257,0.26785714285714257,0.26785714285714257,0.26785714285714257,0.26785714285714257,0.26785714285714257,0.26785714285714257,0.26785714285714257,0.26785714285714257,0.26785714285714257,0.26785714285714257,0.26785714285714257,0.26785714285714257,0.26785714285714257,0.26785714285714257,0.26785714285714257,0.26785714285714257,0.26785714285714257,0.26785714285714257,0.26785714285714257,0.26785714285714257,0.26785714285714257,0.26785714285714257,0.26785714285714257,0.26785714285714257,0.26785714285714257,0.26785714285714257,0.26785714285714257,0.26785714285714257,0.26785714285714257,0.26785714285714257,7.142857142857143,7.142857142857143,10.357142857142854,10.357142857142854,10.357142857142854,10.357142857142854,10.357142857142854,10.357142857142854,10.357142857142854,13.642857142857142,13.642857142857142,13.642857142857142,13.642857142857142,15.412087912087909,15.412087912087909,15.412087912087909,17.274436090225564,2.1428571428571423,2.1428571428571423,2.1428571428571423,2.1428571428571423,2.1428571428571423,2.1428571428571423,2.1428571428571423,2.1428571428571423,2.1428571428571423,2.1428571428571423,2.1428571428571423
19.95714285714287,7.370129870129869,7.370129870129869,9.226190476190476,9.357142857142861,2.8571428571428568,0.8571428571428581,0.8571428571428581,0.8571428571428581,0.8571428571428581,0.8571428571428581,5.9761904761904745,5.9761904761904745,5.9761904761904745,10.357142857142854,0.0,0.0,0.0,0.0,0.0,0.0,0.0,0.0,0.0,0.0,0.0,0.0,0.0,0.0,0.0,0.0,0.0,0.0,0.0,0.0,0.0,0.0,0.0,0.0,1.9761904761904745,1.9761904761904745,7.499999999999999,1.6071428571428588,1.6071428571428588,1.6071428571428588,1.6071428571428588,1.6071428571428588,1.6071428571428588,1.6071428571428588,1.6071428571428588,1.6071428571428588,1.6071428571428588,1.6071428571428588,1.6071428571428588,4.642857142857142,8.214285714285712,15.357142857142865,15.357142857142865,2.034161490683229,2.034161490683229,18.993506493506494,8.928571428571427,8.928571428571427,11.551948051948049,0.357142857142861,0.357142857142861,0.357142857142861,0.357142857142861,0.357142857142861,0.357142857142861,0.357142857142861,0.357142857142861,0.357142857142861,0.357142857142861,0.357142857142861,0.357142857142861,0.357142857142861,0.357142857142861,0.357142857142861,0.357142857142861,0.357142857142861,0.357142857142861,0.357142857142861,0.357142857142861,0.357142857142861,0.357142857142861,0.357142857142861,0.357142857142861,0.357142857142861,0.357142857142861,0.357142857142861,0.357142857142861,0.357142857142861,0.357142857142861,0.357142857142861,0.357142857142861,0.357142857142861,0.357142857142861,0.357142857142861,0.357142857142861,0.357142857142861,0.357142857142861,0.357142857142861,0.357142857142861,0.357142857142861,0.357142857142861,0.357142857142861,0.357142857142861,0.357142857142861,0.357142857142861,0.357142857142861,0.357142857142861,0.357142857142861,0.357142857142861,0.357142857142861,0.357142857142861,0.357142857142861,0.357142857142861,0.357142857142861,0.357142857142861,0.357142857142861,0.357142857142861,5.3571428571428585,3.785714285714286,17.35714285714286,3.6172161172161146,9.285714285714283,9.285714285714283,11.309523809523807,11.214285714285714,0.26785714285714257,0.26785714285714257,0.26785714285714257,0.26785714285714257,0.26785714285714257,0.26785714285714257,0.26785714285714257,0.26785714285714257,0.26785714285714257,0.26785714285714257,0.26785714285714257,0.26785714285714257,0.26785714285714257,0.26785714285714257,0.26785714285714257,0.26785714285714257,0.26785714285714257,0.26785714285714257,0.26785714285714257,0.26785714285714257,0.26785714285714257,0.26785714285714257,0.26785714285714257,0.26785714285714257,0.26785714285714257,0.26785714285714257,0.26785714285714257,0.26785714285714257,0.26785714285714257,0.26785714285714257,0.26785714285714257,0.26785714285714257,0.26785714285714257,0.26785714285714257,0.26785714285714257,0.26785714285714257,0.26785714285714257,0.26785714285714257,0.26785714285714257,0.26785714285714257,0.26785714285714257,0.26785714285714257,0.26785714285714257,0.26785714285714257,0.26785714285714257,0.26785714285714257,0.26785714285714257,0.26785714285714257,0.26785714285714257,0.26785714285714257,7.142857142857143,7.142857142857143,10.357142857142854,10.357142857142854,10.357142857142854,10.357142857142854,10.357142857142854,10.357142857142854,10.357142857142854,13.642857142857142,13.642857142857142,13.642857142857142,13.642857142857142,15.412087912087909,15.412087912087909,15.412087912087909,17.274436090225564,2.1428571428571423,2.1428571428571423,2.1428571428571423,2.1428571428571423,2.1428571428571423,2.1428571428571423,2.1428571428571423,2.1428571428571423,2.1428571428571423,2.1428571428571423,2.1428571428571423
19.95714285714287,7.370129870129869,7.370129870129869,9.226190476190476,9.357142857142861,2.8571428571428568,0.8571428571428581,0.8571428571428581,0.8571428571428581,0.8571428571428581,0.8571428571428581,5.9761904761904745,5.9761904761904745,5.9761904761904745,10.357142857142854,0.0,0.0,0.0,0.0,0.0,0.0,0.0,0.0,0.0,0.0,0.0,0.0,0.0,0.0,0.0,0.0,0.0,0.0,0.0,0.0,0.0,0.0,0.0,0.0,1.9761904761904745,1.9761904761904745,7.499999999999999,1.6071428571428588,1.6071428571428588,1.6071428571428588,1.6071428571428588,1.6071428571428588,1.6071428571428588,1.6071428571428588,1.6071428571428588,1.6071428571428588,1.6071428571428588,1.6071428571428588,1.6071428571428588,4.642857142857142,8.214285714285712,15.357142857142865,15.357142857142865,2.034161490683229,2.034161490683229,18.993506493506494,8.928571428571427,8.928571428571427,11.551948051948049,0.357142857142861,0.357142857142861,0.357142857142861,0.357142857142861,0.357142857142861,0.357142857142861,0.357142857142861,0.357142857142861,0.357142857142861,0.357142857142861,0.357142857142861,0.357142857142861,0.357142857142861,0.357142857142861,0.357142857142861,0.357142857142861,0.357142857142861,0.357142857142861,0.357142857142861,0.357142857142861,0.357142857142861,0.357142857142861,0.357142857142861,0.357142857142861,0.357142857142861,0.357142857142861,0.357142857142861,0.357142857142861,0.357142857142861,0.357142857142861,0.357142857142861,0.357142857142861,0.357142857142861,0.357142857142861,0.357142857142861,0.357142857142861,0.357142857142861,0.357142857142861,0.357142857142861,0.357142857142861,0.357142857142861,0.357142857142861,0.357142857142861,0.357142857142861,0.357142857142861,0.357142857142861,0.357142857142861,0.357142857142861,0.357142857142861,0.357142857142861,0.357142857142861,0.357142857142861,0.357142857142861,0.357142857142861,0.357142857142861,0.357142857142861,0.357142857142861,0.357142857142861,5.3571428571428585,3.785714285714286,17.35714285714286,3.6172161172161146,9.285714285714283,9.285714285714283,11.309523809523807,11.214285714285714,0.26785714285714257,0.26785714285714257,0.26785714285714257,0.26785714285714257,0.26785714285714257,0.26785714285714257,0.26785714285714257,0.26785714285714257,0.26785714285714257,0.26785714285714257,0.26785714285714257,0.26785714285714257,0.26785714285714257,0.26785714285714257,0.26785714285714257,0.26785714285714257,0.26785714285714257,0.26785714285714257,0.26785714285714257,0.26785714285714257,0.26785714285714257,0.26785714285714257,0.26785714285714257,0.26785714285714257,0.26785714285714257,0.26785714285714257,0.26785714285714257,0.26785714285714257,0.26785714285714257,0.26785714285714257,0.26785714285714257,0.26785714285714257,0.26785714285714257,0.26785714285714257,0.26785714285714257,0.26785714285714257,0.26785714285714257,0.26785714285714257,0.26785714285714257,0.26785714285714257,0.26785714285714257,0.26785714285714257,0.26785714285714257,0.26785714285714257,0.26785714285714257,0.26785714285714257,0.26785714285714257,0.26785714285714257,0.26785714285714257,0.26785714285714257,7.142857142857143,7.142857142857143,10.357142857142854,10.357142857142854,10.357142857142854,10.357142857142854,10.357142857142854,10.357142857142854,10.357142857142854,13.642857142857142,13.642857142857142,13.642857142857142,13.642857142857142,15.412087912087909,15.412087912087909,15.412087912087909,17.274436090225564,2.1428571428571423,2.1428571428571423,2.1428571428571423,2.1428571428571423,2.1428571428571423,2.1428571428571423,2.1428571428571423,2.1428571428571423,2.1428571428571423,2.1428571428571423,2.1428571428571423
19.95714285714287,7.370129870129869,7.370129870129869,9.226190476190476,9.357142857142861,2.8571428571428568,0.8571428571428581,0.8571428571428581,0.8571428571428581,0.8571428571428581,0.8571428571428581,5.9761904761904745,5.9761904761904745,5.9761904761904745,10.357142857142854,0.0,0.0,0.0,0.0,0.0,0.0,0.0,0.0,0.0,0.0,0.0,0.0,0.0,0.0,0.0,0.0,0.0,0.0,0.0,0.0,0.0,0.0,0.0,0.0,1.9761904761904745,1.9761904761904745,7.499999999999999,1.6071428571428588,1.6071428571428588,1.6071428571428588,1.6071428571428588,1.6071428571428588,1.6071428571428588,1.6071428571428588,1.6071428571428588,1.6071428571428588,1.6071428571428588,1.6071428571428588,1.6071428571428588,4.642857142857142,8.214285714285712,15.357142857142865,15.357142857142865,2.034161490683229,2.034161490683229,18.993506493506494,8.928571428571427,8.928571428571427,11.551948051948049,0.357142857142861,0.357142857142861,0.357142857142861,0.357142857142861,0.357142857142861,0.357142857142861,0.357142857142861,0.357142857142861,0.357142857142861,0.357142857142861,0.357142857142861,0.357142857142861,0.357142857142861,0.357142857142861,0.357142857142861,0.357142857142861,0.357142857142861,0.357142857142861,0.357142857142861,0.357142857142861,0.357142857142861,0.357142857142861,0.357142857142861,0.357142857142861,0.357142857142861,0.357142857142861,0.357142857142861,0.357142857142861,0.357142857142861,0.357142857142861,0.357142857142861,0.357142857142861,0.357142857142861,0.357142857142861,0.357142857142861,0.357142857142861,0.357142857142861,0.357142857142861,0.357142857142861,0.357142857142861,0.357142857142861,0.357142857142861,0.357142857142861,0.357142857142861,0.357142857142861,0.357142857142861,0.357142857142861,0.357142857142861,0.357142857142861,0.357142857142861,0.357142857142861,0.357142857142861,0.357142857142861,0.357142857142861,0.357142857142861,0.357142857142861,0.357142857142861,0.357142857142861,5.3571428571428585,3.785714285714286,17.35714285714286,3.6172161172161146,9.285714285714283,9.285714285714283,11.309523809523807,11.214285714285714,0.26785714285714257,0.26785714285714257,0.26785714285714257,0.26785714285714257,0.26785714285714257,0.26785714285714257,0.26785714285714257,0.26785714285714257,0.26785714285714257,0.26785714285714257,0.26785714285714257,0.26785714285714257,0.26785714285714257,0.26785714285714257,0.26785714285714257,0.26785714285714257,0.26785714285714257,0.26785714285714257,0.26785714285714257,0.26785714285714257,0.26785714285714257,0.26785714285714257,0.26785714285714257,0.26785714285714257,0.26785714285714257,0.26785714285714257,0.26785714285714257,0.26785714285714257,0.26785714285714257,0.26785714285714257,0.26785714285714257,0.26785714285714257,0.26785714285714257,0.26785714285714257,0.26785714285714257,0.26785714285714257,0.26785714285714257,0.26785714285714257,0.26785714285714257,0.26785714285714257,0.26785714285714257,0.26785714285714257,0.26785714285714257,0.26785714285714257,0.26785714285714257,0.26785714285714257,0.26785714285714257,0.26785714285714257,0.26785714285714257,0.26785714285714257,7.142857142857143,7.142857142857143,10.357142857142854,10.357142857142854,10.357142857142854,10.357142857142854,10.357142857142854,10.357142857142854,10.357142857142854,13.642857142857142,13.642857142857142,13.642857142857142,13.642857142857142,15.412087912087909,15.412087912087909,15.412087912087909,17.274436090225564,2.1428571428571423,2.1428571428571423,2.1428571428571423,2.1428571428571423,2.1428571428571423,2.1428571428571423,2.1428571428571423,2.1428571428571423,2.1428571428571423,2.1428571428571423,2.1428571428571423
19.95714285714287,7.370129870129869,7.370129870129869,9.226190476190476,9.357142857142861,2.8571428571428568,0.8571428571428581,0.8571428571428581,0.8571428571428581,0.8571428571428581,0.8571428571428581,5.9761904761904745,5.9761904761904745,5.9761904761904745,10.357142857142854,0.0,0.0,0.0,0.0,0.0,0.0,0.0,0.0,0.0,0.0,0.0,0.0,0.0,0.0,0.0,0.0,0.0,0.0,0.0,0.0,0.0,0.0,0.0,0.0,1.9761904761904745,1.9761904761904745,7.499999999999999,1.6071428571428588,1.6071428571428588,1.6071428571428588,1.6071428571428588,1.6071428571428588,1.6071428571428588,1.6071428571428588,1.6071428571428588,1.6071428571428588,1.6071428571428588,1.6071428571428588,1.6071428571428588,4.642857142857142,8.214285714285712,15.357142857142865,15.357142857142865,2.034161490683229,2.034161490683229,18.993506493506494,8.928571428571427,8.928571428571427,11.551948051948049,0.357142857142861,0.357142857142861,0.357142857142861,0.357142857142861,0.357142857142861,0.357142857142861,0.357142857142861,0.357142857142861,0.357142857142861,0.357142857142861,0.357142857142861,0.357142857142861,0.357142857142861,0.357142857142861,0.357142857142861,0.357142857142861,0.357142857142861,0.357142857142861,0.357142857142861,0.357142857142861,0.357142857142861,0.357142857142861,0.357142857142861,0.357142857142861,0.357142857142861,0.357142857142861,0.357142857142861,0.357142857142861,0.357142857142861,0.357142857142861,0.357142857142861,0.357142857142861,0.357142857142861,0.357142857142861,0.357142857142861,0.357142857142861,0.357142857142861,0.357142857142861,0.357142857142861,0.357142857142861,0.357142857142861,0.357142857142861,0.357142857142861,0.357142857142861,0.357142857142861,0.357142857142861,0.357142857142861,0.357142857142861,0.357142857142861,0.357142857142861,0.357142857142861,0.357142857142861,0.357142857142861,0.357142857142861,0.357142857142861,0.357142857142861,0.357142857142861,0.357142857142861,5.3571428571428585,3.785714285714286,17.35714285714286,3.6172161172161146,9.285714285714283,9.285714285714283,11.309523809523807,11.214285714285714,0.26785714285714257,0.26785714285714257,0.26785714285714257,0.26785714285714257,0.26785714285714257,0.26785714285714257,0.26785714285714257,0.26785714285714257,0.26785714285714257,0.26785714285714257,0.26785714285714257,0.26785714285714257,0.26785714285714257,0.26785714285714257,0.26785714285714257,0.26785714285714257,0.26785714285714257,0.26785714285714257,0.26785714285714257,0.26785714285714257,0.26785714285714257,0.26785714285714257,0.26785714285714257,0.26785714285714257,0.26785714285714257,0.26785714285714257,0.26785714285714257,0.26785714285714257,0.26785714285714257,0.26785714285714257,0.26785714285714257,0.26785714285714257,0.26785714285714257,0.26785714285714257,0.26785714285714257,0.26785714285714257,0.26785714285714257,0.26785714285714257,0.26785714285714257,0.26785714285714257,0.26785714285714257,0.26785714285714257,0.26785714285714257,0.26785714285714257,0.26785714285714257,0.26785714285714257,0.26785714285714257,0.26785714285714257,0.26785714285714257,0.26785714285714257,7.142857142857143,7.142857142857143,10.357142857142854,10.357142857142854,10.357142857142854,10.357142857142854,10.357142857142854,10.357142857142854,10.357142857142854,13.642857142857142,13.642857142857142,13.642857142857142,13.642857142857142,15.412087912087909,15.412087912087909,15.412087912087909,17.274436090225564,2.1428571428571423,2.1428571428571423,2.1428571428571423,2.1428571428571423,2.1428571428571423,2.1428571428571423,2.1428571428571423,2.1428571428571423,2.1428571428571423,2.1428571428571423,2.1428571428571423
19.95714285714287,7.370129870129869,7.370129870129869,9.226190476190476,9.357142857142861,2.8571428571428568,0.8571428571428581,0.8571428571428581,0.8571428571428581,0.8571428571428581,0.8571428571428581,5.9761904761904745,5.9761904761904745,5.9761904761904745,10.357142857142854,0.0,0.0,0.0,0.0,0.0,0.0,0.0,0.0,0.0,0.0,0.0,0.0,0.0,0.0,0.0,0.0,0.0,0.0,0.0,0.0,0.0,0.0,0.0,0.0,1.9761904761904745,1.9761904761904745,7.499999999999999,1.6071428571428588,1.6071428571428588,1.6071428571428588,1.6071428571428588,1.6071428571428588,1.6071428571428588,1.6071428571428588,1.6071428571428588,1.6071428571428588,1.6071428571428588,1.6071428571428588,1.6071428571428588,4.642857142857142,8.214285714285712,15.357142857142865,15.357142857142865,2.034161490683229,2.034161490683229,18.993506493506494,8.928571428571427,8.928571428571427,11.551948051948049,0.357142857142861,0.357142857142861,0.357142857142861,0.357142857142861,0.357142857142861,0.357142857142861,0.357142857142861,0.357142857142861,0.357142857142861,0.357142857142861,0.357142857142861,0.357142857142861,0.357142857142861,0.357142857142861,0.357142857142861,0.357142857142861,0.357142857142861,0.357142857142861,0.357142857142861,0.357142857142861,0.357142857142861,0.357142857142861,0.357142857142861,0.357142857142861,0.357142857142861,0.357142857142861,0.357142857142861,0.357142857142861,0.357142857142861,0.357142857142861,0.357142857142861,0.357142857142861,0.357142857142861,0.357142857142861,0.357142857142861,0.357142857142861,0.357142857142861,0.357142857142861,0.357142857142861,0.357142857142861,0.357142857142861,0.357142857142861,0.357142857142861,0.357142857142861,0.357142857142861,0.357142857142861,0.357142857142861,0.357142857142861,0.357142857142861,0.357142857142861,0.357142857142861,0.357142857142861,0.357142857142861,0.357142857142861,0.357142857142861,0.357142857142861,0.357142857142861,0.357142857142861,5.3571428571428585,3.785714285714286,17.35714285714286,3.6172161172161146,9.285714285714283,9.285714285714283,11.309523809523807,11.214285714285714,0.26785714285714257,0.26785714285714257,0.26785714285714257,0.26785714285714257,0.26785714285714257,0.26785714285714257,0.26785714285714257,0.26785714285714257,0.26785714285714257,0.26785714285714257,0.26785714285714257,0.26785714285714257,0.26785714285714257,0.26785714285714257,0.26785714285714257,0.26785714285714257,0.26785714285714257,0.26785714285714257,0.26785714285714257,0.26785714285714257,0.26785714285714257,0.26785714285714257,0.26785714285714257,0.26785714285714257,0.26785714285714257,0.26785714285714257,0.26785714285714257,0.26785714285714257,0.26785714285714257,0.26785714285714257,0.26785714285714257,0.26785714285714257,0.26785714285714257,0.26785714285714257,0.26785714285714257,0.26785714285714257,0.26785714285714257,0.26785714285714257,0.26785714285714257,0.26785714285714257,0.26785714285714257,0.26785714285714257,0.26785714285714257,0.26785714285714257,0.26785714285714257,0.26785714285714257,0.26785714285714257,0.26785714285714257,0.26785714285714257,0.26785714285714257,7.142857142857143,7.142857142857143,10.357142857142854,10.357142857142854,10.357142857142854,10.357142857142854,10.357142857142854,10.357142857142854,10.357142857142854,13.642857142857142,13.642857142857142,13.642857142857142,13.642857142857142,15.412087912087909,15.412087912087909,15.412087912087909,17.274436090225564,2.1428571428571423,2.1428571428571423,2.1428571428571423,2.1428571428571423,2.1428571428571423,2.1428571428571423,2.1428571428571423,2.1428571428571423,2.1428571428571423,2.1428571428571423,2.1428571428571423
19.95714285714287,7.370129870129869,7.370129870129869,9.226190476190476,9.357142857142861,2.8571428571428568,0.8571428571428581,0.8571428571428581,0.8571428571428581,0.8571428571428581,0.8571428571428581,5.9761904761904745,5.9761904761904745,5.9761904761904745,10.357142857142854,0.0,0.0,0.0,0.0,0.0,0.0,0.0,0.0,0.0,0.0,0.0,0.0,0.0,0.0,0.0,0.0,0.0,0.0,0.0,0.0,0.0,0.0,0.0,0.0,1.9761904761904745,1.9761904761904745,7.499999999999999,1.6071428571428588,1.6071428571428588,1.6071428571428588,1.6071428571428588,1.6071428571428588,1.6071428571428588,1.6071428571428588,1.6071428571428588,1.6071428571428588,1.6071428571428588,1.6071428571428588,1.6071428571428588,4.642857142857142,8.214285714285712,15.357142857142865,15.357142857142865,2.034161490683229,2.034161490683229,18.993506493506494,8.928571428571427,8.928571428571427,11.551948051948049,0.357142857142861,0.357142857142861,0.357142857142861,0.357142857142861,0.357142857142861,0.357142857142861,0.357142857142861,0.357142857142861,0.357142857142861,0.357142857142861,0.357142857142861,0.357142857142861,0.357142857142861,0.357142857142861,0.357142857142861,0.357142857142861,0.357142857142861,0.357142857142861,0.357142857142861,0.357142857142861,0.357142857142861,0.357142857142861,0.357142857142861,0.357142857142861,0.357142857142861,0.357142857142861,0.357142857142861,0.357142857142861,0.357142857142861,0.357142857142861,0.357142857142861,0.357142857142861,0.357142857142861,0.357142857142861,0.357142857142861,0.357142857142861,0.357142857142861,0.357142857142861,0.357142857142861,0.357142857142861,0.357142857142861,0.357142857142861,0.357142857142861,0.357142857142861,0.357142857142861,0.357142857142861,0.357142857142861,0.357142857142861,0.357142857142861,0.357142857142861,0.357142857142861,0.357142857142861,0.357142857142861,0.357142857142861,0.357142857142861,0.357142857142861,0.357142857142861,0.357142857142861,5.3571428571428585,3.785714285714286,17.35714285714286,3.6172161172161146,9.285714285714283,9.285714285714283,11.309523809523807,11.214285714285714,0.26785714285714257,0.26785714285714257,0.26785714285714257,0.26785714285714257,0.26785714285714257,0.26785714285714257,0.26785714285714257,0.26785714285714257,0.26785714285714257,0.26785714285714257,0.26785714285714257,0.26785714285714257,0.26785714285714257,0.26785714285714257,0.26785714285714257,0.26785714285714257,0.26785714285714257,0.26785714285714257,0.26785714285714257,0.26785714285714257,0.26785714285714257,0.26785714285714257,0.26785714285714257,0.26785714285714257,0.26785714285714257,0.26785714285714257,0.26785714285714257,0.26785714285714257,0.26785714285714257,0.26785714285714257,0.26785714285714257,0.26785714285714257,0.26785714285714257,0.26785714285714257,0.26785714285714257,0.26785714285714257,0.26785714285714257,0.26785714285714257,0.26785714285714257,0.26785714285714257,0.26785714285714257,0.26785714285714257,0.26785714285714257,0.26785714285714257,0.26785714285714257,0.26785714285714257,0.26785714285714257,0.26785714285714257,0.26785714285714257,0.26785714285714257,7.142857142857143,7.142857142857143,10.357142857142854,10.357142857142854,10.357142857142854,10.357142857142854,10.357142857142854,10.357142857142854,10.357142857142854,13.642857142857142,13.642857142857142,13.642857142857142,13.642857142857142,15.412087912087909,15.412087912087909,15.412087912087909,17.274436090225564,2.1428571428571423,2.1428571428571423,2.1428571428571423,2.1428571428571423,2.1428571428571423,2.1428571428571423,2.1428571428571423,2.1428571428571423,2.1428571428571423,2.1428571428571423,2.1428571428571423
19.95714285714287,7.370129870129869,7.370129870129869,9.226190476190476,9.357142857142861,2.8571428571428568,0.8571428571428581,0.8571428571428581,0.8571428571428581,0.8571428571428581,0.8571428571428581,5.9761904761904745,5.9761904761904745,5.9761904761904745,10.357142857142854,0.0,0.0,0.0,0.0,0.0,0.0,0.0,0.0,0.0,0.0,0.0,0.0,0.0,0.0,0.0,0.0,0.0,0.0,0.0,0.0,0.0,0.0,0.0,0.0,1.9761904761904745,1.9761904761904745,7.499999999999999,1.6071428571428588,1.6071428571428588,1.6071428571428588,1.6071428571428588,1.6071428571428588,1.6071428571428588,1.6071428571428588,1.6071428571428588,1.6071428571428588,1.6071428571428588,1.6071428571428588,1.6071428571428588,4.642857142857142,8.214285714285712,15.357142857142865,15.357142857142865,2.034161490683229,2.034161490683229,18.993506493506494,8.928571428571427,8.928571428571427,11.551948051948049,0.357142857142861,0.357142857142861,0.357142857142861,0.357142857142861,0.357142857142861,0.357142857142861,0.357142857142861,0.357142857142861,0.357142857142861,0.357142857142861,0.357142857142861,0.357142857142861,0.357142857142861,0.357142857142861,0.357142857142861,0.357142857142861,0.357142857142861,0.357142857142861,0.357142857142861,0.357142857142861,0.357142857142861,0.357142857142861,0.357142857142861,0.357142857142861,0.357142857142861,0.357142857142861,0.357142857142861,0.357142857142861,0.357142857142861,0.357142857142861,0.357142857142861,0.357142857142861,0.357142857142861,0.357142857142861,0.357142857142861,0.357142857142861,0.357142857142861,0.357142857142861,0.357142857142861,0.357142857142861,0.357142857142861,0.357142857142861,0.357142857142861,0.357142857142861,0.357142857142861,0.357142857142861,0.357142857142861,0.357142857142861,0.357142857142861,0.357142857142861,0.357142857142861,0.357142857142861,0.357142857142861,0.357142857142861,0.357142857142861,0.357142857142861,0.357142857142861,0.357142857142861,5.3571428571428585,3.785714285714286,17.35714285714286,3.6172161172161146,9.285714285714283,9.285714285714283,11.309523809523807,11.214285714285714,0.26785714285714257,0.26785714285714257,0.26785714285714257,0.26785714285714257,0.26785714285714257,0.26785714285714257,0.26785714285714257,0.26785714285714257,0.26785714285714257,0.26785714285714257,0.26785714285714257,0.26785714285714257,0.26785714285714257,0.26785714285714257,0.26785714285714257,0.26785714285714257,0.26785714285714257,0.26785714285714257,0.26785714285714257,0.26785714285714257,0.26785714285714257,0.26785714285714257,0.26785714285714257,0.26785714285714257,0.26785714285714257,0.26785714285714257,0.26785714285714257,0.26785714285714257,0.26785714285714257,0.26785714285714257,0.26785714285714257,0.26785714285714257,0.26785714285714257,0.26785714285714257,0.26785714285714257,0.26785714285714257,0.26785714285714257,0.26785714285714257,0.26785714285714257,0.26785714285714257,0.26785714285714257,0.26785714285714257,0.26785714285714257,0.26785714285714257,0.26785714285714257,0.26785714285714257,0.26785714285714257,0.26785714285714257,0.26785714285714257,0.26785714285714257,7.142857142857143,7.142857142857143,10.357142857142854,10.357142857142854,10.357142857142854,10.357142857142854,10.357142857142854,10.357142857142854,10.357142857142854,13.642857142857142,13.642857142857142,13.642857142857142,13.642857142857142,15.412087912087909,15.412087912087909,15.412087912087909,17.274436090225564,2.1428571428571423,2.1428571428571423,2.1428571428571423,2.1428571428571423,2.1428571428571423,2.1428571428571423,2.1428571428571423,2.1428571428571423,2.1428571428571423,2.1428571428571423,2.1428571428571423
19.95714285714287,7.370129870129869,7.370129870129869,9.226190476190476,9.357142857142861,2.8571428571428568,0.8571428571428581,0.8571428571428581,0.8571428571428581,0.8571428571428581,0.8571428571428581,5.9761904761904745,5.9761904761904745,5.9761904761904745,10.357142857142854,0.0,0.0,0.0,0.0,0.0,0.0,0.0,0.0,0.0,0.0,0.0,0.0,0.0,0.0,0.0,0.0,0.0,0.0,0.0,0.0,0.0,0.0,0.0,0.0,1.9761904761904745,1.9761904761904745,7.499999999999999,1.6071428571428588,1.6071428571428588,1.6071428571428588,1.6071428571428588,1.6071428571428588,1.6071428571428588,1.6071428571428588,1.6071428571428588,1.6071428571428588,1.6071428571428588,1.6071428571428588,1.6071428571428588,4.642857142857142,8.214285714285712,15.357142857142865,15.357142857142865,2.034161490683229,2.034161490683229,18.993506493506494,8.928571428571427,8.928571428571427,11.551948051948049,0.357142857142861,0.357142857142861,0.357142857142861,0.357142857142861,0.357142857142861,0.357142857142861,0.357142857142861,0.357142857142861,0.357142857142861,0.357142857142861,0.357142857142861,0.357142857142861,0.357142857142861,0.357142857142861,0.357142857142861,0.357142857142861,0.357142857142861,0.357142857142861,0.357142857142861,0.357142857142861,0.357142857142861,0.357142857142861,0.357142857142861,0.357142857142861,0.357142857142861,0.357142857142861,0.357142857142861,0.357142857142861,0.357142857142861,0.357142857142861,0.357142857142861,0.357142857142861,0.357142857142861,0.357142857142861,0.357142857142861,0.357142857142861,0.357142857142861,0.357142857142861,0.357142857142861,0.357142857142861,0.357142857142861,0.357142857142861,0.357142857142861,0.357142857142861,0.357142857142861,0.357142857142861,0.357142857142861,0.357142857142861,0.357142857142861,0.357142857142861,0.357142857142861,0.357142857142861,0.357142857142861,0.357142857142861,0.357142857142861,0.357142857142861,0.357142857142861,0.357142857142861,5.3571428571428585,3.785714285714286,17.35714285714286,3.6172161172161146,9.285714285714283,9.285714285714283,11.309523809523807,11.214285714285714,0.26785714285714257,0.26785714285714257,0.26785714285714257,0.26785714285714257,0.26785714285714257,0.26785714285714257,0.26785714285714257,0.26785714285714257,0.26785714285714257,0.26785714285714257,0.26785714285714257,0.26785714285714257,0.26785714285714257,0.26785714285714257,0.26785714285714257,0.26785714285714257,0.26785714285714257,0.26785714285714257,0.26785714285714257,0.26785714285714257,0.26785714285714257,0.26785714285714257,0.26785714285714257,0.26785714285714257,0.26785714285714257,0.26785714285714257,0.26785714285714257,0.26785714285714257,0.26785714285714257,0.26785714285714257,0.26785714285714257,0.26785714285714257,0.26785714285714257,0.26785714285714257,0.26785714285714257,0.26785714285714257,0.26785714285714257,0.26785714285714257,0.26785714285714257,0.26785714285714257,0.26785714285714257,0.26785714285714257,0.26785714285714257,0.26785714285714257,0.26785714285714257,0.26785714285714257,0.26785714285714257,0.26785714285714257,0.26785714285714257,0.26785714285714257,7.142857142857143,7.142857142857143,10.357142857142854,10.357142857142854,10.357142857142854,10.357142857142854,10.357142857142854,10.357142857142854,10.357142857142854,13.642857142857142,13.642857142857142,13.642857142857142,13.642857142857142,15.412087912087909,15.412087912087909,15.412087912087909,17.274436090225564,2.1428571428571423,2.1428571428571423,2.1428571428571423,2.1428571428571423,2.1428571428571423,2.1428571428571423,2.1428571428571423,2.1428571428571423,2.1428571428571423,2.1428571428571423,2.1428571428571423
19.95714285714287,7.370129870129869,7.370129870129869,9.226190476190476,9.357142857142861,2.8571428571428568,0.8571428571428581,0.8571428571428581,0.8571428571428581,0.8571428571428581,0.8571428571428581,5.9761904761904745,5.9761904761904745,5.9761904761904745,10.357142857142854,0.0,0.0,0.0,0.0,0.0,0.0,0.0,0.0,0.0,0.0,0.0,0.0,0.0,0.0,0.0,0.0,0.0,0.0,0.0,0.0,0.0,0.0,0.0,0.0,1.9761904761904745,1.9761904761904745,7.499999999999999,1.6071428571428588,1.6071428571428588,1.6071428571428588,1.6071428571428588,1.6071428571428588,1.6071428571428588,1.6071428571428588,1.6071428571428588,1.6071428571428588,1.6071428571428588,1.6071428571428588,1.6071428571428588,4.642857142857142,8.214285714285712,15.357142857142865,15.357142857142865,2.034161490683229,2.034161490683229,18.993506493506494,8.928571428571427,8.928571428571427,11.551948051948049,0.357142857142861,0.357142857142861,0.357142857142861,0.357142857142861,0.357142857142861,0.357142857142861,0.357142857142861,0.357142857142861,0.357142857142861,0.357142857142861,0.357142857142861,0.357142857142861,0.357142857142861,0.357142857142861,0.357142857142861,0.357142857142861,0.357142857142861,0.357142857142861,0.357142857142861,0.357142857142861,0.357142857142861,0.357142857142861,0.357142857142861,0.357142857142861,0.357142857142861,0.357142857142861,0.357142857142861,0.357142857142861,0.357142857142861,0.357142857142861,0.357142857142861,0.357142857142861,0.357142857142861,0.357142857142861,0.357142857142861,0.357142857142861,0.357142857142861,0.357142857142861,0.357142857142861,0.357142857142861,0.357142857142861,0.357142857142861,0.357142857142861,0.357142857142861,0.357142857142861,0.357142857142861,0.357142857142861,0.357142857142861,0.357142857142861,0.357142857142861,0.357142857142861,0.357142857142861,0.357142857142861,0.357142857142861,0.357142857142861,0.357142857142861,0.357142857142861,0.357142857142861,5.3571428571428585,3.785714285714286,17.35714285714286,3.6172161172161146,9.285714285714283,9.285714285714283,11.309523809523807,11.214285714285714,0.26785714285714257,0.26785714285714257,0.26785714285714257,0.26785714285714257,0.26785714285714257,0.26785714285714257,0.26785714285714257,0.26785714285714257,0.26785714285714257,0.26785714285714257,0.26785714285714257,0.26785714285714257,0.26785714285714257,0.26785714285714257,0.26785714285714257,0.26785714285714257,0.26785714285714257,0.26785714285714257,0.26785714285714257,0.26785714285714257,0.26785714285714257,0.26785714285714257,0.26785714285714257,0.26785714285714257,0.26785714285714257,0.26785714285714257,0.26785714285714257,0.26785714285714257,0.26785714285714257,0.26785714285714257,0.26785714285714257,0.26785714285714257,0.26785714285714257,0.26785714285714257,0.26785714285714257,0.26785714285714257,0.26785714285714257,0.26785714285714257,0.26785714285714257,0.26785714285714257,0.26785714285714257,0.26785714285714257,0.26785714285714257,0.26785714285714257,0.26785714285714257,0.26785714285714257,0.26785714285714257,0.26785714285714257,0.26785714285714257,0.26785714285714257,7.142857142857143,7.142857142857143,10.357142857142854,10.357142857142854,10.357142857142854,10.357142857142854,10.357142857142854,10.357142857142854,10.357142857142854,13.642857142857142,13.642857142857142,13.642857142857142,13.642857142857142,15.412087912087909,15.412087912087909,15.412087912087909,17.274436090225564,2.1428571428571423,2.1428571428571423,2.1428571428571423,2.1428571428571423,2.1428571428571423,2.1428571428571423,2.1428571428571423,2.1428571428571423,2.1428571428571423,2.1428571428571423,2.1428571428571423
19.95714285714287,7.370129870129869,7.370129870129869,9.226190476190476,9.357142857142861,2.8571428571428568,0.8571428571428581,0.8571428571428581,0.8571428571428581,0.8571428571428581,0.8571428571428581,5.9761904761904745,5.9761904761904745,5.9761904761904745,10.357142857142854,0.0,0.0,0.0,0.0,0.0,0.0,0.0,0.0,0.0,0.0,0.0,0.0,0.0,0.0,0.0,0.0,0.0,0.0,0.0,0.0,0.0,0.0,0.0,0.0,1.9761904761904745,1.9761904761904745,7.499999999999999,1.6071428571428588,1.6071428571428588,1.6071428571428588,1.6071428571428588,1.6071428571428588,1.6071428571428588,1.6071428571428588,1.6071428571428588,1.6071428571428588,1.6071428571428588,1.6071428571428588,1.6071428571428588,4.642857142857142,8.214285714285712,15.357142857142865,15.357142857142865,2.034161490683229,2.034161490683229,18.993506493506494,8.928571428571427,8.928571428571427,11.551948051948049,0.357142857142861,0.357142857142861,0.357142857142861,0.357142857142861,0.357142857142861,0.357142857142861,0.357142857142861,0.357142857142861,0.357142857142861,0.357142857142861,0.357142857142861,0.357142857142861,0.357142857142861,0.357142857142861,0.357142857142861,0.357142857142861,0.357142857142861,0.357142857142861,0.357142857142861,0.357142857142861,0.357142857142861,0.357142857142861,0.357142857142861,0.357142857142861,0.357142857142861,0.357142857142861,0.357142857142861,0.357142857142861,0.357142857142861,0.357142857142861,0.357142857142861,0.357142857142861,0.357142857142861,0.357142857142861,0.357142857142861,0.357142857142861,0.357142857142861,0.357142857142861,0.357142857142861,0.357142857142861,0.357142857142861,0.357142857142861,0.357142857142861,0.357142857142861,0.357142857142861,0.357142857142861,0.357142857142861,0.357142857142861,0.357142857142861,0.357142857142861,0.357142857142861,0.357142857142861,0.357142857142861,0.357142857142861,0.357142857142861,0.357142857142861,0.357142857142861,0.357142857142861,5.3571428571428585,3.785714285714286,17.35714285714286,3.6172161172161146,9.285714285714283,9.285714285714283,11.309523809523807,11.214285714285714,0.26785714285714257,0.26785714285714257,0.26785714285714257,0.26785714285714257,0.26785714285714257,0.26785714285714257,0.26785714285714257,0.26785714285714257,0.26785714285714257,0.26785714285714257,0.26785714285714257,0.26785714285714257,0.26785714285714257,0.26785714285714257,0.26785714285714257,0.26785714285714257,0.26785714285714257,0.26785714285714257,0.26785714285714257,0.26785714285714257,0.26785714285714257,0.26785714285714257,0.26785714285714257,0.26785714285714257,0.26785714285714257,0.26785714285714257,0.26785714285714257,0.26785714285714257,0.26785714285714257,0.26785714285714257,0.26785714285714257,0.26785714285714257,0.26785714285714257,0.26785714285714257,0.26785714285714257,0.26785714285714257,0.26785714285714257,0.26785714285714257,0.26785714285714257,0.26785714285714257,0.26785714285714257,0.26785714285714257,0.26785714285714257,0.26785714285714257,0.26785714285714257,0.26785714285714257,0.26785714285714257,0.26785714285714257,0.26785714285714257,0.26785714285714257,7.142857142857143,7.142857142857143,10.357142857142854,10.357142857142854,10.357142857142854,10.357142857142854,10.357142857142854,10.357142857142854,10.357142857142854,13.642857142857142,13.642857142857142,13.642857142857142,13.642857142857142,15.412087912087909,15.412087912087909,15.412087912087909,17.274436090225564,2.1428571428571423,2.1428571428571423,2.1428571428571423,2.1428571428571423,2.1428571428571423,2.1428571428571423,2.1428571428571423,2.1428571428571423,2.1428571428571423,2.1428571428571423,2.1428571428571423
19.95714285714287,7.370129870129869,7.370129870129869,9.226190476190476,9.357142857142861,2.8571428571428568,0.8571428571428581,0.8571428571428581,0.8571428571428581,0.8571428571428581,0.8571428571428581,5.9761904761904745,5.9761904761904745,5.9761904761904745,10.357142857142854,0.0,0.0,0.0,0.0,0.0,0.0,0.0,0.0,0.0,0.0,0.0,0.0,0.0,0.0,0.0,0.0,0.0,0.0,0.0,0.0,0.0,0.0,0.0,0.0,1.9761904761904745,1.9761904761904745,7.499999999999999,1.6071428571428588,1.6071428571428588,1.6071428571428588,1.6071428571428588,1.6071428571428588,1.6071428571428588,1.6071428571428588,1.6071428571428588,1.6071428571428588,1.6071428571428588,1.6071428571428588,1.6071428571428588,4.642857142857142,8.214285714285712,15.357142857142865,15.357142857142865,2.034161490683229,2.034161490683229,18.993506493506494,8.928571428571427,8.928571428571427,11.551948051948049,0.357142857142861,0.357142857142861,0.357142857142861,0.357142857142861,0.357142857142861,0.357142857142861,0.357142857142861,0.357142857142861,0.357142857142861,0.357142857142861,0.357142857142861,0.357142857142861,0.357142857142861,0.357142857142861,0.357142857142861,0.357142857142861,0.357142857142861,0.357142857142861,0.357142857142861,0.357142857142861,0.357142857142861,0.357142857142861,0.357142857142861,0.357142857142861,0.357142857142861,0.357142857142861,0.357142857142861,0.357142857142861,0.357142857142861,0.357142857142861,0.357142857142861,0.357142857142861,0.357142857142861,0.357142857142861,0.357142857142861,0.357142857142861,0.357142857142861,0.357142857142861,0.357142857142861,0.357142857142861,0.357142857142861,0.357142857142861,0.357142857142861,0.357142857142861,0.357142857142861,0.357142857142861,0.357142857142861,0.357142857142861,0.357142857142861,0.357142857142861,0.357142857142861,0.357142857142861,0.357142857142861,0.357142857142861,0.357142857142861,0.357142857142861,0.357142857142861,0.357142857142861,5.3571428571428585,3.785714285714286,17.35714285714286,3.6172161172161146,9.285714285714283,9.285714285714283,11.309523809523807,11.214285714285714,0.26785714285714257,0.26785714285714257,0.26785714285714257,0.26785714285714257,0.26785714285714257,0.26785714285714257,0.26785714285714257,0.26785714285714257,0.26785714285714257,0.26785714285714257,0.26785714285714257,0.26785714285714257,0.26785714285714257,0.26785714285714257,0.26785714285714257,0.26785714285714257,0.26785714285714257,0.26785714285714257,0.26785714285714257,0.26785714285714257,0.26785714285714257,0.26785714285714257,0.26785714285714257,0.26785714285714257,0.26785714285714257,0.26785714285714257,0.26785714285714257,0.26785714285714257,0.26785714285714257,0.26785714285714257,0.26785714285714257,0.26785714285714257,0.26785714285714257,0.26785714285714257,0.26785714285714257,0.26785714285714257,0.26785714285714257,0.26785714285714257,0.26785714285714257,0.26785714285714257,0.26785714285714257,0.26785714285714257,0.26785714285714257,0.26785714285714257,0.26785714285714257,0.26785714285714257,0.26785714285714257,0.26785714285714257,0.26785714285714257,0.26785714285714257,7.142857142857143,7.142857142857143,10.357142857142854,10.357142857142854,10.357142857142854,10.357142857142854,10.357142857142854,10.357142857142854,10.357142857142854,13.642857142857142,13.642857142857142,13.642857142857142,13.642857142857142,15.412087912087909,15.412087912087909,15.412087912087909,17.274436090225564,2.1428571428571423,2.1428571428571423,2.1428571428571423,2.1428571428571423,2.1428571428571423,2.1428571428571423,2.1428571428571423,2.1428571428571423,2.1428571428571423,2.1428571428571423,2.1428571428571423
21.933333333333337,5.3939393939393945,5.3939393939393945,7.25,11.333333333333332,4.833333333333332,2.8333333333333326,2.8333333333333326,2.8333333333333326,2.8333333333333326,2.8333333333333326,3.999999999999999,3.999999999999999,3.999999999999999,12.333333333333334,1.9761904761904745,1.9761904761904745,1.9761904761904745,1.9761904761904745,1.9761904761904745,1.9761904761904745,1.9761904761904745,1.9761904761904745,1.9761904761904745,1.9761904761904745,1.9761904761904745,1.9761904761904745,1.9761904761904745,1.9761904761904745,1.9761904761904745,1.9761904761904745,1.9761904761904745,1.9761904761904745,1.9761904761904745,1.9761904761904745,1.9761904761904745,1.9761904761904745,1.9761904761904745,1.9761904761904745,0.0,0.0,5.523809523809526,3.583333333333333,3.583333333333333,3.583333333333333,3.583333333333333,3.583333333333333,3.583333333333333,3.583333333333333,3.583333333333333,3.583333333333333,3.583333333333333,3.583333333333333,3.583333333333333,3.246376811594203,6.238095238095238,17.333333333333336,17.333333333333336,0.6376811594202896,0.6376811594202896,20.96969696969696,6.952380952380952,6.952380952380952,9.575757575757578,2.3333333333333353,2.3333333333333353,2.3333333333333353,2.3333333333333353,2.3333333333333353,2.3333333333333353,2.3333333333333353,2.3333333333333353,2.3333333333333353,2.3333333333333353,2.3333333333333353,2.3333333333333353,2.3333333333333353,2.3333333333333353,2.3333333333333353,2.3333333333333353,2.3333333333333353,2.3333333333333353,2.3333333333333353,2.3333333333333353,2.3333333333333353,2.3333333333333353,2.3333333333333353,2.3333333333333353,2.3333333333333353,2.3333333333333353,2.3333333333333353,2.3333333333333353,2.3333333333333353,2.3333333333333353,2.3333333333333353,2.3333333333333353,2.3333333333333353,2.3333333333333353,2.3333333333333353,2.3333333333333353,2.3333333333333353,2.3333333333333353,2.3333333333333353,2.3333333333333353,2.3333333333333353,2.3333333333333353,2.3333333333333353,2.3333333333333353,2.3333333333333353,2.3333333333333353,2.3333333333333353,2.3333333333333353,2.3333333333333353,2.3333333333333353,2.3333333333333353,2.3333333333333353,2.3333333333333353,2.3333333333333353,2.3333333333333353,2.3333333333333353,2.3333333333333353,2.3333333333333353,7.333333333333331,2.7619047619047605,19.333333333333332,2.666666666666665,7.309523809523807,7.309523809523807,9.333333333333336,9.238095238095239,1.7083333333333335,1.7083333333333335,1.7083333333333335,1.7083333333333335,1.7083333333333335,1.7083333333333335,1.7083333333333335,1.7083333333333335,1.7083333333333335,1.7083333333333335,1.7083333333333335,1.7083333333333335,1.7083333333333335,1.7083333333333335,1.7083333333333335,1.7083333333333335,1.7083333333333335,1.7083333333333335,1.7083333333333335,1.7083333333333335,1.7083333333333335,1.7083333333333335,1.7083333333333335,1.7083333333333335,1.7083333333333335,1.7083333333333335,1.7083333333333335,1.7083333333333335,1.7083333333333335,1.7083333333333335,1.7083333333333335,1.7083333333333335,1.7083333333333335,1.7083333333333335,1.7083333333333335,1.7083333333333335,1.7083333333333335,1.7083333333333335,1.7083333333333335,1.7083333333333335,1.7083333333333335,1.7083333333333335,1.7083333333333335,1.7083333333333335,1.7083333333333335,1.7083333333333335,1.7083333333333335,1.7083333333333335,1.7083333333333335,1.7083333333333335,6.833333333333333,6.833333333333333,8.380952380952383,8.380952380952383,8.380952380952383,8.380952380952383,8.380952380952383,8.380952380952383,8.380952380952383,11.666666666666666,11.666666666666666,11.666666666666666,11.666666666666666,13.435897435897434,13.435897435897434,13.435897435897434,15.298245614035089,1.8333333333333328,1.8333333333333328,1.8333333333333328,1.8333333333333328,1.8333333333333328,1.8333333333333328,1.8333333333333328,1.8333333333333328,1.8333333333333328,1.8333333333333328,1.8333333333333328
21.933333333333337,5.3939393939393945,5.3939393939393945,7.25,11.333333333333332,4.833333333333332,2.8333333333333326,2.8333333333333326,2.8333333333333326,2.8333333333333326,2.8333333333333326,3.999999999999999,3.999999999999999,3.999999999999999,12.333333333333334,1.9761904761904745,1.9761904761904745,1.9761904761904745,1.9761904761904745,1.9761904761904745,1.9761904761904745,1.9761904761904745,1.9761904761904745,1.9761904761904745,1.9761904761904745,1.9761904761904745,1.9761904761904745,1.9761904761904745,1.9761904761904745,1.9761904761904745,1.9761904761904745,1.9761904761904745,1.9761904761904745,1.9761904761904745,1.9761904761904745,1.9761904761904745,1.9761904761904745,1.9761904761904745,1.9761904761904745,0.0,0.0,5.523809523809526,3.583333333333333,3.583333333333333,3.583333333333333,3.583333333333333,3.583333333333333,3.583333333333333,3.583333333333333,3.583333333333333,3.583333333333333,3.583333333333333,3.583333333333333,3.583333333333333,3.246376811594203,6.238095238095238,17.333333333333336,17.333333333333336,0.6376811594202896,0.6376811594202896,20.96969696969696,6.952380952380952,6.952380952380952,9.575757575757578,2.3333333333333353,2.3333333333333353,2.3333333333333353,2.3333333333333353,2.3333333333333353,2.3333333333333353,2.3333333333333353,2.3333333333333353,2.3333333333333353,2.3333333333333353,2.3333333333333353,2.3333333333333353,2.3333333333333353,2.3333333333333353,2.3333333333333353,2.3333333333333353,2.3333333333333353,2.3333333333333353,2.3333333333333353,2.3333333333333353,2.3333333333333353,2.3333333333333353,2.3333333333333353,2.3333333333333353,2.3333333333333353,2.3333333333333353,2.3333333333333353,2.3333333333333353,2.3333333333333353,2.3333333333333353,2.3333333333333353,2.3333333333333353,2.3333333333333353,2.3333333333333353,2.3333333333333353,2.3333333333333353,2.3333333333333353,2.3333333333333353,2.3333333333333353,2.3333333333333353,2.3333333333333353,2.3333333333333353,2.3333333333333353,2.3333333333333353,2.3333333333333353,2.3333333333333353,2.3333333333333353,2.3333333333333353,2.3333333333333353,2.3333333333333353,2.3333333333333353,2.3333333333333353,2.3333333333333353,2.3333333333333353,2.3333333333333353,2.3333333333333353,2.3333333333333353,2.3333333333333353,7.333333333333331,2.7619047619047605,19.333333333333332,2.666666666666665,7.309523809523807,7.309523809523807,9.333333333333336,9.238095238095239,1.7083333333333335,1.7083333333333335,1.7083333333333335,1.7083333333333335,1.7083333333333335,1.7083333333333335,1.7083333333333335,1.7083333333333335,1.7083333333333335,1.7083333333333335,1.7083333333333335,1.7083333333333335,1.7083333333333335,1.7083333333333335,1.7083333333333335,1.7083333333333335,1.7083333333333335,1.7083333333333335,1.7083333333333335,1.7083333333333335,1.7083333333333335,1.7083333333333335,1.7083333333333335,1.7083333333333335,1.7083333333333335,1.7083333333333335,1.7083333333333335,1.7083333333333335,1.7083333333333335,1.7083333333333335,1.7083333333333335,1.7083333333333335,1.7083333333333335,1.7083333333333335,1.7083333333333335,1.7083333333333335,1.7083333333333335,1.7083333333333335,1.7083333333333335,1.7083333333333335,1.7083333333333335,1.7083333333333335,1.7083333333333335,1.7083333333333335,1.7083333333333335,1.7083333333333335,1.7083333333333335,1.7083333333333335,1.7083333333333335,1.7083333333333335,6.833333333333333,6.833333333333333,8.380952380952383,8.380952380952383,8.380952380952383,8.380952380952383,8.380952380952383,8.380952380952383,8.380952380952383,11.666666666666666,11.666666666666666,11.666666666666666,11.666666666666666,13.435897435897434,13.435897435897434,13.435897435897434,15.298245614035089,1.8333333333333328,1.8333333333333328,1.8333333333333328,1.8333333333333328,1.8333333333333328,1.8333333333333328,1.8333333333333328,1.8333333333333328,1.8333333333333328,1.8333333333333328,1.8333333333333328
27.457142857142866,1.168831168831168,1.168831168831168,1.7261904761904758,16.857142857142865,10.357142857142854,8.357142857142858,8.357142857142858,8.357142857142858,8.357142857142858,8.357142857142858,1.523809523809526,1.523809523809526,1.523809523809526,17.857142857142858,7.499999999999999,7.499999999999999,7.499999999999999,7.499999999999999,7.499999999999999,7.499999999999999,7.499999999999999,7.499999999999999,7.499999999999999,7.499999999999999,7.499999999999999,7.499999999999999,7.499999999999999,7.499999999999999,7.499999999999999,7.499999999999999,7.499999999999999,7.499999999999999,7.499999999999999,7.499999999999999,7.499999999999999,7.499999999999999,7.499999999999999,7.499999999999999,5.523809523809526,5.523809523809526,0.0,9.107142857142858,9.107142857142858,9.107142857142858,9.107142857142858,9.107142857142858,9.107142857142858,9.107142857142858,9.107142857142858,9.107142857142858,9.107142857142858,9.107142857142858,9.107142857142858,2.8571428571428568,0.7142857142857141,22.857142857142854,22.857142857142854,5.46583850931677,5.46583850931677,26.493506493506494,1.4285714285714293,1.4285714285714293,4.051948051948052,7.857142857142862,7.857142857142862,7.857142857142862,7.857142857142862,7.857142857142862,7.857142857142862,7.857142857142862,7.857142857142862,7.857142857142862,7.857142857142862,7.857142857142862,7.857142857142862,7.857142857142862,7.857142857142862,7.857142857142862,7.857142857142862,7.857142857142862,7.857142857142862,7.857142857142862,7.857142857142862,7.857142857142862,7.857142857142862,7.857142857142862,7.857142857142862,7.857142857142862,7.857142857142862,7.857142857142862,7.857142857142862,7.857142857142862,7.857142857142862,7.857142857142862,7.857142857142862,7.857142857142862,7.857142857142862,7.857142857142862,7.857142857142862,7.857142857142862,7.857142857142862,7.857142857142862,7.857142857142862,7.857142857142862,7.857142857142862,7.857142857142862,7.857142857142862,7.857142857142862,7.857142857142862,7.857142857142862,7.857142857142862,7.857142857142862,7.857142857142862,7.857142857142862,7.857142857142862,7.857142857142862,7.857142857142862,7.857142857142862,7.857142857142862,7.857142857142862,7.857142857142862,12.857142857142858,3.714285714285715,24.857142857142858,3.8827838827838845,1.7857142857142851,1.7857142857142851,3.809523809523807,3.7142857142857144,7.232142857142857,7.232142857142857,7.232142857142857,7.232142857142857,7.232142857142857,7.232142857142857,7.232142857142857,7.232142857142857,7.232142857142857,7.232142857142857,7.232142857142857,7.232142857142857,7.232142857142857,7.232142857142857,7.232142857142857,7.232142857142857,7.232142857142857,7.232142857142857,7.232142857142857,7.232142857142857,7.232142857142857,7.232142857142857,7.232142857142857,7.232142857142857,7.232142857142857,7.232142857142857,7.232142857142857,7.232142857142857,7.232142857142857,7.232142857142857,7.232142857142857,7.232142857142857,7.232142857142857,7.232142857142857,7.232142857142857,7.232142857142857,7.232142857142857,7.232142857142857,7.232142857142857,7.232142857142857,7.232142857142857,7.232142857142857,7.232142857142857,7.232142857142857,7.232142857142857,7.232142857142857,7.232142857142857,7.232142857142857,7.232142857142857,7.232142857142857,3.2142857142857135,3.2142857142857135,2.8571428571428568,2.8571428571428568,2.8571428571428568,2.8571428571428568,2.8571428571428568,2.8571428571428568,2.8571428571428568,6.142857142857143,6.142857142857143,6.142857142857143,6.142857142857143,7.9120879120879115,7.9120879120879115,7.9120879120879115,9.774436090225565,5.357142857142858,5.357142857142858,5.357142857142858,5.357142857142858,5.357142857142858,5.357142857142858,5.357142857142858,5.357142857142858,5.357142857142858,5.357142857142858,5.357142857142858
18.35000000000001,8.977272727272725,8.977272727272725,10.833333333333332,7.7500000000000036,1.2499999999999996,0.7500000000000007,0.7500000000000007,0.7500000000000007,0.7500000000000007,0.7500000000000007,7.583333333333334,7.583333333333334,7.583333333333334,8.749999999999998,1.6071428571428588,1.6071428571428588,1.6071428571428588,1.6071428571428588,1.6071428571428588,1.6071428571428588,1.6071428571428588,1.6071428571428588,1.6071428571428588,1.6071428571428588,1.6071428571428588,1.6071428571428588,1.6071428571428588,1.6071428571428588,1.6071428571428588,1.6071428571428588,1.6071428571428588,1.6071428571428588,1.6071428571428588,1.6071428571428588,1.6071428571428588,1.6071428571428588,1.6071428571428588,1.6071428571428588,3.583333333333333,3.583333333333333,9.107142857142858,0.0,0.0,0.0,0.0,0.0,0.0,0.0,0.0,0.0,0.0,0.0,0.0,6.250000000000001,9.821428571428571,13.750000000000002,13.750000000000002,3.641304347826087,3.641304347826087,17.386363636363633,10.535714285714285,10.535714285714285,13.15909090909091,1.2499999999999996,1.2499999999999996,1.2499999999999996,1.2499999999999996,1.2499999999999996,1.2499999999999996,1.2499999999999996,1.2499999999999996,1.2499999999999996,1.2499999999999996,1.2499999999999996,1.2499999999999996,1.2499999999999996,1.2499999999999996,1.2499999999999996,1.2499999999999996,1.2499999999999996,1.2499999999999996,1.2499999999999996,1.2499999999999996,1.2499999999999996,1.2499999999999996,1.2499999999999996,1.2499999999999996,1.2499999999999996,1.2499999999999996,1.2499999999999996,1.2499999999999996,1.2499999999999996,1.2499999999999996,1.2499999999999996,1.2499999999999996,1.2499999999999996,1.2499999999999996,1.2499999999999996,1.2499999999999996,1.2499999999999996,1.2499999999999996,1.2499999999999996,1.2499999999999996,1.2499999999999996,1.2499999999999996,1.2499999999999996,1.2499999999999996,1.2499999999999996,1.2499999999999996,1.2499999999999996,1.2499999999999996,1.2499999999999996,1.2499999999999996,1.2499999999999996,1.2499999999999996,1.2499999999999996,1.2499999999999996,1.2499999999999996,1.2499999999999996,1.2499999999999996,1.2499999999999996,3.7499999999999982,5.392857142857146,15.749999999999998,5.224358974358973,10.892857142857142,10.892857142857142,12.916666666666664,12.821428571428571,1.875,1.875,1.875,1.875,1.875,1.875,1.875,1.875,1.875,1.875,1.875,1.875,1.875,1.875,1.875,1.875,1.875,1.875,1.875,1.875,1.875,1.875,1.875,1.875,1.875,1.875,1.875,1.875,1.875,1.875,1.875,1.875,1.875,1.875,1.875,1.875,1.875,1.875,1.875,1.875,1.875,1.875,1.875,1.875,1.875,1.875,1.875,1.875,1.875,1.875,8.75,8.75,11.964285714285715,11.964285714285715,11.964285714285715,11.964285714285715,11.964285714285715,11.964285714285715,11.964285714285715,15.25,15.25,15.25,15.25,17.01923076923077,17.01923076923077,17.01923076923077,18.881578947368425,3.75,3.75,3.75,3.75,3.75,3.75,3.75,3.75,3.75,3.75,3.75
18.35000000000001,8.977272727272725,8.977272727272725,10.833333333333332,7.7500000000000036,1.2499999999999996,0.7500000000000007,0.7500000000000007,0.7500000000000007,0.7500000000000007,0.7500000000000007,7.583333333333334,7.583333333333334,7.583333333333334,8.749999999999998,1.6071428571428588,1.6071428571428588,1.6071428571428588,1.6071428571428588,1.6071428571428588,1.6071428571428588,1.6071428571428588,1.6071428571428588,1.6071428571428588,1.6071428571428588,1.6071428571428588,1.6071428571428588,1.6071428571428588,1.6071428571428588,1.6071428571428588,1.6071428571428588,1.6071428571428588,1.6071428571428588,1.6071428571428588,1.6071428571428588,1.6071428571428588,1.6071428571428588,1.6071428571428588,1.6071428571428588,3.583333333333333,3.583333333333333,9.107142857142858,0.0,0.0,0.0,0.0,0.0,0.0,0.0,0.0,0.0,0.0,0.0,0.0,6.250000000000001,9.821428571428571,13.750000000000002,13.750000000000002,3.641304347826087,3.641304347826087,17.386363636363633,10.535714285714285,10.535714285714285,13.15909090909091,1.2499999999999996,1.2499999999999996,1.2499999999999996,1.2499999999999996,1.2499999999999996,1.2499999999999996,1.2499999999999996,1.2499999999999996,1.2499999999999996,1.2499999999999996,1.2499999999999996,1.2499999999999996,1.2499999999999996,1.2499999999999996,1.2499999999999996,1.2499999999999996,1.2499999999999996,1.2499999999999996,1.2499999999999996,1.2499999999999996,1.2499999999999996,1.2499999999999996,1.2499999999999996,1.2499999999999996,1.2499999999999996,1.2499999999999996,1.2499999999999996,1.2499999999999996,1.2499999999999996,1.2499999999999996,1.2499999999999996,1.2499999999999996,1.2499999999999996,1.2499999999999996,1.2499999999999996,1.2499999999999996,1.2499999999999996,1.2499999999999996,1.2499999999999996,1.2499999999999996,1.2499999999999996,1.2499999999999996,1.2499999999999996,1.2499999999999996,1.2499999999999996,1.2499999999999996,1.2499999999999996,1.2499999999999996,1.2499999999999996,1.2499999999999996,1.2499999999999996,1.2499999999999996,1.2499999999999996,1.2499999999999996,1.2499999999999996,1.2499999999999996,1.2499999999999996,1.2499999999999996,3.7499999999999982,5.392857142857146,15.749999999999998,5.224358974358973,10.892857142857142,10.892857142857142,12.916666666666664,12.821428571428571,1.875,1.875,1.875,1.875,1.875,1.875,1.875,1.875,1.875,1.875,1.875,1.875,1.875,1.875,1.875,1.875,1.875,1.875,1.875,1.875,1.875,1.875,1.875,1.875,1.875,1.875,1.875,1.875,1.875,1.875,1.875,1.875,1.875,1.875,1.875,1.875,1.875,1.875,1.875,1.875,1.875,1.875,1.875,1.875,1.875,1.875,1.875,1.875,1.875,1.875,8.75,8.75,11.964285714285715,11.964285714285715,11.964285714285715,11.964285714285715,11.964285714285715,11.964285714285715,11.964285714285715,15.25,15.25,15.25,15.25,17.01923076923077,17.01923076923077,17.01923076923077,18.881578947368425,3.75,3.75,3.75,3.75,3.75,3.75,3.75,3.75,3.75,3.75,3.75
18.35000000000001,8.977272727272725,8.977272727272725,10.833333333333332,7.7500000000000036,1.2499999999999996,0.7500000000000007,0.7500000000000007,0.7500000000000007,0.7500000000000007,0.7500000000000007,7.583333333333334,7.583333333333334,7.583333333333334,8.749999999999998,1.6071428571428588,1.6071428571428588,1.6071428571428588,1.6071428571428588,1.6071428571428588,1.6071428571428588,1.6071428571428588,1.6071428571428588,1.6071428571428588,1.6071428571428588,1.6071428571428588,1.6071428571428588,1.6071428571428588,1.6071428571428588,1.6071428571428588,1.6071428571428588,1.6071428571428588,1.6071428571428588,1.6071428571428588,1.6071428571428588,1.6071428571428588,1.6071428571428588,1.6071428571428588,1.6071428571428588,3.583333333333333,3.583333333333333,9.107142857142858,0.0,0.0,0.0,0.0,0.0,0.0,0.0,0.0,0.0,0.0,0.0,0.0,6.250000000000001,9.821428571428571,13.750000000000002,13.750000000000002,3.641304347826087,3.641304347826087,17.386363636363633,10.535714285714285,10.535714285714285,13.15909090909091,1.2499999999999996,1.2499999999999996,1.2499999999999996,1.2499999999999996,1.2499999999999996,1.2499999999999996,1.2499999999999996,1.2499999999999996,1.2499999999999996,1.2499999999999996,1.2499999999999996,1.2499999999999996,1.2499999999999996,1.2499999999999996,1.2499999999999996,1.2499999999999996,1.2499999999999996,1.2499999999999996,1.2499999999999996,1.2499999999999996,1.2499999999999996,1.2499999999999996,1.2499999999999996,1.2499999999999996,1.2499999999999996,1.2499999999999996,1.2499999999999996,1.2499999999999996,1.2499999999999996,1.2499999999999996,1.2499999999999996,1.2499999999999996,1.2499999999999996,1.2499999999999996,1.2499999999999996,1.2499999999999996,1.2499999999999996,1.2499999999999996,1.2499999999999996,1.2499999999999996,1.2499999999999996,1.2499999999999996,1.2499999999999996,1.2499999999999996,1.2499999999999996,1.2499999999999996,1.2499999999999996,1.2499999999999996,1.2499999999999996,1.2499999999999996,1.2499999999999996,1.2499999999999996,1.2499999999999996,1.2499999999999996,1.2499999999999996,1.2499999999999996,1.2499999999999996,1.2499999999999996,3.7499999999999982,5.392857142857146,15.749999999999998,5.224358974358973,10.892857142857142,10.892857142857142,12.916666666666664,12.821428571428571,1.875,1.875,1.875,1.875,1.875,1.875,1.875,1.875,1.875,1.875,1.875,1.875,1.875,1.875,1.875,1.875,1.875,1.875,1.875,1.875,1.875,1.875,1.875,1.875,1.875,1.875,1.875,1.875,1.875,1.875,1.875,1.875,1.875,1.875,1.875,1.875,1.875,1.875,1.875,1.875,1.875,1.875,1.875,1.875,1.875,1.875,1.875,1.875,1.875,1.875,8.75,8.75,11.964285714285715,11.964285714285715,11.964285714285715,11.964285714285715,11.964285714285715,11.964285714285715,11.964285714285715,15.25,15.25,15.25,15.25,17.01923076923077,17.01923076923077,17.01923076923077,18.881578947368425,3.75,3.75,3.75,3.75,3.75,3.75,3.75,3.75,3.75,3.75,3.75
18.35000000000001,8.977272727272725,8.977272727272725,10.833333333333332,7.7500000000000036,1.2499999999999996,0.7500000000000007,0.7500000000000007,0.7500000000000007,0.7500000000000007,0.7500000000000007,7.583333333333334,7.583333333333334,7.583333333333334,8.749999999999998,1.6071428571428588,1.6071428571428588,1.6071428571428588,1.6071428571428588,1.6071428571428588,1.6071428571428588,1.6071428571428588,1.6071428571428588,1.6071428571428588,1.6071428571428588,1.6071428571428588,1.6071428571428588,1.6071428571428588,1.6071428571428588,1.6071428571428588,1.6071428571428588,1.6071428571428588,1.6071428571428588,1.6071428571428588,1.6071428571428588,1.6071428571428588,1.6071428571428588,1.6071428571428588,1.6071428571428588,3.583333333333333,3.583333333333333,9.107142857142858,0.0,0.0,0.0,0.0,0.0,0.0,0.0,0.0,0.0,0.0,0.0,0.0,6.250000000000001,9.821428571428571,13.750000000000002,13.750000000000002,3.641304347826087,3.641304347826087,17.386363636363633,10.535714285714285,10.535714285714285,13.15909090909091,1.2499999999999996,1.2499999999999996,1.2499999999999996,1.2499999999999996,1.2499999999999996,1.2499999999999996,1.2499999999999996,1.2499999999999996,1.2499999999999996,1.2499999999999996,1.2499999999999996,1.2499999999999996,1.2499999999999996,1.2499999999999996,1.2499999999999996,1.2499999999999996,1.2499999999999996,1.2499999999999996,1.2499999999999996,1.2499999999999996,1.2499999999999996,1.2499999999999996,1.2499999999999996,1.2499999999999996,1.2499999999999996,1.2499999999999996,1.2499999999999996,1.2499999999999996,1.2499999999999996,1.2499999999999996,1.2499999999999996,1.2499999999999996,1.2499999999999996,1.2499999999999996,1.2499999999999996,1.2499999999999996,1.2499999999999996,1.2499999999999996,1.2499999999999996,1.2499999999999996,1.2499999999999996,1.2499999999999996,1.2499999999999996,1.2499999999999996,1.2499999999999996,1.2499999999999996,1.2499999999999996,1.2499999999999996,1.2499999999999996,1.2499999999999996,1.2499999999999996,1.2499999999999996,1.2499999999999996,1.2499999999999996,1.2499999999999996,1.2499999999999996,1.2499999999999996,1.2499999999999996,3.7499999999999982,5.392857142857146,15.749999999999998,5.224358974358973,10.892857142857142,10.892857142857142,12.916666666666664,12.821428571428571,1.875,1.875,1.875,1.875,1.875,1.875,1.875,1.875,1.875,1.875,1.875,1.875,1.875,1.875,1.875,1.875,1.875,1.875,1.875,1.875,1.875,1.875,1.875,1.875,1.875,1.875,1.875,1.875,1.875,1.875,1.875,1.875,1.875,1.875,1.875,1.875,1.875,1.875,1.875,1.875,1.875,1.875,1.875,1.875,1.875,1.875,1.875,1.875,1.875,1.875,8.75,8.75,11.964285714285715,11.964285714285715,11.964285714285715,11.964285714285715,11.964285714285715,11.964285714285715,11.964285714285715,15.25,15.25,15.25,15.25,17.01923076923077,17.01923076923077,17.01923076923077,18.881578947368425,3.75,3.75,3.75,3.75,3.75,3.75,3.75,3.75,3.75,3.75,3.75
18.35000000000001,8.977272727272725,8.977272727272725,10.833333333333332,7.7500000000000036,1.2499999999999996,0.7500000000000007,0.7500000000000007,0.7500000000000007,0.7500000000000007,0.7500000000000007,7.583333333333334,7.583333333333334,7.583333333333334,8.749999999999998,1.6071428571428588,1.6071428571428588,1.6071428571428588,1.6071428571428588,1.6071428571428588,1.6071428571428588,1.6071428571428588,1.6071428571428588,1.6071428571428588,1.6071428571428588,1.6071428571428588,1.6071428571428588,1.6071428571428588,1.6071428571428588,1.6071428571428588,1.6071428571428588,1.6071428571428588,1.6071428571428588,1.6071428571428588,1.6071428571428588,1.6071428571428588,1.6071428571428588,1.6071428571428588,1.6071428571428588,3.583333333333333,3.583333333333333,9.107142857142858,0.0,0.0,0.0,0.0,0.0,0.0,0.0,0.0,0.0,0.0,0.0,0.0,6.250000000000001,9.821428571428571,13.750000000000002,13.750000000000002,3.641304347826087,3.641304347826087,17.386363636363633,10.535714285714285,10.535714285714285,13.15909090909091,1.2499999999999996,1.2499999999999996,1.2499999999999996,1.2499999999999996,1.2499999999999996,1.2499999999999996,1.2499999999999996,1.2499999999999996,1.2499999999999996,1.2499999999999996,1.2499999999999996,1.2499999999999996,1.2499999999999996,1.2499999999999996,1.2499999999999996,1.2499999999999996,1.2499999999999996,1.2499999999999996,1.2499999999999996,1.2499999999999996,1.2499999999999996,1.2499999999999996,1.2499999999999996,1.2499999999999996,1.2499999999999996,1.2499999999999996,1.2499999999999996,1.2499999999999996,1.2499999999999996,1.2499999999999996,1.2499999999999996,1.2499999999999996,1.2499999999999996,1.2499999999999996,1.2499999999999996,1.2499999999999996,1.2499999999999996,1.2499999999999996,1.2499999999999996,1.2499999999999996,1.2499999999999996,1.2499999999999996,1.2499999999999996,1.2499999999999996,1.2499999999999996,1.2499999999999996,1.2499999999999996,1.2499999999999996,1.2499999999999996,1.2499999999999996,1.2499999999999996,1.2499999999999996,1.2499999999999996,1.2499999999999996,1.2499999999999996,1.2499999999999996,1.2499999999999996,1.2499999999999996,3.7499999999999982,5.392857142857146,15.749999999999998,5.224358974358973,10.892857142857142,10.892857142857142,12.916666666666664,12.821428571428571,1.875,1.875,1.875,1.875,1.875,1.875,1.875,1.875,1.875,1.875,1.875,1.875,1.875,1.875,1.875,1.875,1.875,1.875,1.875,1.875,1.875,1.875,1.875,1.875,1.875,1.875,1.875,1.875,1.875,1.875,1.875,1.875,1.875,1.875,1.875,1.875,1.875,1.875,1.875,1.875,1.875,1.875,1.875,1.875,1.875,1.875,1.875,1.875,1.875,1.875,8.75,8.75,11.964285714285715,11.964285714285715,11.964285714285715,11.964285714285715,11.964285714285715,11.964285714285715,11.964285714285715,15.25,15.25,15.25,15.25,17.01923076923077,17.01923076923077,17.01923076923077,18.881578947368425,3.75,3.75,3.75,3.75,3.75,3.75,3.75,3.75,3.75,3.75,3.75
18.35000000000001,8.977272727272725,8.977272727272725,10.833333333333332,7.7500000000000036,1.2499999999999996,0.7500000000000007,0.7500000000000007,0.7500000000000007,0.7500000000000007,0.7500000000000007,7.583333333333334,7.583333333333334,7.583333333333334,8.749999999999998,1.6071428571428588,1.6071428571428588,1.6071428571428588,1.6071428571428588,1.6071428571428588,1.6071428571428588,1.6071428571428588,1.6071428571428588,1.6071428571428588,1.6071428571428588,1.6071428571428588,1.6071428571428588,1.6071428571428588,1.6071428571428588,1.6071428571428588,1.6071428571428588,1.6071428571428588,1.6071428571428588,1.6071428571428588,1.6071428571428588,1.6071428571428588,1.6071428571428588,1.6071428571428588,1.6071428571428588,3.583333333333333,3.583333333333333,9.107142857142858,0.0,0.0,0.0,0.0,0.0,0.0,0.0,0.0,0.0,0.0,0.0,0.0,6.250000000000001,9.821428571428571,13.750000000000002,13.750000000000002,3.641304347826087,3.641304347826087,17.386363636363633,10.535714285714285,10.535714285714285,13.15909090909091,1.2499999999999996,1.2499999999999996,1.2499999999999996,1.2499999999999996,1.2499999999999996,1.2499999999999996,1.2499999999999996,1.2499999999999996,1.2499999999999996,1.2499999999999996,1.2499999999999996,1.2499999999999996,1.2499999999999996,1.2499999999999996,1.2499999999999996,1.2499999999999996,1.2499999999999996,1.2499999999999996,1.2499999999999996,1.2499999999999996,1.2499999999999996,1.2499999999999996,1.2499999999999996,1.2499999999999996,1.2499999999999996,1.2499999999999996,1.2499999999999996,1.2499999999999996,1.2499999999999996,1.2499999999999996,1.2499999999999996,1.2499999999999996,1.2499999999999996,1.2499999999999996,1.2499999999999996,1.2499999999999996,1.2499999999999996,1.2499999999999996,1.2499999999999996,1.2499999999999996,1.2499999999999996,1.2499999999999996,1.2499999999999996,1.2499999999999996,1.2499999999999996,1.2499999999999996,1.2499999999999996,1.2499999999999996,1.2499999999999996,1.2499999999999996,1.2499999999999996,1.2499999999999996,1.2499999999999996,1.2499999999999996,1.2499999999999996,1.2499999999999996,1.2499999999999996,1.2499999999999996,3.7499999999999982,5.392857142857146,15.749999999999998,5.224358974358973,10.892857142857142,10.892857142857142,12.916666666666664,12.821428571428571,1.875,1.875,1.875,1.875,1.875,1.875,1.875,1.875,1.875,1.875,1.875,1.875,1.875,1.875,1.875,1.875,1.875,1.875,1.875,1.875,1.875,1.875,1.875,1.875,1.875,1.875,1.875,1.875,1.875,1.875,1.875,1.875,1.875,1.875,1.875,1.875,1.875,1.875,1.875,1.875,1.875,1.875,1.875,1.875,1.875,1.875,1.875,1.875,1.875,1.875,8.75,8.75,11.964285714285715,11.964285714285715,11.964285714285715,11.964285714285715,11.964285714285715,11.964285714285715,11.964285714285715,15.25,15.25,15.25,15.25,17.01923076923077,17.01923076923077,17.01923076923077,18.881578947368425,3.75,3.75,3.75,3.75,3.75,3.75,3.75,3.75,3.75,3.75,3.75
18.35000000000001,8.977272727272725,8.977272727272725,10.833333333333332,7.7500000000000036,1.2499999999999996,0.7500000000000007,0.7500000000000007,0.7500000000000007,0.7500000000000007,0.7500000000000007,7.583333333333334,7.583333333333334,7.583333333333334,8.749999999999998,1.6071428571428588,1.6071428571428588,1.6071428571428588,1.6071428571428588,1.6071428571428588,1.6071428571428588,1.6071428571428588,1.6071428571428588,1.6071428571428588,1.6071428571428588,1.6071428571428588,1.6071428571428588,1.6071428571428588,1.6071428571428588,1.6071428571428588,1.6071428571428588,1.6071428571428588,1.6071428571428588,1.6071428571428588,1.6071428571428588,1.6071428571428588,1.6071428571428588,1.6071428571428588,1.6071428571428588,3.583333333333333,3.583333333333333,9.107142857142858,0.0,0.0,0.0,0.0,0.0,0.0,0.0,0.0,0.0,0.0,0.0,0.0,6.250000000000001,9.821428571428571,13.750000000000002,13.750000000000002,3.641304347826087,3.641304347826087,17.386363636363633,10.535714285714285,10.535714285714285,13.15909090909091,1.2499999999999996,1.2499999999999996,1.2499999999999996,1.2499999999999996,1.2499999999999996,1.2499999999999996,1.2499999999999996,1.2499999999999996,1.2499999999999996,1.2499999999999996,1.2499999999999996,1.2499999999999996,1.2499999999999996,1.2499999999999996,1.2499999999999996,1.2499999999999996,1.2499999999999996,1.2499999999999996,1.2499999999999996,1.2499999999999996,1.2499999999999996,1.2499999999999996,1.2499999999999996,1.2499999999999996,1.2499999999999996,1.2499999999999996,1.2499999999999996,1.2499999999999996,1.2499999999999996,1.2499999999999996,1.2499999999999996,1.2499999999999996,1.2499999999999996,1.2499999999999996,1.2499999999999996,1.2499999999999996,1.2499999999999996,1.2499999999999996,1.2499999999999996,1.2499999999999996,1.2499999999999996,1.2499999999999996,1.2499999999999996,1.2499999999999996,1.2499999999999996,1.2499999999999996,1.2499999999999996,1.2499999999999996,1.2499999999999996,1.2499999999999996,1.2499999999999996,1.2499999999999996,1.2499999999999996,1.2499999999999996,1.2499999999999996,1.2499999999999996,1.2499999999999996,1.2499999999999996,3.7499999999999982,5.392857142857146,15.749999999999998,5.224358974358973,10.892857142857142,10.892857142857142,12.916666666666664,12.821428571428571,1.875,1.875,1.875,1.875,1.875,1.875,1.875,1.875,1.875,1.875,1.875,1.875,1.875,1.875,1.875,1.875,1.875,1.875,1.875,1.875,1.875,1.875,1.875,1.875,1.875,1.875,1.875,1.875,1.875,1.875,1.875,1.875,1.875,1.875,1.875,1.875,1.875,1.875,1.875,1.875,1.875,1.875,1.875,1.875,1.875,1.875,1.875,1.875,1.875,1.875,8.75,8.75,11.964285714285715,11.964285714285715,11.964285714285715,11.964285714285715,11.964285714285715,11.964285714285715,11.964285714285715,15.25,15.25,15.25,15.25,17.01923076923077,17.01923076923077,17.01923076923077,18.881578947368425,3.75,3.75,3.75,3.75,3.75,3.75,3.75,3.75,3.75,3.75,3.75
18.35000000000001,8.977272727272725,8.977272727272725,10.833333333333332,7.7500000000000036,1.2499999999999996,0.7500000000000007,0.7500000000000007,0.7500000000000007,0.7500000000000007,0.7500000000000007,7.583333333333334,7.583333333333334,7.583333333333334,8.749999999999998,1.6071428571428588,1.6071428571428588,1.6071428571428588,1.6071428571428588,1.6071428571428588,1.6071428571428588,1.6071428571428588,1.6071428571428588,1.6071428571428588,1.6071428571428588,1.6071428571428588,1.6071428571428588,1.6071428571428588,1.6071428571428588,1.6071428571428588,1.6071428571428588,1.6071428571428588,1.6071428571428588,1.6071428571428588,1.6071428571428588,1.6071428571428588,1.6071428571428588,1.6071428571428588,1.6071428571428588,3.583333333333333,3.583333333333333,9.107142857142858,0.0,0.0,0.0,0.0,0.0,0.0,0.0,0.0,0.0,0.0,0.0,0.0,6.250000000000001,9.821428571428571,13.750000000000002,13.750000000000002,3.641304347826087,3.641304347826087,17.386363636363633,10.535714285714285,10.535714285714285,13.15909090909091,1.2499999999999996,1.2499999999999996,1.2499999999999996,1.2499999999999996,1.2499999999999996,1.2499999999999996,1.2499999999999996,1.2499999999999996,1.2499999999999996,1.2499999999999996,1.2499999999999996,1.2499999999999996,1.2499999999999996,1.2499999999999996,1.2499999999999996,1.2499999999999996,1.2499999999999996,1.2499999999999996,1.2499999999999996,1.2499999999999996,1.2499999999999996,1.2499999999999996,1.2499999999999996,1.2499999999999996,1.2499999999999996,1.2499999999999996,1.2499999999999996,1.2499999999999996,1.2499999999999996,1.2499999999999996,1.2499999999999996,1.2499999999999996,1.2499999999999996,1.2499999999999996,1.2499999999999996,1.2499999999999996,1.2499999999999996,1.2499999999999996,1.2499999999999996,1.2499999999999996,1.2499999999999996,1.2499999999999996,1.2499999999999996,1.2499999999999996,1.2499999999999996,1.2499999999999996,1.2499999999999996,1.2499999999999996,1.2499999999999996,1.2499999999999996,1.2499999999999996,1.2499999999999996,1.2499999999999996,1.2499999999999996,1.2499999999999996,1.2499999999999996,1.2499999999999996,1.2499999999999996,3.7499999999999982,5.392857142857146,15.749999999999998,5.224358974358973,10.892857142857142,10.892857142857142,12.916666666666664,12.821428571428571,1.875,1.875,1.875,1.875,1.875,1.875,1.875,1.875,1.875,1.875,1.875,1.875,1.875,1.875,1.875,1.875,1.875,1.875,1.875,1.875,1.875,1.875,1.875,1.875,1.875,1.875,1.875,1.875,1.875,1.875,1.875,1.875,1.875,1.875,1.875,1.875,1.875,1.875,1.875,1.875,1.875,1.875,1.875,1.875,1.875,1.875,1.875,1.875,1.875,1.875,8.75,8.75,11.964285714285715,11.964285714285715,11.964285714285715,11.964285714285715,11.964285714285715,11.964285714285715,11.964285714285715,15.25,15.25,15.25,15.25,17.01923076923077,17.01923076923077,17.01923076923077,18.881578947368425,3.75,3.75,3.75,3.75,3.75,3.75,3.75,3.75,3.75,3.75,3.75
18.35000000000001,8.977272727272725,8.977272727272725,10.833333333333332,7.7500000000000036,1.2499999999999996,0.7500000000000007,0.7500000000000007,0.7500000000000007,0.7500000000000007,0.7500000000000007,7.583333333333334,7.583333333333334,7.583333333333334,8.749999999999998,1.6071428571428588,1.6071428571428588,1.6071428571428588,1.6071428571428588,1.6071428571428588,1.6071428571428588,1.6071428571428588,1.6071428571428588,1.6071428571428588,1.6071428571428588,1.6071428571428588,1.6071428571428588,1.6071428571428588,1.6071428571428588,1.6071428571428588,1.6071428571428588,1.6071428571428588,1.6071428571428588,1.6071428571428588,1.6071428571428588,1.6071428571428588,1.6071428571428588,1.6071428571428588,1.6071428571428588,3.583333333333333,3.583333333333333,9.107142857142858,0.0,0.0,0.0,0.0,0.0,0.0,0.0,0.0,0.0,0.0,0.0,0.0,6.250000000000001,9.821428571428571,13.750000000000002,13.750000000000002,3.641304347826087,3.641304347826087,17.386363636363633,10.535714285714285,10.535714285714285,13.15909090909091,1.2499999999999996,1.2499999999999996,1.2499999999999996,1.2499999999999996,1.2499999999999996,1.2499999999999996,1.2499999999999996,1.2499999999999996,1.2499999999999996,1.2499999999999996,1.2499999999999996,1.2499999999999996,1.2499999999999996,1.2499999999999996,1.2499999999999996,1.2499999999999996,1.2499999999999996,1.2499999999999996,1.2499999999999996,1.2499999999999996,1.2499999999999996,1.2499999999999996,1.2499999999999996,1.2499999999999996,1.2499999999999996,1.2499999999999996,1.2499999999999996,1.2499999999999996,1.2499999999999996,1.2499999999999996,1.2499999999999996,1.2499999999999996,1.2499999999999996,1.2499999999999996,1.2499999999999996,1.2499999999999996,1.2499999999999996,1.2499999999999996,1.2499999999999996,1.2499999999999996,1.2499999999999996,1.2499999999999996,1.2499999999999996,1.2499999999999996,1.2499999999999996,1.2499999999999996,1.2499999999999996,1.2499999999999996,1.2499999999999996,1.2499999999999996,1.2499999999999996,1.2499999999999996,1.2499999999999996,1.2499999999999996,1.2499999999999996,1.2499999999999996,1.2499999999999996,1.2499999999999996,3.7499999999999982,5.392857142857146,15.749999999999998,5.224358974358973,10.892857142857142,10.892857142857142,12.916666666666664,12.821428571428571,1.875,1.875,1.875,1.875,1.875,1.875,1.875,1.875,1.875,1.875,1.875,1.875,1.875,1.875,1.875,1.875,1.875,1.875,1.875,1.875,1.875,1.875,1.875,1.875,1.875,1.875,1.875,1.875,1.875,1.875,1.875,1.875,1.875,1.875,1.875,1.875,1.875,1.875,1.875,1.875,1.875,1.875,1.875,1.875,1.875,1.875,1.875,1.875,1.875,1.875,8.75,8.75,11.964285714285715,11.964285714285715,11.964285714285715,11.964285714285715,11.964285714285715,11.964285714285715,11.964285714285715,15.25,15.25,15.25,15.25,17.01923076923077,17.01923076923077,17.01923076923077,18.881578947368425,3.75,3.75,3.75,3.75,3.75,3.75,3.75,3.75,3.75,3.75,3.75
18.35000000000001,8.977272727272725,8.977272727272725,10.833333333333332,7.7500000000000036,1.2499999999999996,0.7500000000000007,0.7500000000000007,0.7500000000000007,0.7500000000000007,0.7500000000000007,7.583333333333334,7.583333333333334,7.583333333333334,8.749999999999998,1.6071428571428588,1.6071428571428588,1.6071428571428588,1.6071428571428588,1.6071428571428588,1.6071428571428588,1.6071428571428588,1.6071428571428588,1.6071428571428588,1.6071428571428588,1.6071428571428588,1.6071428571428588,1.6071428571428588,1.6071428571428588,1.6071428571428588,1.6071428571428588,1.6071428571428588,1.6071428571428588,1.6071428571428588,1.6071428571428588,1.6071428571428588,1.6071428571428588,1.6071428571428588,1.6071428571428588,3.583333333333333,3.583333333333333,9.107142857142858,0.0,0.0,0.0,0.0,0.0,0.0,0.0,0.0,0.0,0.0,0.0,0.0,6.250000000000001,9.821428571428571,13.750000000000002,13.750000000000002,3.641304347826087,3.641304347826087,17.386363636363633,10.535714285714285,10.535714285714285,13.15909090909091,1.2499999999999996,1.2499999999999996,1.2499999999999996,1.2499999999999996,1.2499999999999996,1.2499999999999996,1.2499999999999996,1.2499999999999996,1.2499999999999996,1.2499999999999996,1.2499999999999996,1.2499999999999996,1.2499999999999996,1.2499999999999996,1.2499999999999996,1.2499999999999996,1.2499999999999996,1.2499999999999996,1.2499999999999996,1.2499999999999996,1.2499999999999996,1.2499999999999996,1.2499999999999996,1.2499999999999996,1.2499999999999996,1.2499999999999996,1.2499999999999996,1.2499999999999996,1.2499999999999996,1.2499999999999996,1.2499999999999996,1.2499999999999996,1.2499999999999996,1.2499999999999996,1.2499999999999996,1.2499999999999996,1.2499999999999996,1.2499999999999996,1.2499999999999996,1.2499999999999996,1.2499999999999996,1.2499999999999996,1.2499999999999996,1.2499999999999996,1.2499999999999996,1.2499999999999996,1.2499999999999996,1.2499999999999996,1.2499999999999996,1.2499999999999996,1.2499999999999996,1.2499999999999996,1.2499999999999996,1.2499999999999996,1.2499999999999996,1.2499999999999996,1.2499999999999996,1.2499999999999996,3.7499999999999982,5.392857142857146,15.749999999999998,5.224358974358973,10.892857142857142,10.892857142857142,12.916666666666664,12.821428571428571,1.875,1.875,1.875,1.875,1.875,1.875,1.875,1.875,1.875,1.875,1.875,1.875,1.875,1.875,1.875,1.875,1.875,1.875,1.875,1.875,1.875,1.875,1.875,1.875,1.875,1.875,1.875,1.875,1.875,1.875,1.875,1.875,1.875,1.875,1.875,1.875,1.875,1.875,1.875,1.875,1.875,1.875,1.875,1.875,1.875,1.875,1.875,1.875,1.875,1.875,8.75,8.75,11.964285714285715,11.964285714285715,11.964285714285715,11.964285714285715,11.964285714285715,11.964285714285715,11.964285714285715,15.25,15.25,15.25,15.25,17.01923076923077,17.01923076923077,17.01923076923077,18.881578947368425,3.75,3.75,3.75,3.75,3.75,3.75,3.75,3.75,3.75,3.75,3.75
18.35000000000001,8.977272727272725,8.977272727272725,10.833333333333332,7.7500000000000036,1.2499999999999996,0.7500000000000007,0.7500000000000007,0.7500000000000007,0.7500000000000007,0.7500000000000007,7.583333333333334,7.583333333333334,7.583333333333334,8.749999999999998,1.6071428571428588,1.6071428571428588,1.6071428571428588,1.6071428571428588,1.6071428571428588,1.6071428571428588,1.6071428571428588,1.6071428571428588,1.6071428571428588,1.6071428571428588,1.6071428571428588,1.6071428571428588,1.6071428571428588,1.6071428571428588,1.6071428571428588,1.6071428571428588,1.6071428571428588,1.6071428571428588,1.6071428571428588,1.6071428571428588,1.6071428571428588,1.6071428571428588,1.6071428571428588,1.6071428571428588,3.583333333333333,3.583333333333333,9.107142857142858,0.0,0.0,0.0,0.0,0.0,0.0,0.0,0.0,0.0,0.0,0.0,0.0,6.250000000000001,9.821428571428571,13.750000000000002,13.750000000000002,3.641304347826087,3.641304347826087,17.386363636363633,10.535714285714285,10.535714285714285,13.15909090909091,1.2499999999999996,1.2499999999999996,1.2499999999999996,1.2499999999999996,1.2499999999999996,1.2499999999999996,1.2499999999999996,1.2499999999999996,1.2499999999999996,1.2499999999999996,1.2499999999999996,1.2499999999999996,1.2499999999999996,1.2499999999999996,1.2499999999999996,1.2499999999999996,1.2499999999999996,1.2499999999999996,1.2499999999999996,1.2499999999999996,1.2499999999999996,1.2499999999999996,1.2499999999999996,1.2499999999999996,1.2499999999999996,1.2499999999999996,1.2499999999999996,1.2499999999999996,1.2499999999999996,1.2499999999999996,1.2499999999999996,1.2499999999999996,1.2499999999999996,1.2499999999999996,1.2499999999999996,1.2499999999999996,1.2499999999999996,1.2499999999999996,1.2499999999999996,1.2499999999999996,1.2499999999999996,1.2499999999999996,1.2499999999999996,1.2499999999999996,1.2499999999999996,1.2499999999999996,1.2499999999999996,1.2499999999999996,1.2499999999999996,1.2499999999999996,1.2499999999999996,1.2499999999999996,1.2499999999999996,1.2499999999999996,1.2499999999999996,1.2499999999999996,1.2499999999999996,1.2499999999999996,3.7499999999999982,5.392857142857146,15.749999999999998,5.224358974358973,10.892857142857142,10.892857142857142,12.916666666666664,12.821428571428571,1.875,1.875,1.875,1.875,1.875,1.875,1.875,1.875,1.875,1.875,1.875,1.875,1.875,1.875,1.875,1.875,1.875,1.875,1.875,1.875,1.875,1.875,1.875,1.875,1.875,1.875,1.875,1.875,1.875,1.875,1.875,1.875,1.875,1.875,1.875,1.875,1.875,1.875,1.875,1.875,1.875,1.875,1.875,1.875,1.875,1.875,1.875,1.875,1.875,1.875,8.75,8.75,11.964285714285715,11.964285714285715,11.964285714285715,11.964285714285715,11.964285714285715,11.964285714285715,11.964285714285715,15.25,15.25,15.25,15.25,17.01923076923077,17.01923076923077,17.01923076923077,18.881578947368425,3.75,3.75,3.75,3.75,3.75,3.75,3.75,3.75,3.75,3.75,3.75
18.35000000000001,8.977272727272725,8.977272727272725,10.833333333333332,7.7500000000000036,1.2499999999999996,0.7500000000000007,0.7500000000000007,0.7500000000000007,0.7500000000000007,0.7500000000000007,7.583333333333334,7.583333333333334,7.583333333333334,8.749999999999998,1.6071428571428588,1.6071428571428588,1.6071428571428588,1.6071428571428588,1.6071428571428588,1.6071428571428588,1.6071428571428588,1.6071428571428588,1.6071428571428588,1.6071428571428588,1.6071428571428588,1.6071428571428588,1.6071428571428588,1.6071428571428588,1.6071428571428588,1.6071428571428588,1.6071428571428588,1.6071428571428588,1.6071428571428588,1.6071428571428588,1.6071428571428588,1.6071428571428588,1.6071428571428588,1.6071428571428588,3.583333333333333,3.583333333333333,9.107142857142858,0.0,0.0,0.0,0.0,0.0,0.0,0.0,0.0,0.0,0.0,0.0,0.0,6.250000000000001,9.821428571428571,13.750000000000002,13.750000000000002,3.641304347826087,3.641304347826087,17.386363636363633,10.535714285714285,10.535714285714285,13.15909090909091,1.2499999999999996,1.2499999999999996,1.2499999999999996,1.2499999999999996,1.2499999999999996,1.2499999999999996,1.2499999999999996,1.2499999999999996,1.2499999999999996,1.2499999999999996,1.2499999999999996,1.2499999999999996,1.2499999999999996,1.2499999999999996,1.2499999999999996,1.2499999999999996,1.2499999999999996,1.2499999999999996,1.2499999999999996,1.2499999999999996,1.2499999999999996,1.2499999999999996,1.2499999999999996,1.2499999999999996,1.2499999999999996,1.2499999999999996,1.2499999999999996,1.2499999999999996,1.2499999999999996,1.2499999999999996,1.2499999999999996,1.2499999999999996,1.2499999999999996,1.2499999999999996,1.2499999999999996,1.2499999999999996,1.2499999999999996,1.2499999999999996,1.2499999999999996,1.2499999999999996,1.2499999999999996,1.2499999999999996,1.2499999999999996,1.2499999999999996,1.2499999999999996,1.2499999999999996,1.2499999999999996,1.2499999999999996,1.2499999999999996,1.2499999999999996,1.2499999999999996,1.2499999999999996,1.2499999999999996,1.2499999999999996,1.2499999999999996,1.2499999999999996,1.2499999999999996,1.2499999999999996,3.7499999999999982,5.392857142857146,15.749999999999998,5.224358974358973,10.892857142857142,10.892857142857142,12.916666666666664,12.821428571428571,1.875,1.875,1.875,1.875,1.875,1.875,1.875,1.875,1.875,1.875,1.875,1.875,1.875,1.875,1.875,1.875,1.875,1.875,1.875,1.875,1.875,1.875,1.875,1.875,1.875,1.875,1.875,1.875,1.875,1.875,1.875,1.875,1.875,1.875,1.875,1.875,1.875,1.875,1.875,1.875,1.875,1.875,1.875,1.875,1.875,1.875,1.875,1.875,1.875,1.875,8.75,8.75,11.964285714285715,11.964285714285715,11.964285714285715,11.964285714285715,11.964285714285715,11.964285714285715,11.964285714285715,15.25,15.25,15.25,15.25,17.01923076923077,17.01923076923077,17.01923076923077,18.881578947368425,3.75,3.75,3.75,3.75,3.75,3.75,3.75,3.75,3.75,3.75,3.75
24.60000000000001,2.727272727272726,2.727272727272726,4.583333333333333,14.0,7.499999999999998,5.499999999999998,5.499999999999998,5.499999999999998,5.499999999999998,5.499999999999998,1.3333333333333317,1.3333333333333317,1.3333333333333317,15.0,4.642857142857142,4.642857142857142,4.642857142857142,4.642857142857142,4.642857142857142,4.642857142857142,4.642857142857142,4.642857142857142,4.642857142857142,4.642857142857142,4.642857142857142,4.642857142857142,4.642857142857142,4.642857142857142,4.642857142857142,4.642857142857142,4.642857142857142,4.642857142857142,4.642857142857142,4.642857142857142,4.642857142857142,4.642857142857142,4.642857142857142,4.642857142857142,3.246376811594203,3.246376811594203,2.8571428571428568,6.250000000000001,6.250000000000001,6.250000000000001,6.250000000000001,6.250000000000001,6.250000000000001,6.250000000000001,6.250000000000001,6.250000000000001,6.250000000000001,6.250000000000001,6.250000000000001,0.0,3.5714285714285703,20.000000000000004,20.000000000000004,2.608695652173913,2.608695652173913,23.636363636363633,4.285714285714286,4.285714285714286,6.90909090909091,5.000000000000003,5.000000000000003,5.000000000000003,5.000000000000003,5.000000000000003,5.000000000000003,5.000000000000003,5.000000000000003,5.000000000000003,5.000000000000003,5.000000000000003,5.000000000000003,5.000000000000003,5.000000000000003,5.000000000000003,5.000000000000003,5.000000000000003,5.000000000000003,5.000000000000003,5.000000000000003,5.000000000000003,5.000000000000003,5.000000000000003,5.000000000000003,5.000000000000003,5.000000000000003,5.000000000000003,5.000000000000003,5.000000000000003,5.000000000000003,5.000000000000003,5.000000000000003,5.000000000000003,5.000000000000003,5.000000000000003,5.000000000000003,5.000000000000003,5.000000000000003,5.000000000000003,5.000000000000003,5.000000000000003,5.000000000000003,5.000000000000003,5.000000000000003,5.000000000000003,5.000000000000003,5.000000000000003,5.000000000000003,5.000000000000003,5.000000000000003,5.000000000000003,5.000000000000003,5.000000000000003,5.000000000000003,5.000000000000003,5.000000000000003,5.000000000000003,5.000000000000003,9.999999999999998,0.8571428571428565,22.000000000000007,1.0256410256410269,4.6428571428571415,4.6428571428571415,6.666666666666668,6.571428571428571,4.375000000000001,4.375000000000001,4.375000000000001,4.375000000000001,4.375000000000001,4.375000000000001,4.375000000000001,4.375000000000001,4.375000000000001,4.375000000000001,4.375000000000001,4.375000000000001,4.375000000000001,4.375000000000001,4.375000000000001,4.375000000000001,4.375000000000001,4.375000000000001,4.375000000000001,4.375000000000001,4.375000000000001,4.375000000000001,4.375000000000001,4.375000000000001,4.375000000000001,4.375000000000001,4.375000000000001,4.375000000000001,4.375000000000001,4.375000000000001,4.375000000000001,4.375000000000001,4.375000000000001,4.375000000000001,4.375000000000001,4.375000000000001,4.375000000000001,4.375000000000001,4.375000000000001,4.375000000000001,4.375000000000001,4.375000000000001,4.375000000000001,4.375000000000001,4.375000000000001,4.375000000000001,4.375000000000001,4.375000000000001,4.375000000000001,4.375000000000001,3.58695652173913,3.58695652173913,5.714285714285715,5.714285714285715,5.714285714285715,5.714285714285715,5.714285714285715,5.714285714285715,5.714285714285715,9.0,9.0,9.0,9.0,10.769230769230766,10.769230769230766,10.769230769230766,12.631578947368423,2.5000000000000004,2.5000000000000004,2.5000000000000004,2.5000000000000004,2.5000000000000004,2.5000000000000004,2.5000000000000004,2.5000000000000004,2.5000000000000004,2.5000000000000004,2.5000000000000004
28.17142857142857,0.8441558441558438,0.8441558441558438,1.011904761904763,17.571428571428577,11.07142857142857,9.071428571428571,9.071428571428571,9.071428571428571,9.071428571428571,9.071428571428571,2.2380952380952386,2.2380952380952386,2.2380952380952386,18.57142857142857,8.214285714285712,8.214285714285712,8.214285714285712,8.214285714285712,8.214285714285712,8.214285714285712,8.214285714285712,8.214285714285712,8.214285714285712,8.214285714285712,8.214285714285712,8.214285714285712,8.214285714285712,8.214285714285712,8.214285714285712,8.214285714285712,8.214285714285712,8.214285714285712,8.214285714285712,8.214285714285712,8.214285714285712,8.214285714285712,8.214285714285712,8.214285714285712,6.238095238095238,6.238095238095238,0.7142857142857141,9.821428571428571,9.821428571428571,9.821428571428571,9.821428571428571,9.821428571428571,9.821428571428571,9.821428571428571,9.821428571428571,9.821428571428571,9.821428571428571,9.821428571428571,9.821428571428571,3.5714285714285703,0.0,23.571428571428566,23.571428571428566,6.180124223602484,6.180124223602484,27.207792207792203,0.7142857142857151,0.7142857142857151,3.337662337662338,8.571428571428573,8.571428571428573,8.571428571428573,8.571428571428573,8.571428571428573,8.571428571428573,8.571428571428573,8.571428571428573,8.571428571428573,8.571428571428573,8.571428571428573,8.571428571428573,8.571428571428573,8.571428571428573,8.571428571428573,8.571428571428573,8.571428571428573,8.571428571428573,8.571428571428573,8.571428571428573,8.571428571428573,8.571428571428573,8.571428571428573,8.571428571428573,8.571428571428573,8.571428571428573,8.571428571428573,8.571428571428573,8.571428571428573,8.571428571428573,8.571428571428573,8.571428571428573,8.571428571428573,8.571428571428573,8.571428571428573,8.571428571428573,8.571428571428573,8.571428571428573,8.571428571428573,8.571428571428573,8.571428571428573,8.571428571428573,8.571428571428573,8.571428571428573,8.571428571428573,8.571428571428573,8.571428571428573,8.571428571428573,8.571428571428573,8.571428571428573,8.571428571428573,8.571428571428573,8.571428571428573,8.571428571428573,8.571428571428573,8.571428571428573,8.571428571428573,8.571428571428573,13.571428571428573,4.428571428571427,25.57142857142857,4.5970695970695985,1.071428571428571,1.071428571428571,3.0952380952380953,3.0000000000000018,7.94642857142857,7.94642857142857,7.94642857142857,7.94642857142857,7.94642857142857,7.94642857142857,7.94642857142857,7.94642857142857,7.94642857142857,7.94642857142857,7.94642857142857,7.94642857142857,7.94642857142857,7.94642857142857,7.94642857142857,7.94642857142857,7.94642857142857,7.94642857142857,7.94642857142857,7.94642857142857,7.94642857142857,7.94642857142857,7.94642857142857,7.94642857142857,7.94642857142857,7.94642857142857,7.94642857142857,7.94642857142857,7.94642857142857,7.94642857142857,7.94642857142857,7.94642857142857,7.94642857142857,7.94642857142857,7.94642857142857,7.94642857142857,7.94642857142857,7.94642857142857,7.94642857142857,7.94642857142857,7.94642857142857,7.94642857142857,7.94642857142857,7.94642857142857,7.94642857142857,7.94642857142857,7.94642857142857,7.94642857142857,7.94642857142857,7.94642857142857,2.5,2.5,2.1428571428571437,2.1428571428571437,2.1428571428571437,2.1428571428571437,2.1428571428571437,2.1428571428571437,2.1428571428571437,5.428571428571429,5.428571428571429,5.428571428571429,5.428571428571429,7.197802197802196,7.197802197802196,7.197802197802196,9.060150375939848,6.071428571428569,6.071428571428569,6.071428571428569,6.071428571428569,6.071428571428569,6.071428571428569,6.071428571428569,6.071428571428569,6.071428571428569,6.071428571428569,6.071428571428569
4.600000000000004,22.727272727272727,22.727272727272727,24.583333333333343,5.999999999999998,12.500000000000004,14.5,14.5,14.5,14.5,14.5,21.333333333333336,21.333333333333336,21.333333333333336,5.000000000000002,15.357142857142865,15.357142857142865,15.357142857142865,15.357142857142865,15.357142857142865,15.357142857142865,15.357142857142865,15.357142857142865,15.357142857142865,15.357142857142865,15.357142857142865,15.357142857142865,15.357142857142865,15.357142857142865,15.357142857142865,15.357142857142865,15.357142857142865,15.357142857142865,15.357142857142865,15.357142857142865,15.357142857142865,15.357142857142865,15.357142857142865,15.357142857142865,17.333333333333336,17.333333333333336,22.857142857142854,13.750000000000002,13.750000000000002,13.750000000000002,13.750000000000002,13.750000000000002,13.750000000000002,13.750000000000002,13.750000000000002,13.750000000000002,13.750000000000002,13.750000000000002,13.750000000000002,20.000000000000004,23.571428571428566,0.0,0.0,17.391304347826086,17.391304347826086,3.636363636363633,24.28571428571429,24.28571428571429,26.909090909090903,15.0,15.0,15.0,15.0,15.0,15.0,15.0,15.0,15.0,15.0,15.0,15.0,15.0,15.0,15.0,15.0,15.0,15.0,15.0,15.0,15.0,15.0,15.0,15.0,15.0,15.0,15.0,15.0,15.0,15.0,15.0,15.0,15.0,15.0,15.0,15.0,15.0,15.0,15.0,15.0,15.0,15.0,15.0,15.0,15.0,15.0,15.0,15.0,15.0,15.0,15.0,15.0,15.0,15.0,15.0,15.0,15.0,15.0,10.000000000000002,19.142857142857146,1.9999999999999996,18.97435897435897,24.642857142857146,24.642857142857146,26.66666666666666,26.57142857142857,15.625000000000002,15.625000000000002,15.625000000000002,15.625000000000002,15.625000000000002,15.625000000000002,15.625000000000002,15.625000000000002,15.625000000000002,15.625000000000002,15.625000000000002,15.625000000000002,15.625000000000002,15.625000000000002,15.625000000000002,15.625000000000002,15.625000000000002,15.625000000000002,15.625000000000002,15.625000000000002,15.625000000000002,15.625000000000002,15.625000000000002,15.625000000000002,15.625000000000002,15.625000000000002,15.625000000000002,15.625000000000002,15.625000000000002,15.625000000000002,15.625000000000002,15.625000000000002,15.625000000000002,15.625000000000002,15.625000000000002,15.625000000000002,15.625000000000002,15.625000000000002,15.625000000000002,15.625000000000002,15.625000000000002,15.625000000000002,15.625000000000002,15.625000000000002,15.625000000000002,15.625000000000002,15.625000000000002,15.625000000000002,15.625000000000002,15.625000000000002,22.500000000000007,22.500000000000007,25.714285714285708,25.714285714285708,25.714285714285708,25.714285714285708,25.714285714285708,25.714285714285708,25.714285714285708,29.0,29.0,29.0,29.0,30.769230769230766,30.769230769230766,30.769230769230766,32.63157894736842,17.5,17.5,17.5,17.5,17.5,17.5,17.5,17.5,17.5,17.5,17.5
4.600000000000004,22.727272727272727,22.727272727272727,24.583333333333343,5.999999999999998,12.500000000000004,14.5,14.5,14.5,14.5,14.5,21.333333333333336,21.333333333333336,21.333333333333336,5.000000000000002,15.357142857142865,15.357142857142865,15.357142857142865,15.357142857142865,15.357142857142865,15.357142857142865,15.357142857142865,15.357142857142865,15.357142857142865,15.357142857142865,15.357142857142865,15.357142857142865,15.357142857142865,15.357142857142865,15.357142857142865,15.357142857142865,15.357142857142865,15.357142857142865,15.357142857142865,15.357142857142865,15.357142857142865,15.357142857142865,15.357142857142865,15.357142857142865,17.333333333333336,17.333333333333336,22.857142857142854,13.750000000000002,13.750000000000002,13.750000000000002,13.750000000000002,13.750000000000002,13.750000000000002,13.750000000000002,13.750000000000002,13.750000000000002,13.750000000000002,13.750000000000002,13.750000000000002,20.000000000000004,23.571428571428566,0.0,0.0,17.391304347826086,17.391304347826086,3.636363636363633,24.28571428571429,24.28571428571429,26.909090909090903,15.0,15.0,15.0,15.0,15.0,15.0,15.0,15.0,15.0,15.0,15.0,15.0,15.0,15.0,15.0,15.0,15.0,15.0,15.0,15.0,15.0,15.0,15.0,15.0,15.0,15.0,15.0,15.0,15.0,15.0,15.0,15.0,15.0,15.0,15.0,15.0,15.0,15.0,15.0,15.0,15.0,15.0,15.0,15.0,15.0,15.0,15.0,15.0,15.0,15.0,15.0,15.0,15.0,15.0,15.0,15.0,15.0,15.0,10.000000000000002,19.142857142857146,1.9999999999999996,18.97435897435897,24.642857142857146,24.642857142857146,26.66666666666666,26.57142857142857,15.625000000000002,15.625000000000002,15.625000000000002,15.625000000000002,15.625000000000002,15.625000000000002,15.625000000000002,15.625000000000002,15.625000000000002,15.625000000000002,15.625000000000002,15.625000000000002,15.625000000000002,15.625000000000002,15.625000000000002,15.625000000000002,15.625000000000002,15.625000000000002,15.625000000000002,15.625000000000002,15.625000000000002,15.625000000000002,15.625000000000002,15.625000000000002,15.625000000000002,15.625000000000002,15.625000000000002,15.625000000000002,15.625000000000002,15.625000000000002,15.625000000000002,15.625000000000002,15.625000000000002,15.625000000000002,15.625000000000002,15.625000000000002,15.625000000000002,15.625000000000002,15.625000000000002,15.625000000000002,15.625000000000002,15.625000000000002,15.625000000000002,15.625000000000002,15.625000000000002,15.625000000000002,15.625000000000002,15.625000000000002,15.625000000000002,15.625000000000002,22.500000000000007,22.500000000000007,25.714285714285708,25.714285714285708,25.714285714285708,25.714285714285708,25.714285714285708,25.714285714285708,25.714285714285708,29.0,29.0,29.0,29.0,30.769230769230766,30.769230769230766,30.769230769230766,32.63157894736842,17.5,17.5,17.5,17.5,17.5,17.5,17.5,17.5,17.5,17.5,17.5
21.991304347826095,5.335968379446639,5.335968379446639,7.192028985507246,11.39130434782609,4.891304347826086,2.8913043478260865,2.8913043478260865,2.8913043478260865,2.8913043478260865,2.8913043478260865,3.9420289855072457,3.9420289855072457,3.9420289855072457,12.391304347826088,2.034161490683229,2.034161490683229,2.034161490683229,2.034161490683229,2.034161490683229,2.034161490683229,2.034161490683229,2.034161490683229,2.034161490683229,2.034161490683229,2.034161490683229,2.034161490683229,2.034161490683229,2.034161490683229,2.034161490683229,2.034161490683229,2.034161490683229,2.034161490683229,2.034161490683229,2.034161490683229,2.034161490683229,2.034161490683229,2.034161490683229,2.034161490683229,0.6376811594202896,0.6376811594202896,5.46583850931677,3.641304347826087,3.641304347826087,3.641304347826087,3.641304347826087,3.641304347826087,3.641304347826087,3.641304347826087,3.641304347826087,3.641304347826087,3.641304347826087,3.641304347826087,3.641304347826087,2.608695652173913,6.180124223602484,17.391304347826086,17.391304347826086,0.0,0.0,21.02766798418972,6.894409937888198,6.894409937888198,9.517786561264824,2.3913043478260896,2.3913043478260896,2.3913043478260896,2.3913043478260896,2.3913043478260896,2.3913043478260896,2.3913043478260896,2.3913043478260896,2.3913043478260896,2.3913043478260896,2.3913043478260896,2.3913043478260896,2.3913043478260896,2.3913043478260896,2.3913043478260896,2.3913043478260896,2.3913043478260896,2.3913043478260896,2.3913043478260896,2.3913043478260896,2.3913043478260896,2.3913043478260896,2.3913043478260896,2.3913043478260896,2.3913043478260896,2.3913043478260896,2.3913043478260896,2.3913043478260896,2.3913043478260896,2.3913043478260896,2.3913043478260896,2.3913043478260896,2.3913043478260896,2.3913043478260896,2.3913043478260896,2.3913043478260896,2.3913043478260896,2.3913043478260896,2.3913043478260896,2.3913043478260896,2.3913043478260896,2.3913043478260896,2.3913043478260896,2.3913043478260896,2.3913043478260896,2.3913043478260896,2.3913043478260896,2.3913043478260896,2.3913043478260896,2.3913043478260896,2.3913043478260896,2.3913043478260896,2.3913043478260896,2.3913043478260896,2.3913043478260896,2.3913043478260896,2.3913043478260896,2.3913043478260896,7.391304347826086,2.124223602484472,19.391304347826093,2.028985507246375,7.251552795031054,7.251552795031054,9.275362318840582,9.180124223602489,1.7663043478260878,1.7663043478260878,1.7663043478260878,1.7663043478260878,1.7663043478260878,1.7663043478260878,1.7663043478260878,1.7663043478260878,1.7663043478260878,1.7663043478260878,1.7663043478260878,1.7663043478260878,1.7663043478260878,1.7663043478260878,1.7663043478260878,1.7663043478260878,1.7663043478260878,1.7663043478260878,1.7663043478260878,1.7663043478260878,1.7663043478260878,1.7663043478260878,1.7663043478260878,1.7663043478260878,1.7663043478260878,1.7663043478260878,1.7663043478260878,1.7663043478260878,1.7663043478260878,1.7663043478260878,1.7663043478260878,1.7663043478260878,1.7663043478260878,1.7663043478260878,1.7663043478260878,1.7663043478260878,1.7663043478260878,1.7663043478260878,1.7663043478260878,1.7663043478260878,1.7663043478260878,1.7663043478260878,1.7663043478260878,1.7663043478260878,1.7663043478260878,1.7663043478260878,1.7663043478260878,1.7663043478260878,1.7663043478260878,1.7663043478260878,6.195652173913043,6.195652173913043,8.322981366459627,8.322981366459627,8.322981366459627,8.322981366459627,8.322981366459627,8.322981366459627,8.322981366459627,11.608695652173912,11.608695652173912,11.608695652173912,11.608695652173912,13.377926421404679,13.377926421404679,13.377926421404679,15.240274599542339,1.1956521739130432,1.1956521739130432,1.1956521739130432,1.1956521739130432,1.1956521739130432,1.1956521739130432,1.1956521739130432,1.1956521739130432,1.1956521739130432,1.1956521739130432,1.1956521739130432
21.991304347826095,5.335968379446639,5.335968379446639,7.192028985507246,11.39130434782609,4.891304347826086,2.8913043478260865,2.8913043478260865,2.8913043478260865,2.8913043478260865,2.8913043478260865,3.9420289855072457,3.9420289855072457,3.9420289855072457,12.391304347826088,2.034161490683229,2.034161490683229,2.034161490683229,2.034161490683229,2.034161490683229,2.034161490683229,2.034161490683229,2.034161490683229,2.034161490683229,2.034161490683229,2.034161490683229,2.034161490683229,2.034161490683229,2.034161490683229,2.034161490683229,2.034161490683229,2.034161490683229,2.034161490683229,2.034161490683229,2.034161490683229,2.034161490683229,2.034161490683229,2.034161490683229,2.034161490683229,0.6376811594202896,0.6376811594202896,5.46583850931677,3.641304347826087,3.641304347826087,3.641304347826087,3.641304347826087,3.641304347826087,3.641304347826087,3.641304347826087,3.641304347826087,3.641304347826087,3.641304347826087,3.641304347826087,3.641304347826087,2.608695652173913,6.180124223602484,17.391304347826086,17.391304347826086,0.0,0.0,21.02766798418972,6.894409937888198,6.894409937888198,9.517786561264824,2.3913043478260896,2.3913043478260896,2.3913043478260896,2.3913043478260896,2.3913043478260896,2.3913043478260896,2.3913043478260896,2.3913043478260896,2.3913043478260896,2.3913043478260896,2.3913043478260896,2.3913043478260896,2.3913043478260896,2.3913043478260896,2.3913043478260896,2.3913043478260896,2.3913043478260896,2.3913043478260896,2.3913043478260896,2.3913043478260896,2.3913043478260896,2.3913043478260896,2.3913043478260896,2.3913043478260896,2.3913043478260896,2.3913043478260896,2.3913043478260896,2.3913043478260896,2.3913043478260896,2.3913043478260896,2.3913043478260896,2.3913043478260896,2.3913043478260896,2.3913043478260896,2.3913043478260896,2.3913043478260896,2.3913043478260896,2.3913043478260896,2.3913043478260896,2.3913043478260896,2.3913043478260896,2.3913043478260896,2.3913043478260896,2.3913043478260896,2.3913043478260896,2.3913043478260896,2.3913043478260896,2.3913043478260896,2.3913043478260896,2.3913043478260896,2.3913043478260896,2.3913043478260896,2.3913043478260896,2.3913043478260896,2.3913043478260896,2.3913043478260896,2.3913043478260896,2.3913043478260896,7.391304347826086,2.124223602484472,19.391304347826093,2.028985507246375,7.251552795031054,7.251552795031054,9.275362318840582,9.180124223602489,1.7663043478260878,1.7663043478260878,1.7663043478260878,1.7663043478260878,1.7663043478260878,1.7663043478260878,1.7663043478260878,1.7663043478260878,1.7663043478260878,1.7663043478260878,1.7663043478260878,1.7663043478260878,1.7663043478260878,1.7663043478260878,1.7663043478260878,1.7663043478260878,1.7663043478260878,1.7663043478260878,1.7663043478260878,1.7663043478260878,1.7663043478260878,1.7663043478260878,1.7663043478260878,1.7663043478260878,1.7663043478260878,1.7663043478260878,1.7663043478260878,1.7663043478260878,1.7663043478260878,1.7663043478260878,1.7663043478260878,1.7663043478260878,1.7663043478260878,1.7663043478260878,1.7663043478260878,1.7663043478260878,1.7663043478260878,1.7663043478260878,1.7663043478260878,1.7663043478260878,1.7663043478260878,1.7663043478260878,1.7663043478260878,1.7663043478260878,1.7663043478260878,1.7663043478260878,1.7663043478260878,1.7663043478260878,1.7663043478260878,1.7663043478260878,6.195652173913043,6.195652173913043,8.322981366459627,8.322981366459627,8.322981366459627,8.322981366459627,8.322981366459627,8.322981366459627,8.322981366459627,11.608695652173912,11.608695652173912,11.608695652173912,11.608695652173912,13.377926421404679,13.377926421404679,13.377926421404679,15.240274599542339,1.1956521739130432,1.1956521739130432,1.1956521739130432,1.1956521739130432,1.1956521739130432,1.1956521739130432,1.1956521739130432,1.1956521739130432,1.1956521739130432,1.1956521739130432,1.1956521739130432
0.9636363636363724,26.36363636363636,26.36363636363636,28.219696969696976,9.636363636363633,16.136363636363633,18.13636363636363,18.13636363636363,18.13636363636363,18.13636363636363,18.13636363636363,24.969696969696958,24.969696969696958,24.969696969696958,8.636363636363633,18.993506493506494,18.993506493506494,18.993506493506494,18.993506493506494,18.993506493506494,18.993506493506494,18.993506493506494,18.993506493506494,18.993506493506494,18.993506493506494,18.993506493506494,18.993506493506494,18.993506493506494,18.993506493506494,18.993506493506494,18.993506493506494,18.993506493506494,18.993506493506494,18.993506493506494,18.993506493506494,18.993506493506494,18.993506493506494,18.993506493506494,18.993506493506494,20.96969696969696,20.96969696969696,26.493506493506494,17.386363636363633,17.386363636363633,17.386363636363633,17.386363636363633,17.386363636363633,17.386363636363633,17.386363636363633,17.386363636363633,17.386363636363633,17.386363636363633,17.386363636363633,17.386363636363633,23.636363636363633,27.207792207792203,3.636363636363633,3.636363636363633,21.02766798418972,21.02766798418972,0.0,27.922077922077925,27.922077922077925,30.54545454545454,18.63636363636363,18.63636363636363,18.63636363636363,18.63636363636363,18.63636363636363,18.63636363636363,18.63636363636363,18.63636363636363,18.63636363636363,18.63636363636363,18.63636363636363,18.63636363636363,18.63636363636363,18.63636363636363,18.63636363636363,18.63636363636363,18.63636363636363,18.63636363636363,18.63636363636363,18.63636363636363,18.63636363636363,18.63636363636363,18.63636363636363,18.63636363636363,18.63636363636363,18.63636363636363,18.63636363636363,18.63636363636363,18.63636363636363,18.63636363636363,18.63636363636363,18.63636363636363,18.63636363636363,18.63636363636363,18.63636363636363,18.63636363636363,18.63636363636363,18.63636363636363,18.63636363636363,18.63636363636363,18.63636363636363,18.63636363636363,18.63636363636363,18.63636363636363,18.63636363636363,18.63636363636363,18.63636363636363,18.63636363636363,18.63636363636363,18.63636363636363,18.63636363636363,18.63636363636363,18.63636363636363,18.63636363636363,18.63636363636363,18.63636363636363,18.63636363636363,18.63636363636363,13.636363636363637,22.779220779220772,1.6363636363636336,22.610722610722604,28.279220779220786,28.279220779220786,30.30303030303029,30.20779220779221,19.261363636363633,19.261363636363633,19.261363636363633,19.261363636363633,19.261363636363633,19.261363636363633,19.261363636363633,19.261363636363633,19.261363636363633,19.261363636363633,19.261363636363633,19.261363636363633,19.261363636363633,19.261363636363633,19.261363636363633,19.261363636363633,19.261363636363633,19.261363636363633,19.261363636363633,19.261363636363633,19.261363636363633,19.261363636363633,19.261363636363633,19.261363636363633,19.261363636363633,19.261363636363633,19.261363636363633,19.261363636363633,19.261363636363633,19.261363636363633,19.261363636363633,19.261363636363633,19.261363636363633,19.261363636363633,19.261363636363633,19.261363636363633,19.261363636363633,19.261363636363633,19.261363636363633,19.261363636363633,19.261363636363633,19.261363636363633,19.261363636363633,19.261363636363633,19.261363636363633,19.261363636363633,19.261363636363633,19.261363636363633,19.261363636363633,19.261363636363633,26.136363636363637,26.136363636363637,29.35064935064935,29.35064935064935,29.35064935064935,29.35064935064935,29.35064935064935,29.35064935064935,29.35064935064935,32.63636363636364,32.63636363636364,32.63636363636364,32.63636363636364,34.4055944055944,34.4055944055944,34.4055944055944,36.267942583732044,21.136363636363633,21.136363636363633,21.136363636363633,21.136363636363633,21.136363636363633,21.136363636363633,21.136363636363633,21.136363636363633,21.136363636363633,21.136363636363633,21.136363636363633
28.8857142857143,1.5584415584415587,1.5584415584415587,0.29761904761904834,18.285714285714285,11.785714285714285,9.785714285714285,9.785714285714285,9.785714285714285,9.785714285714285,9.785714285714285,2.952380952380953,2.952380952380953,2.952380952380953,19.28571428571428,8.928571428571427,8.928571428571427,8.928571428571427,8.928571428571427,8.928571428571427,8.928571428571427,8.928571428571427,8.928571428571427,8.928571428571427,8.928571428571427,8.928571428571427,8.928571428571427,8.928571428571427,8.928571428571427,8.928571428571427,8.928571428571427,8.928571428571427,8.928571428571427,8.928571428571427,8.928571428571427,8.928571428571427,8.928571428571427,8.928571428571427,8.928571428571427,6.952380952380952,6.952380952380952,1.4285714285714293,10.535714285714285,10.535714285714285,10.535714285714285,10.535714285714285,10.535714285714285,10.535714285714285,10.535714285714285,10.535714285714285,10.535714285714285,10.535714285714285,10.535714285714285,10.535714285714285,4.285714285714286,0.7142857142857151,24.28571428571429,24.28571428571429,6.894409937888198,6.894409937888198,27.922077922077925,0.0,0.0,2.6233766233766236,9.285714285714286,9.285714285714286,9.285714285714286,9.285714285714286,9.285714285714286,9.285714285714286,9.285714285714286,9.285714285714286,9.285714285714286,9.285714285714286,9.285714285714286,9.285714285714286,9.285714285714286,9.285714285714286,9.285714285714286,9.285714285714286,9.285714285714286,9.285714285714286,9.285714285714286,9.285714285714286,9.285714285714286,9.285714285714286,9.285714285714286,9.285714285714286,9.285714285714286,9.285714285714286,9.285714285714286,9.285714285714286,9.285714285714286,9.285714285714286,9.285714285714286,9.285714285714286,9.285714285714286,9.285714285714286,9.285714285714286,9.285714285714286,9.285714285714286,9.285714285714286,9.285714285714286,9.285714285714286,9.285714285714286,9.285714285714286,9.285714285714286,9.285714285714286,9.285714285714286,9.285714285714286,9.285714285714286,9.285714285714286,9.285714285714286,9.285714285714286,9.285714285714286,9.285714285714286,9.285714285714286,9.285714285714286,9.285714285714286,9.285714285714286,9.285714285714286,9.285714285714286,14.285714285714285,5.142857142857142,26.285714285714285,5.311355311355312,0.3571428571428559,0.3571428571428559,2.3809523809523805,2.285714285714286,8.660714285714286,8.660714285714286,8.660714285714286,8.660714285714286,8.660714285714286,8.660714285714286,8.660714285714286,8.660714285714286,8.660714285714286,8.660714285714286,8.660714285714286,8.660714285714286,8.660714285714286,8.660714285714286,8.660714285714286,8.660714285714286,8.660714285714286,8.660714285714286,8.660714285714286,8.660714285714286,8.660714285714286,8.660714285714286,8.660714285714286,8.660714285714286,8.660714285714286,8.660714285714286,8.660714285714286,8.660714285714286,8.660714285714286,8.660714285714286,8.660714285714286,8.660714285714286,8.660714285714286,8.660714285714286,8.660714285714286,8.660714285714286,8.660714285714286,8.660714285714286,8.660714285714286,8.660714285714286,8.660714285714286,8.660714285714286,8.660714285714286,8.660714285714286,8.660714285714286,8.660714285714286,8.660714285714286,8.660714285714286,8.660714285714286,8.660714285714286,1.785714285714285,1.785714285714285,1.4285714285714293,1.4285714285714293,1.4285714285714293,1.4285714285714293,1.4285714285714293,1.4285714285714293,1.4285714285714293,4.7142857142857135,4.7142857142857135,4.7142857142857135,4.7142857142857135,6.483516483516483,6.483516483516483,6.483516483516483,8.345864661654137,6.7857142857142865,6.7857142857142865,6.7857142857142865,6.7857142857142865,6.7857142857142865,6.7857142857142865,6.7857142857142865,6.7857142857142865,6.7857142857142865,6.7857142857142865,6.7857142857142865
28.8857142857143,1.5584415584415587,1.5584415584415587,0.29761904761904834,18.285714285714285,11.785714285714285,9.785714285714285,9.785714285714285,9.785714285714285,9.785714285714285,9.785714285714285,2.952380952380953,2.952380952380953,2.952380952380953,19.28571428571428,8.928571428571427,8.928571428571427,8.928571428571427,8.928571428571427,8.928571428571427,8.928571428571427,8.928571428571427,8.928571428571427,8.928571428571427,8.928571428571427,8.928571428571427,8.928571428571427,8.928571428571427,8.928571428571427,8.928571428571427,8.928571428571427,8.928571428571427,8.928571428571427,8.928571428571427,8.928571428571427,8.928571428571427,8.928571428571427,8.928571428571427,8.928571428571427,6.952380952380952,6.952380952380952,1.4285714285714293,10.535714285714285,10.535714285714285,10.535714285714285,10.535714285714285,10.535714285714285,10.535714285714285,10.535714285714285,10.535714285714285,10.535714285714285,10.535714285714285,10.535714285714285,10.535714285714285,4.285714285714286,0.7142857142857151,24.28571428571429,24.28571428571429,6.894409937888198,6.894409937888198,27.922077922077925,0.0,0.0,2.6233766233766236,9.285714285714286,9.285714285714286,9.285714285714286,9.285714285714286,9.285714285714286,9.285714285714286,9.285714285714286,9.285714285714286,9.285714285714286,9.285714285714286,9.285714285714286,9.285714285714286,9.285714285714286,9.285714285714286,9.285714285714286,9.285714285714286,9.285714285714286,9.285714285714286,9.285714285714286,9.285714285714286,9.285714285714286,9.285714285714286,9.285714285714286,9.285714285714286,9.285714285714286,9.285714285714286,9.285714285714286,9.285714285714286,9.285714285714286,9.285714285714286,9.285714285714286,9.285714285714286,9.285714285714286,9.285714285714286,9.285714285714286,9.285714285714286,9.285714285714286,9.285714285714286,9.285714285714286,9.285714285714286,9.285714285714286,9.285714285714286,9.285714285714286,9.285714285714286,9.285714285714286,9.285714285714286,9.285714285714286,9.285714285714286,9.285714285714286,9.285714285714286,9.285714285714286,9.285714285714286,9.285714285714286,9.285714285714286,9.285714285714286,9.285714285714286,9.285714285714286,9.285714285714286,14.285714285714285,5.142857142857142,26.285714285714285,5.311355311355312,0.3571428571428559,0.3571428571428559,2.3809523809523805,2.285714285714286,8.660714285714286,8.660714285714286,8.660714285714286,8.660714285714286,8.660714285714286,8.660714285714286,8.660714285714286,8.660714285714286,8.660714285714286,8.660714285714286,8.660714285714286,8.660714285714286,8.660714285714286,8.660714285714286,8.660714285714286,8.660714285714286,8.660714285714286,8.660714285714286,8.660714285714286,8.660714285714286,8.660714285714286,8.660714285714286,8.660714285714286,8.660714285714286,8.660714285714286,8.660714285714286,8.660714285714286,8.660714285714286,8.660714285714286,8.660714285714286,8.660714285714286,8.660714285714286,8.660714285714286,8.660714285714286,8.660714285714286,8.660714285714286,8.660714285714286,8.660714285714286,8.660714285714286,8.660714285714286,8.660714285714286,8.660714285714286,8.660714285714286,8.660714285714286,8.660714285714286,8.660714285714286,8.660714285714286,8.660714285714286,8.660714285714286,8.660714285714286,1.785714285714285,1.785714285714285,1.4285714285714293,1.4285714285714293,1.4285714285714293,1.4285714285714293,1.4285714285714293,1.4285714285714293,1.4285714285714293,4.7142857142857135,4.7142857142857135,4.7142857142857135,4.7142857142857135,6.483516483516483,6.483516483516483,6.483516483516483,8.345864661654137,6.7857142857142865,6.7857142857142865,6.7857142857142865,6.7857142857142865,6.7857142857142865,6.7857142857142865,6.7857142857142865,6.7857142857142865,6.7857142857142865,6.7857142857142865,6.7857142857142865
31.509090909090908,4.181818181818183,4.181818181818183,2.4015151515151505,20.909090909090907,14.409090909090908,12.409090909090908,12.409090909090908,12.409090909090908,12.409090909090908,12.409090909090908,5.57575757575758,5.57575757575758,5.57575757575758,21.90909090909091,11.551948051948049,11.551948051948049,11.551948051948049,11.551948051948049,11.551948051948049,11.551948051948049,11.551948051948049,11.551948051948049,11.551948051948049,11.551948051948049,11.551948051948049,11.551948051948049,11.551948051948049,11.551948051948049,11.551948051948049,11.551948051948049,11.551948051948049,11.551948051948049,11.551948051948049,11.551948051948049,11.551948051948049,11.551948051948049,11.551948051948049,11.551948051948049,9.575757575757578,9.575757575757578,4.051948051948052,13.15909090909091,13.15909090909091,13.15909090909091,13.15909090909091,13.15909090909091,13.15909090909091,13.15909090909091,13.15909090909091,13.15909090909091,13.15909090909091,13.15909090909091,13.15909090909091,6.90909090909091,3.337662337662338,26.909090909090903,26.909090909090903,9.517786561264824,9.517786561264824,30.54545454545454,2.6233766233766236,2.6233766233766236,0.0,11.90909090909091,11.90909090909091,11.90909090909091,11.90909090909091,11.90909090909091,11.90909090909091,11.90909090909091,11.90909090909091,11.90909090909091,11.90909090909091,11.90909090909091,11.90909090909091,11.90909090909091,11.90909090909091,11.90909090909091,11.90909090909091,11.90909090909091,11.90909090909091,11.90909090909091,11.90909090909091,11.90909090909091,11.90909090909091,11.90909090909091,11.90909090909091,11.90909090909091,11.90909090909091,11.90909090909091,11.90909090909091,11.90909090909091,11.90909090909091,11.90909090909091,11.90909090909091,11.90909090909091,11.90909090909091,11.90909090909091,11.90909090909091,11.90909090909091,11.90909090909091,11.90909090909091,11.90909090909091,11.90909090909091,11.90909090909091,11.90909090909091,11.90909090909091,11.90909090909091,11.90909090909091,11.90909090909091,11.90909090909091,11.90909090909091,11.90909090909091,11.90909090909091,11.90909090909091,11.90909090909091,11.90909090909091,11.90909090909091,11.90909090909091,11.90909090909091,11.90909090909091,16.90909090909091,7.766233766233768,28.909090909090907,7.9347319347319365,2.266233766233768,2.266233766233768,0.24242424242424443,0.3376623376623378,11.28409090909091,11.28409090909091,11.28409090909091,11.28409090909091,11.28409090909091,11.28409090909091,11.28409090909091,11.28409090909091,11.28409090909091,11.28409090909091,11.28409090909091,11.28409090909091,11.28409090909091,11.28409090909091,11.28409090909091,11.28409090909091,11.28409090909091,11.28409090909091,11.28409090909091,11.28409090909091,11.28409090909091,11.28409090909091,11.28409090909091,11.28409090909091,11.28409090909091,11.28409090909091,11.28409090909091,11.28409090909091,11.28409090909091,11.28409090909091,11.28409090909091,11.28409090909091,11.28409090909091,11.28409090909091,11.28409090909091,11.28409090909091,11.28409090909091,11.28409090909091,11.28409090909091,11.28409090909091,11.28409090909091,11.28409090909091,11.28409090909091,11.28409090909091,11.28409090909091,11.28409090909091,11.28409090909091,11.28409090909091,11.28409090909091,11.28409090909091,4.409090909090908,4.409090909090908,1.1948051948051952,1.1948051948051952,1.1948051948051952,1.1948051948051952,1.1948051948051952,1.1948051948051952,1.1948051948051952,2.090909090909089,2.090909090909089,2.090909090909089,2.090909090909089,3.8601398601398578,3.8601398601398578,3.8601398601398578,5.722488038277511,9.40909090909091,9.40909090909091,9.40909090909091,9.40909090909091,9.40909090909091,9.40909090909091,9.40909090909091,9.40909090909091,9.40909090909091,9.40909090909091,9.40909090909091
19.600000000000005,7.727272727272729,7.727272727272729,9.583333333333337,9.000000000000004,2.499999999999999,0.4999999999999989,0.4999999999999989,0.4999999999999989,0.4999999999999989,0.4999999999999989,6.333333333333334,6.333333333333334,6.333333333333334,9.999999999999996,0.357142857142861,0.357142857142861,0.357142857142861,0.357142857142861,0.357142857142861,0.357142857142861,0.357142857142861,0.357142857142861,0.357142857142861,0.357142857142861,0.357142857142861,0.357142857142861,0.357142857142861,0.357142857142861,0.357142857142861,0.357142857142861,0.357142857142861,0.357142857142861,0.357142857142861,0.357142857142861,0.357142857142861,0.357142857142861,0.357142857142861,0.357142857142861,2.3333333333333353,2.3333333333333353,7.857142857142862,1.2499999999999996,1.2499999999999996,1.2499999999999996,1.2499999999999996,1.2499999999999996,1.2499999999999996,1.2499999999999996,1.2499999999999996,1.2499999999999996,1.2499999999999996,1.2499999999999996,1.2499999999999996,5.000000000000003,8.571428571428573,15.0,15.0,2.3913043478260896,2.3913043478260896,18.63636363636363,9.285714285714286,9.285714285714286,11.90909090909091,0.0,0.0,0.0,0.0,0.0,0.0,0.0,0.0,0.0,0.0,0.0,0.0,0.0,0.0,0.0,0.0,0.0,0.0,0.0,0.0,0.0,0.0,0.0,0.0,0.0,0.0,0.0,0.0,0.0,0.0,0.0,0.0,0.0,0.0,0.0,0.0,0.0,0.0,0.0,0.0,0.0,0.0,0.0,0.0,0.0,0.0,0.0,0.0,0.0,0.0,0.0,0.0,0.0,0.0,0.0,0.0,0.0,0.0,4.999999999999997,4.142857142857146,17.0,3.9743589743589762,9.642857142857142,9.642857142857142,11.666666666666666,11.571428571428575,0.6250000000000018,0.6250000000000018,0.6250000000000018,0.6250000000000018,0.6250000000000018,0.6250000000000018,0.6250000000000018,0.6250000000000018,0.6250000000000018,0.6250000000000018,0.6250000000000018,0.6250000000000018,0.6250000000000018,0.6250000000000018,0.6250000000000018,0.6250000000000018,0.6250000000000018,0.6250000000000018,0.6250000000000018,0.6250000000000018,0.6250000000000018,0.6250000000000018,0.6250000000000018,0.6250000000000018,0.6250000000000018,0.6250000000000018,0.6250000000000018,0.6250000000000018,0.6250000000000018,0.6250000000000018,0.6250000000000018,0.6250000000000018,0.6250000000000018,0.6250000000000018,0.6250000000000018,0.6250000000000018,0.6250000000000018,0.6250000000000018,0.6250000000000018,0.6250000000000018,0.6250000000000018,0.6250000000000018,0.6250000000000018,0.6250000000000018,0.6250000000000018,0.6250000000000018,0.6250000000000018,0.6250000000000018,0.6250000000000018,0.6250000000000018,7.500000000000002,7.500000000000002,10.714285714285715,10.714285714285715,10.714285714285715,10.714285714285715,10.714285714285715,10.714285714285715,10.714285714285715,14.000000000000004,14.000000000000004,14.000000000000004,14.000000000000004,15.769230769230774,15.769230769230774,15.769230769230774,17.63157894736843,2.5000000000000013,2.5000000000000013,2.5000000000000013,2.5000000000000013,2.5000000000000013,2.5000000000000013,2.5000000000000013,2.5000000000000013,2.5000000000000013,2.5000000000000013,2.5000000000000013
19.600000000000005,7.727272727272729,7.727272727272729,9.583333333333337,9.000000000000004,2.499999999999999,0.4999999999999989,0.4999999999999989,0.4999999999999989,0.4999999999999989,0.4999999999999989,6.333333333333334,6.333333333333334,6.333333333333334,9.999999999999996,0.357142857142861,0.357142857142861,0.357142857142861,0.357142857142861,0.357142857142861,0.357142857142861,0.357142857142861,0.357142857142861,0.357142857142861,0.357142857142861,0.357142857142861,0.357142857142861,0.357142857142861,0.357142857142861,0.357142857142861,0.357142857142861,0.357142857142861,0.357142857142861,0.357142857142861,0.357142857142861,0.357142857142861,0.357142857142861,0.357142857142861,0.357142857142861,2.3333333333333353,2.3333333333333353,7.857142857142862,1.2499999999999996,1.2499999999999996,1.2499999999999996,1.2499999999999996,1.2499999999999996,1.2499999999999996,1.2499999999999996,1.2499999999999996,1.2499999999999996,1.2499999999999996,1.2499999999999996,1.2499999999999996,5.000000000000003,8.571428571428573,15.0,15.0,2.3913043478260896,2.3913043478260896,18.63636363636363,9.285714285714286,9.285714285714286,11.90909090909091,0.0,0.0,0.0,0.0,0.0,0.0,0.0,0.0,0.0,0.0,0.0,0.0,0.0,0.0,0.0,0.0,0.0,0.0,0.0,0.0,0.0,0.0,0.0,0.0,0.0,0.0,0.0,0.0,0.0,0.0,0.0,0.0,0.0,0.0,0.0,0.0,0.0,0.0,0.0,0.0,0.0,0.0,0.0,0.0,0.0,0.0,0.0,0.0,0.0,0.0,0.0,0.0,0.0,0.0,0.0,0.0,0.0,0.0,4.999999999999997,4.142857142857146,17.0,3.9743589743589762,9.642857142857142,9.642857142857142,11.666666666666666,11.571428571428575,0.6250000000000018,0.6250000000000018,0.6250000000000018,0.6250000000000018,0.6250000000000018,0.6250000000000018,0.6250000000000018,0.6250000000000018,0.6250000000000018,0.6250000000000018,0.6250000000000018,0.6250000000000018,0.6250000000000018,0.6250000000000018,0.6250000000000018,0.6250000000000018,0.6250000000000018,0.6250000000000018,0.6250000000000018,0.6250000000000018,0.6250000000000018,0.6250000000000018,0.6250000000000018,0.6250000000000018,0.6250000000000018,0.6250000000000018,0.6250000000000018,0.6250000000000018,0.6250000000000018,0.6250000000000018,0.6250000000000018,0.6250000000000018,0.6250000000000018,0.6250000000000018,0.6250000000000018,0.6250000000000018,0.6250000000000018,0.6250000000000018,0.6250000000000018,0.6250000000000018,0.6250000000000018,0.6250000000000018,0.6250000000000018,0.6250000000000018,0.6250000000000018,0.6250000000000018,0.6250000000000018,0.6250000000000018,0.6250000000000018,0.6250000000000018,7.500000000000002,7.500000000000002,10.714285714285715,10.714285714285715,10.714285714285715,10.714285714285715,10.714285714285715,10.714285714285715,10.714285714285715,14.000000000000004,14.000000000000004,14.000000000000004,14.000000000000004,15.769230769230774,15.769230769230774,15.769230769230774,17.63157894736843,2.5000000000000013,2.5000000000000013,2.5000000000000013,2.5000000000000013,2.5000000000000013,2.5000000000000013,2.5000000000000013,2.5000000000000013,2.5000000000000013,2.5000000000000013,2.5000000000000013
19.600000000000005,7.727272727272729,7.727272727272729,9.583333333333337,9.000000000000004,2.499999999999999,0.4999999999999989,0.4999999999999989,0.4999999999999989,0.4999999999999989,0.4999999999999989,6.333333333333334,6.333333333333334,6.333333333333334,9.999999999999996,0.357142857142861,0.357142857142861,0.357142857142861,0.357142857142861,0.357142857142861,0.357142857142861,0.357142857142861,0.357142857142861,0.357142857142861,0.357142857142861,0.357142857142861,0.357142857142861,0.357142857142861,0.357142857142861,0.357142857142861,0.357142857142861,0.357142857142861,0.357142857142861,0.357142857142861,0.357142857142861,0.357142857142861,0.357142857142861,0.357142857142861,0.357142857142861,2.3333333333333353,2.3333333333333353,7.857142857142862,1.2499999999999996,1.2499999999999996,1.2499999999999996,1.2499999999999996,1.2499999999999996,1.2499999999999996,1.2499999999999996,1.2499999999999996,1.2499999999999996,1.2499999999999996,1.2499999999999996,1.2499999999999996,5.000000000000003,8.571428571428573,15.0,15.0,2.3913043478260896,2.3913043478260896,18.63636363636363,9.285714285714286,9.285714285714286,11.90909090909091,0.0,0.0,0.0,0.0,0.0,0.0,0.0,0.0,0.0,0.0,0.0,0.0,0.0,0.0,0.0,0.0,0.0,0.0,0.0,0.0,0.0,0.0,0.0,0.0,0.0,0.0,0.0,0.0,0.0,0.0,0.0,0.0,0.0,0.0,0.0,0.0,0.0,0.0,0.0,0.0,0.0,0.0,0.0,0.0,0.0,0.0,0.0,0.0,0.0,0.0,0.0,0.0,0.0,0.0,0.0,0.0,0.0,0.0,4.999999999999997,4.142857142857146,17.0,3.9743589743589762,9.642857142857142,9.642857142857142,11.666666666666666,11.571428571428575,0.6250000000000018,0.6250000000000018,0.6250000000000018,0.6250000000000018,0.6250000000000018,0.6250000000000018,0.6250000000000018,0.6250000000000018,0.6250000000000018,0.6250000000000018,0.6250000000000018,0.6250000000000018,0.6250000000000018,0.6250000000000018,0.6250000000000018,0.6250000000000018,0.6250000000000018,0.6250000000000018,0.6250000000000018,0.6250000000000018,0.6250000000000018,0.6250000000000018,0.6250000000000018,0.6250000000000018,0.6250000000000018,0.6250000000000018,0.6250000000000018,0.6250000000000018,0.6250000000000018,0.6250000000000018,0.6250000000000018,0.6250000000000018,0.6250000000000018,0.6250000000000018,0.6250000000000018,0.6250000000000018,0.6250000000000018,0.6250000000000018,0.6250000000000018,0.6250000000000018,0.6250000000000018,0.6250000000000018,0.6250000000000018,0.6250000000000018,0.6250000000000018,0.6250000000000018,0.6250000000000018,0.6250000000000018,0.6250000000000018,0.6250000000000018,7.500000000000002,7.500000000000002,10.714285714285715,10.714285714285715,10.714285714285715,10.714285714285715,10.714285714285715,10.714285714285715,10.714285714285715,14.000000000000004,14.000000000000004,14.000000000000004,14.000000000000004,15.769230769230774,15.769230769230774,15.769230769230774,17.63157894736843,2.5000000000000013,2.5000000000000013,2.5000000000000013,2.5000000000000013,2.5000000000000013,2.5000000000000013,2.5000000000000013,2.5000000000000013,2.5000000000000013,2.5000000000000013,2.5000000000000013
19.600000000000005,7.727272727272729,7.727272727272729,9.583333333333337,9.000000000000004,2.499999999999999,0.4999999999999989,0.4999999999999989,0.4999999999999989,0.4999999999999989,0.4999999999999989,6.333333333333334,6.333333333333334,6.333333333333334,9.999999999999996,0.357142857142861,0.357142857142861,0.357142857142861,0.357142857142861,0.357142857142861,0.357142857142861,0.357142857142861,0.357142857142861,0.357142857142861,0.357142857142861,0.357142857142861,0.357142857142861,0.357142857142861,0.357142857142861,0.357142857142861,0.357142857142861,0.357142857142861,0.357142857142861,0.357142857142861,0.357142857142861,0.357142857142861,0.357142857142861,0.357142857142861,0.357142857142861,2.3333333333333353,2.3333333333333353,7.857142857142862,1.2499999999999996,1.2499999999999996,1.2499999999999996,1.2499999999999996,1.2499999999999996,1.2499999999999996,1.2499999999999996,1.2499999999999996,1.2499999999999996,1.2499999999999996,1.2499999999999996,1.2499999999999996,5.000000000000003,8.571428571428573,15.0,15.0,2.3913043478260896,2.3913043478260896,18.63636363636363,9.285714285714286,9.285714285714286,11.90909090909091,0.0,0.0,0.0,0.0,0.0,0.0,0.0,0.0,0.0,0.0,0.0,0.0,0.0,0.0,0.0,0.0,0.0,0.0,0.0,0.0,0.0,0.0,0.0,0.0,0.0,0.0,0.0,0.0,0.0,0.0,0.0,0.0,0.0,0.0,0.0,0.0,0.0,0.0,0.0,0.0,0.0,0.0,0.0,0.0,0.0,0.0,0.0,0.0,0.0,0.0,0.0,0.0,0.0,0.0,0.0,0.0,0.0,0.0,4.999999999999997,4.142857142857146,17.0,3.9743589743589762,9.642857142857142,9.642857142857142,11.666666666666666,11.571428571428575,0.6250000000000018,0.6250000000000018,0.6250000000000018,0.6250000000000018,0.6250000000000018,0.6250000000000018,0.6250000000000018,0.6250000000000018,0.6250000000000018,0.6250000000000018,0.6250000000000018,0.6250000000000018,0.6250000000000018,0.6250000000000018,0.6250000000000018,0.6250000000000018,0.6250000000000018,0.6250000000000018,0.6250000000000018,0.6250000000000018,0.6250000000000018,0.6250000000000018,0.6250000000000018,0.6250000000000018,0.6250000000000018,0.6250000000000018,0.6250000000000018,0.6250000000000018,0.6250000000000018,0.6250000000000018,0.6250000000000018,0.6250000000000018,0.6250000000000018,0.6250000000000018,0.6250000000000018,0.6250000000000018,0.6250000000000018,0.6250000000000018,0.6250000000000018,0.6250000000000018,0.6250000000000018,0.6250000000000018,0.6250000000000018,0.6250000000000018,0.6250000000000018,0.6250000000000018,0.6250000000000018,0.6250000000000018,0.6250000000000018,0.6250000000000018,7.500000000000002,7.500000000000002,10.714285714285715,10.714285714285715,10.714285714285715,10.714285714285715,10.714285714285715,10.714285714285715,10.714285714285715,14.000000000000004,14.000000000000004,14.000000000000004,14.000000000000004,15.769230769230774,15.769230769230774,15.769230769230774,17.63157894736843,2.5000000000000013,2.5000000000000013,2.5000000000000013,2.5000000000000013,2.5000000000000013,2.5000000000000013,2.5000000000000013,2.5000000000000013,2.5000000000000013,2.5000000000000013,2.5000000000000013
19.600000000000005,7.727272727272729,7.727272727272729,9.583333333333337,9.000000000000004,2.499999999999999,0.4999999999999989,0.4999999999999989,0.4999999999999989,0.4999999999999989,0.4999999999999989,6.333333333333334,6.333333333333334,6.333333333333334,9.999999999999996,0.357142857142861,0.357142857142861,0.357142857142861,0.357142857142861,0.357142857142861,0.357142857142861,0.357142857142861,0.357142857142861,0.357142857142861,0.357142857142861,0.357142857142861,0.357142857142861,0.357142857142861,0.357142857142861,0.357142857142861,0.357142857142861,0.357142857142861,0.357142857142861,0.357142857142861,0.357142857142861,0.357142857142861,0.357142857142861,0.357142857142861,0.357142857142861,2.3333333333333353,2.3333333333333353,7.857142857142862,1.2499999999999996,1.2499999999999996,1.2499999999999996,1.2499999999999996,1.2499999999999996,1.2499999999999996,1.2499999999999996,1.2499999999999996,1.2499999999999996,1.2499999999999996,1.2499999999999996,1.2499999999999996,5.000000000000003,8.571428571428573,15.0,15.0,2.3913043478260896,2.3913043478260896,18.63636363636363,9.285714285714286,9.285714285714286,11.90909090909091,0.0,0.0,0.0,0.0,0.0,0.0,0.0,0.0,0.0,0.0,0.0,0.0,0.0,0.0,0.0,0.0,0.0,0.0,0.0,0.0,0.0,0.0,0.0,0.0,0.0,0.0,0.0,0.0,0.0,0.0,0.0,0.0,0.0,0.0,0.0,0.0,0.0,0.0,0.0,0.0,0.0,0.0,0.0,0.0,0.0,0.0,0.0,0.0,0.0,0.0,0.0,0.0,0.0,0.0,0.0,0.0,0.0,0.0,4.999999999999997,4.142857142857146,17.0,3.9743589743589762,9.642857142857142,9.642857142857142,11.666666666666666,11.571428571428575,0.6250000000000018,0.6250000000000018,0.6250000000000018,0.6250000000000018,0.6250000000000018,0.6250000000000018,0.6250000000000018,0.6250000000000018,0.6250000000000018,0.6250000000000018,0.6250000000000018,0.6250000000000018,0.6250000000000018,0.6250000000000018,0.6250000000000018,0.6250000000000018,0.6250000000000018,0.6250000000000018,0.6250000000000018,0.6250000000000018,0.6250000000000018,0.6250000000000018,0.6250000000000018,0.6250000000000018,0.6250000000000018,0.6250000000000018,0.6250000000000018,0.6250000000000018,0.6250000000000018,0.6250000000000018,0.6250000000000018,0.6250000000000018,0.6250000000000018,0.6250000000000018,0.6250000000000018,0.6250000000000018,0.6250000000000018,0.6250000000000018,0.6250000000000018,0.6250000000000018,0.6250000000000018,0.6250000000000018,0.6250000000000018,0.6250000000000018,0.6250000000000018,0.6250000000000018,0.6250000000000018,0.6250000000000018,0.6250000000000018,0.6250000000000018,7.500000000000002,7.500000000000002,10.714285714285715,10.714285714285715,10.714285714285715,10.714285714285715,10.714285714285715,10.714285714285715,10.714285714285715,14.000000000000004,14.000000000000004,14.000000000000004,14.000000000000004,15.769230769230774,15.769230769230774,15.769230769230774,17.63157894736843,2.5000000000000013,2.5000000000000013,2.5000000000000013,2.5000000000000013,2.5000000000000013,2.5000000000000013,2.5000000000000013,2.5000000000000013,2.5000000000000013,2.5000000000000013,2.5000000000000013
19.600000000000005,7.727272727272729,7.727272727272729,9.583333333333337,9.000000000000004,2.499999999999999,0.4999999999999989,0.4999999999999989,0.4999999999999989,0.4999999999999989,0.4999999999999989,6.333333333333334,6.333333333333334,6.333333333333334,9.999999999999996,0.357142857142861,0.357142857142861,0.357142857142861,0.357142857142861,0.357142857142861,0.357142857142861,0.357142857142861,0.357142857142861,0.357142857142861,0.357142857142861,0.357142857142861,0.357142857142861,0.357142857142861,0.357142857142861,0.357142857142861,0.357142857142861,0.357142857142861,0.357142857142861,0.357142857142861,0.357142857142861,0.357142857142861,0.357142857142861,0.357142857142861,0.357142857142861,2.3333333333333353,2.3333333333333353,7.857142857142862,1.2499999999999996,1.2499999999999996,1.2499999999999996,1.2499999999999996,1.2499999999999996,1.2499999999999996,1.2499999999999996,1.2499999999999996,1.2499999999999996,1.2499999999999996,1.2499999999999996,1.2499999999999996,5.000000000000003,8.571428571428573,15.0,15.0,2.3913043478260896,2.3913043478260896,18.63636363636363,9.285714285714286,9.285714285714286,11.90909090909091,0.0,0.0,0.0,0.0,0.0,0.0,0.0,0.0,0.0,0.0,0.0,0.0,0.0,0.0,0.0,0.0,0.0,0.0,0.0,0.0,0.0,0.0,0.0,0.0,0.0,0.0,0.0,0.0,0.0,0.0,0.0,0.0,0.0,0.0,0.0,0.0,0.0,0.0,0.0,0.0,0.0,0.0,0.0,0.0,0.0,0.0,0.0,0.0,0.0,0.0,0.0,0.0,0.0,0.0,0.0,0.0,0.0,0.0,4.999999999999997,4.142857142857146,17.0,3.9743589743589762,9.642857142857142,9.642857142857142,11.666666666666666,11.571428571428575,0.6250000000000018,0.6250000000000018,0.6250000000000018,0.6250000000000018,0.6250000000000018,0.6250000000000018,0.6250000000000018,0.6250000000000018,0.6250000000000018,0.6250000000000018,0.6250000000000018,0.6250000000000018,0.6250000000000018,0.6250000000000018,0.6250000000000018,0.6250000000000018,0.6250000000000018,0.6250000000000018,0.6250000000000018,0.6250000000000018,0.6250000000000018,0.6250000000000018,0.6250000000000018,0.6250000000000018,0.6250000000000018,0.6250000000000018,0.6250000000000018,0.6250000000000018,0.6250000000000018,0.6250000000000018,0.6250000000000018,0.6250000000000018,0.6250000000000018,0.6250000000000018,0.6250000000000018,0.6250000000000018,0.6250000000000018,0.6250000000000018,0.6250000000000018,0.6250000000000018,0.6250000000000018,0.6250000000000018,0.6250000000000018,0.6250000000000018,0.6250000000000018,0.6250000000000018,0.6250000000000018,0.6250000000000018,0.6250000000000018,0.6250000000000018,7.500000000000002,7.500000000000002,10.714285714285715,10.714285714285715,10.714285714285715,10.714285714285715,10.714285714285715,10.714285714285715,10.714285714285715,14.000000000000004,14.000000000000004,14.000000000000004,14.000000000000004,15.769230769230774,15.769230769230774,15.769230769230774,17.63157894736843,2.5000000000000013,2.5000000000000013,2.5000000000000013,2.5000000000000013,2.5000000000000013,2.5000000000000013,2.5000000000000013,2.5000000000000013,2.5000000000000013,2.5000000000000013,2.5000000000000013
19.600000000000005,7.727272727272729,7.727272727272729,9.583333333333337,9.000000000000004,2.499999999999999,0.4999999999999989,0.4999999999999989,0.4999999999999989,0.4999999999999989,0.4999999999999989,6.333333333333334,6.333333333333334,6.333333333333334,9.999999999999996,0.357142857142861,0.357142857142861,0.357142857142861,0.357142857142861,0.357142857142861,0.357142857142861,0.357142857142861,0.357142857142861,0.357142857142861,0.357142857142861,0.357142857142861,0.357142857142861,0.357142857142861,0.357142857142861,0.357142857142861,0.357142857142861,0.357142857142861,0.357142857142861,0.357142857142861,0.357142857142861,0.357142857142861,0.357142857142861,0.357142857142861,0.357142857142861,2.3333333333333353,2.3333333333333353,7.857142857142862,1.2499999999999996,1.2499999999999996,1.2499999999999996,1.2499999999999996,1.2499999999999996,1.2499999999999996,1.2499999999999996,1.2499999999999996,1.2499999999999996,1.2499999999999996,1.2499999999999996,1.2499999999999996,5.000000000000003,8.571428571428573,15.0,15.0,2.3913043478260896,2.3913043478260896,18.63636363636363,9.285714285714286,9.285714285714286,11.90909090909091,0.0,0.0,0.0,0.0,0.0,0.0,0.0,0.0,0.0,0.0,0.0,0.0,0.0,0.0,0.0,0.0,0.0,0.0,0.0,0.0,0.0,0.0,0.0,0.0,0.0,0.0,0.0,0.0,0.0,0.0,0.0,0.0,0.0,0.0,0.0,0.0,0.0,0.0,0.0,0.0,0.0,0.0,0.0,0.0,0.0,0.0,0.0,0.0,0.0,0.0,0.0,0.0,0.0,0.0,0.0,0.0,0.0,0.0,4.999999999999997,4.142857142857146,17.0,3.9743589743589762,9.642857142857142,9.642857142857142,11.666666666666666,11.571428571428575,0.6250000000000018,0.6250000000000018,0.6250000000000018,0.6250000000000018,0.6250000000000018,0.6250000000000018,0.6250000000000018,0.6250000000000018,0.6250000000000018,0.6250000000000018,0.6250000000000018,0.6250000000000018,0.6250000000000018,0.6250000000000018,0.6250000000000018,0.6250000000000018,0.6250000000000018,0.6250000000000018,0.6250000000000018,0.6250000000000018,0.6250000000000018,0.6250000000000018,0.6250000000000018,0.6250000000000018,0.6250000000000018,0.6250000000000018,0.6250000000000018,0.6250000000000018,0.6250000000000018,0.6250000000000018,0.6250000000000018,0.6250000000000018,0.6250000000000018,0.6250000000000018,0.6250000000000018,0.6250000000000018,0.6250000000000018,0.6250000000000018,0.6250000000000018,0.6250000000000018,0.6250000000000018,0.6250000000000018,0.6250000000000018,0.6250000000000018,0.6250000000000018,0.6250000000000018,0.6250000000000018,0.6250000000000018,0.6250000000000018,0.6250000000000018,7.500000000000002,7.500000000000002,10.714285714285715,10.714285714285715,10.714285714285715,10.714285714285715,10.714285714285715,10.714285714285715,10.714285714285715,14.000000000000004,14.000000000000004,14.000000000000004,14.000000000000004,15.769230769230774,15.769230769230774,15.769230769230774,17.63157894736843,2.5000000000000013,2.5000000000000013,2.5000000000000013,2.5000000000000013,2.5000000000000013,2.5000000000000013,2.5000000000000013,2.5000000000000013,2.5000000000000013,2.5000000000000013,2.5000000000000013
19.600000000000005,7.727272727272729,7.727272727272729,9.583333333333337,9.000000000000004,2.499999999999999,0.4999999999999989,0.4999999999999989,0.4999999999999989,0.4999999999999989,0.4999999999999989,6.333333333333334,6.333333333333334,6.333333333333334,9.999999999999996,0.357142857142861,0.357142857142861,0.357142857142861,0.357142857142861,0.357142857142861,0.357142857142861,0.357142857142861,0.357142857142861,0.357142857142861,0.357142857142861,0.357142857142861,0.357142857142861,0.357142857142861,0.357142857142861,0.357142857142861,0.357142857142861,0.357142857142861,0.357142857142861,0.357142857142861,0.357142857142861,0.357142857142861,0.357142857142861,0.357142857142861,0.357142857142861,2.3333333333333353,2.3333333333333353,7.857142857142862,1.2499999999999996,1.2499999999999996,1.2499999999999996,1.2499999999999996,1.2499999999999996,1.2499999999999996,1.2499999999999996,1.2499999999999996,1.2499999999999996,1.2499999999999996,1.2499999999999996,1.2499999999999996,5.000000000000003,8.571428571428573,15.0,15.0,2.3913043478260896,2.3913043478260896,18.63636363636363,9.285714285714286,9.285714285714286,11.90909090909091,0.0,0.0,0.0,0.0,0.0,0.0,0.0,0.0,0.0,0.0,0.0,0.0,0.0,0.0,0.0,0.0,0.0,0.0,0.0,0.0,0.0,0.0,0.0,0.0,0.0,0.0,0.0,0.0,0.0,0.0,0.0,0.0,0.0,0.0,0.0,0.0,0.0,0.0,0.0,0.0,0.0,0.0,0.0,0.0,0.0,0.0,0.0,0.0,0.0,0.0,0.0,0.0,0.0,0.0,0.0,0.0,0.0,0.0,4.999999999999997,4.142857142857146,17.0,3.9743589743589762,9.642857142857142,9.642857142857142,11.666666666666666,11.571428571428575,0.6250000000000018,0.6250000000000018,0.6250000000000018,0.6250000000000018,0.6250000000000018,0.6250000000000018,0.6250000000000018,0.6250000000000018,0.6250000000000018,0.6250000000000018,0.6250000000000018,0.6250000000000018,0.6250000000000018,0.6250000000000018,0.6250000000000018,0.6250000000000018,0.6250000000000018,0.6250000000000018,0.6250000000000018,0.6250000000000018,0.6250000000000018,0.6250000000000018,0.6250000000000018,0.6250000000000018,0.6250000000000018,0.6250000000000018,0.6250000000000018,0.6250000000000018,0.6250000000000018,0.6250000000000018,0.6250000000000018,0.6250000000000018,0.6250000000000018,0.6250000000000018,0.6250000000000018,0.6250000000000018,0.6250000000000018,0.6250000000000018,0.6250000000000018,0.6250000000000018,0.6250000000000018,0.6250000000000018,0.6250000000000018,0.6250000000000018,0.6250000000000018,0.6250000000000018,0.6250000000000018,0.6250000000000018,0.6250000000000018,0.6250000000000018,7.500000000000002,7.500000000000002,10.714285714285715,10.714285714285715,10.714285714285715,10.714285714285715,10.714285714285715,10.714285714285715,10.714285714285715,14.000000000000004,14.000000000000004,14.000000000000004,14.000000000000004,15.769230769230774,15.769230769230774,15.769230769230774,17.63157894736843,2.5000000000000013,2.5000000000000013,2.5000000000000013,2.5000000000000013,2.5000000000000013,2.5000000000000013,2.5000000000000013,2.5000000000000013,2.5000000000000013,2.5000000000000013,2.5000000000000013
19.600000000000005,7.727272727272729,7.727272727272729,9.583333333333337,9.000000000000004,2.499999999999999,0.4999999999999989,0.4999999999999989,0.4999999999999989,0.4999999999999989,0.4999999999999989,6.333333333333334,6.333333333333334,6.333333333333334,9.999999999999996,0.357142857142861,0.357142857142861,0.357142857142861,0.357142857142861,0.357142857142861,0.357142857142861,0.357142857142861,0.357142857142861,0.357142857142861,0.357142857142861,0.357142857142861,0.357142857142861,0.357142857142861,0.357142857142861,0.357142857142861,0.357142857142861,0.357142857142861,0.357142857142861,0.357142857142861,0.357142857142861,0.357142857142861,0.357142857142861,0.357142857142861,0.357142857142861,2.3333333333333353,2.3333333333333353,7.857142857142862,1.2499999999999996,1.2499999999999996,1.2499999999999996,1.2499999999999996,1.2499999999999996,1.2499999999999996,1.2499999999999996,1.2499999999999996,1.2499999999999996,1.2499999999999996,1.2499999999999996,1.2499999999999996,5.000000000000003,8.571428571428573,15.0,15.0,2.3913043478260896,2.3913043478260896,18.63636363636363,9.285714285714286,9.285714285714286,11.90909090909091,0.0,0.0,0.0,0.0,0.0,0.0,0.0,0.0,0.0,0.0,0.0,0.0,0.0,0.0,0.0,0.0,0.0,0.0,0.0,0.0,0.0,0.0,0.0,0.0,0.0,0.0,0.0,0.0,0.0,0.0,0.0,0.0,0.0,0.0,0.0,0.0,0.0,0.0,0.0,0.0,0.0,0.0,0.0,0.0,0.0,0.0,0.0,0.0,0.0,0.0,0.0,0.0,0.0,0.0,0.0,0.0,0.0,0.0,4.999999999999997,4.142857142857146,17.0,3.9743589743589762,9.642857142857142,9.642857142857142,11.666666666666666,11.571428571428575,0.6250000000000018,0.6250000000000018,0.6250000000000018,0.6250000000000018,0.6250000000000018,0.6250000000000018,0.6250000000000018,0.6250000000000018,0.6250000000000018,0.6250000000000018,0.6250000000000018,0.6250000000000018,0.6250000000000018,0.6250000000000018,0.6250000000000018,0.6250000000000018,0.6250000000000018,0.6250000000000018,0.6250000000000018,0.6250000000000018,0.6250000000000018,0.6250000000000018,0.6250000000000018,0.6250000000000018,0.6250000000000018,0.6250000000000018,0.6250000000000018,0.6250000000000018,0.6250000000000018,0.6250000000000018,0.6250000000000018,0.6250000000000018,0.6250000000000018,0.6250000000000018,0.6250000000000018,0.6250000000000018,0.6250000000000018,0.6250000000000018,0.6250000000000018,0.6250000000000018,0.6250000000000018,0.6250000000000018,0.6250000000000018,0.6250000000000018,0.6250000000000018,0.6250000000000018,0.6250000000000018,0.6250000000000018,0.6250000000000018,0.6250000000000018,7.500000000000002,7.500000000000002,10.714285714285715,10.714285714285715,10.714285714285715,10.714285714285715,10.714285714285715,10.714285714285715,10.714285714285715,14.000000000000004,14.000000000000004,14.000000000000004,14.000000000000004,15.769230769230774,15.769230769230774,15.769230769230774,17.63157894736843,2.5000000000000013,2.5000000000000013,2.5000000000000013,2.5000000000000013,2.5000000000000013,2.5000000000000013,2.5000000000000013,2.5000000000000013,2.5000000000000013,2.5000000000000013,2.5000000000000013
19.600000000000005,7.727272727272729,7.727272727272729,9.583333333333337,9.000000000000004,2.499999999999999,0.4999999999999989,0.4999999999999989,0.4999999999999989,0.4999999999999989,0.4999999999999989,6.333333333333334,6.333333333333334,6.333333333333334,9.999999999999996,0.357142857142861,0.357142857142861,0.357142857142861,0.357142857142861,0.357142857142861,0.357142857142861,0.357142857142861,0.357142857142861,0.357142857142861,0.357142857142861,0.357142857142861,0.357142857142861,0.357142857142861,0.357142857142861,0.357142857142861,0.357142857142861,0.357142857142861,0.357142857142861,0.357142857142861,0.357142857142861,0.357142857142861,0.357142857142861,0.357142857142861,0.357142857142861,2.3333333333333353,2.3333333333333353,7.857142857142862,1.2499999999999996,1.2499999999999996,1.2499999999999996,1.2499999999999996,1.2499999999999996,1.2499999999999996,1.2499999999999996,1.2499999999999996,1.2499999999999996,1.2499999999999996,1.2499999999999996,1.2499999999999996,5.000000000000003,8.571428571428573,15.0,15.0,2.3913043478260896,2.3913043478260896,18.63636363636363,9.285714285714286,9.285714285714286,11.90909090909091,0.0,0.0,0.0,0.0,0.0,0.0,0.0,0.0,0.0,0.0,0.0,0.0,0.0,0.0,0.0,0.0,0.0,0.0,0.0,0.0,0.0,0.0,0.0,0.0,0.0,0.0,0.0,0.0,0.0,0.0,0.0,0.0,0.0,0.0,0.0,0.0,0.0,0.0,0.0,0.0,0.0,0.0,0.0,0.0,0.0,0.0,0.0,0.0,0.0,0.0,0.0,0.0,0.0,0.0,0.0,0.0,0.0,0.0,4.999999999999997,4.142857142857146,17.0,3.9743589743589762,9.642857142857142,9.642857142857142,11.666666666666666,11.571428571428575,0.6250000000000018,0.6250000000000018,0.6250000000000018,0.6250000000000018,0.6250000000000018,0.6250000000000018,0.6250000000000018,0.6250000000000018,0.6250000000000018,0.6250000000000018,0.6250000000000018,0.6250000000000018,0.6250000000000018,0.6250000000000018,0.6250000000000018,0.6250000000000018,0.6250000000000018,0.6250000000000018,0.6250000000000018,0.6250000000000018,0.6250000000000018,0.6250000000000018,0.6250000000000018,0.6250000000000018,0.6250000000000018,0.6250000000000018,0.6250000000000018,0.6250000000000018,0.6250000000000018,0.6250000000000018,0.6250000000000018,0.6250000000000018,0.6250000000000018,0.6250000000000018,0.6250000000000018,0.6250000000000018,0.6250000000000018,0.6250000000000018,0.6250000000000018,0.6250000000000018,0.6250000000000018,0.6250000000000018,0.6250000000000018,0.6250000000000018,0.6250000000000018,0.6250000000000018,0.6250000000000018,0.6250000000000018,0.6250000000000018,0.6250000000000018,7.500000000000002,7.500000000000002,10.714285714285715,10.714285714285715,10.714285714285715,10.714285714285715,10.714285714285715,10.714285714285715,10.714285714285715,14.000000000000004,14.000000000000004,14.000000000000004,14.000000000000004,15.769230769230774,15.769230769230774,15.769230769230774,17.63157894736843,2.5000000000000013,2.5000000000000013,2.5000000000000013,2.5000000000000013,2.5000000000000013,2.5000000000000013,2.5000000000000013,2.5000000000000013,2.5000000000000013,2.5000000000000013,2.5000000000000013
19.600000000000005,7.727272727272729,7.727272727272729,9.583333333333337,9.000000000000004,2.499999999999999,0.4999999999999989,0.4999999999999989,0.4999999999999989,0.4999999999999989,0.4999999999999989,6.333333333333334,6.333333333333334,6.333333333333334,9.999999999999996,0.357142857142861,0.357142857142861,0.357142857142861,0.357142857142861,0.357142857142861,0.357142857142861,0.357142857142861,0.357142857142861,0.357142857142861,0.357142857142861,0.357142857142861,0.357142857142861,0.357142857142861,0.357142857142861,0.357142857142861,0.357142857142861,0.357142857142861,0.357142857142861,0.357142857142861,0.357142857142861,0.357142857142861,0.357142857142861,0.357142857142861,0.357142857142861,2.3333333333333353,2.3333333333333353,7.857142857142862,1.2499999999999996,1.2499999999999996,1.2499999999999996,1.2499999999999996,1.2499999999999996,1.2499999999999996,1.2499999999999996,1.2499999999999996,1.2499999999999996,1.2499999999999996,1.2499999999999996,1.2499999999999996,5.000000000000003,8.571428571428573,15.0,15.0,2.3913043478260896,2.3913043478260896,18.63636363636363,9.285714285714286,9.285714285714286,11.90909090909091,0.0,0.0,0.0,0.0,0.0,0.0,0.0,0.0,0.0,0.0,0.0,0.0,0.0,0.0,0.0,0.0,0.0,0.0,0.0,0.0,0.0,0.0,0.0,0.0,0.0,0.0,0.0,0.0,0.0,0.0,0.0,0.0,0.0,0.0,0.0,0.0,0.0,0.0,0.0,0.0,0.0,0.0,0.0,0.0,0.0,0.0,0.0,0.0,0.0,0.0,0.0,0.0,0.0,0.0,0.0,0.0,0.0,0.0,4.999999999999997,4.142857142857146,17.0,3.9743589743589762,9.642857142857142,9.642857142857142,11.666666666666666,11.571428571428575,0.6250000000000018,0.6250000000000018,0.6250000000000018,0.6250000000000018,0.6250000000000018,0.6250000000000018,0.6250000000000018,0.6250000000000018,0.6250000000000018,0.6250000000000018,0.6250000000000018,0.6250000000000018,0.6250000000000018,0.6250000000000018,0.6250000000000018,0.6250000000000018,0.6250000000000018,0.6250000000000018,0.6250000000000018,0.6250000000000018,0.6250000000000018,0.6250000000000018,0.6250000000000018,0.6250000000000018,0.6250000000000018,0.6250000000000018,0.6250000000000018,0.6250000000000018,0.6250000000000018,0.6250000000000018,0.6250000000000018,0.6250000000000018,0.6250000000000018,0.6250000000000018,0.6250000000000018,0.6250000000000018,0.6250000000000018,0.6250000000000018,0.6250000000000018,0.6250000000000018,0.6250000000000018,0.6250000000000018,0.6250000000000018,0.6250000000000018,0.6250000000000018,0.6250000000000018,0.6250000000000018,0.6250000000000018,0.6250000000000018,0.6250000000000018,7.500000000000002,7.500000000000002,10.714285714285715,10.714285714285715,10.714285714285715,10.714285714285715,10.714285714285715,10.714285714285715,10.714285714285715,14.000000000000004,14.000000000000004,14.000000000000004,14.000000000000004,15.769230769230774,15.769230769230774,15.769230769230774,17.63157894736843,2.5000000000000013,2.5000000000000013,2.5000000000000013,2.5000000000000013,2.5000000000000013,2.5000000000000013,2.5000000000000013,2.5000000000000013,2.5000000000000013,2.5000000000000013,2.5000000000000013
19.600000000000005,7.727272727272729,7.727272727272729,9.583333333333337,9.000000000000004,2.499999999999999,0.4999999999999989,0.4999999999999989,0.4999999999999989,0.4999999999999989,0.4999999999999989,6.333333333333334,6.333333333333334,6.333333333333334,9.999999999999996,0.357142857142861,0.357142857142861,0.357142857142861,0.357142857142861,0.357142857142861,0.357142857142861,0.357142857142861,0.357142857142861,0.357142857142861,0.357142857142861,0.357142857142861,0.357142857142861,0.357142857142861,0.357142857142861,0.357142857142861,0.357142857142861,0.357142857142861,0.357142857142861,0.357142857142861,0.357142857142861,0.357142857142861,0.357142857142861,0.357142857142861,0.357142857142861,2.3333333333333353,2.3333333333333353,7.857142857142862,1.2499999999999996,1.2499999999999996,1.2499999999999996,1.2499999999999996,1.2499999999999996,1.2499999999999996,1.2499999999999996,1.2499999999999996,1.2499999999999996,1.2499999999999996,1.2499999999999996,1.2499999999999996,5.000000000000003,8.571428571428573,15.0,15.0,2.3913043478260896,2.3913043478260896,18.63636363636363,9.285714285714286,9.285714285714286,11.90909090909091,0.0,0.0,0.0,0.0,0.0,0.0,0.0,0.0,0.0,0.0,0.0,0.0,0.0,0.0,0.0,0.0,0.0,0.0,0.0,0.0,0.0,0.0,0.0,0.0,0.0,0.0,0.0,0.0,0.0,0.0,0.0,0.0,0.0,0.0,0.0,0.0,0.0,0.0,0.0,0.0,0.0,0.0,0.0,0.0,0.0,0.0,0.0,0.0,0.0,0.0,0.0,0.0,0.0,0.0,0.0,0.0,0.0,0.0,4.999999999999997,4.142857142857146,17.0,3.9743589743589762,9.642857142857142,9.642857142857142,11.666666666666666,11.571428571428575,0.6250000000000018,0.6250000000000018,0.6250000000000018,0.6250000000000018,0.6250000000000018,0.6250000000000018,0.6250000000000018,0.6250000000000018,0.6250000000000018,0.6250000000000018,0.6250000000000018,0.6250000000000018,0.6250000000000018,0.6250000000000018,0.6250000000000018,0.6250000000000018,0.6250000000000018,0.6250000000000018,0.6250000000000018,0.6250000000000018,0.6250000000000018,0.6250000000000018,0.6250000000000018,0.6250000000000018,0.6250000000000018,0.6250000000000018,0.6250000000000018,0.6250000000000018,0.6250000000000018,0.6250000000000018,0.6250000000000018,0.6250000000000018,0.6250000000000018,0.6250000000000018,0.6250000000000018,0.6250000000000018,0.6250000000000018,0.6250000000000018,0.6250000000000018,0.6250000000000018,0.6250000000000018,0.6250000000000018,0.6250000000000018,0.6250000000000018,0.6250000000000018,0.6250000000000018,0.6250000000000018,0.6250000000000018,0.6250000000000018,0.6250000000000018,7.500000000000002,7.500000000000002,10.714285714285715,10.714285714285715,10.714285714285715,10.714285714285715,10.714285714285715,10.714285714285715,10.714285714285715,14.000000000000004,14.000000000000004,14.000000000000004,14.000000000000004,15.769230769230774,15.769230769230774,15.769230769230774,17.63157894736843,2.5000000000000013,2.5000000000000013,2.5000000000000013,2.5000000000000013,2.5000000000000013,2.5000000000000013,2.5000000000000013,2.5000000000000013,2.5000000000000013,2.5000000000000013,2.5000000000000013
19.600000000000005,7.727272727272729,7.727272727272729,9.583333333333337,9.000000000000004,2.499999999999999,0.4999999999999989,0.4999999999999989,0.4999999999999989,0.4999999999999989,0.4999999999999989,6.333333333333334,6.333333333333334,6.333333333333334,9.999999999999996,0.357142857142861,0.357142857142861,0.357142857142861,0.357142857142861,0.357142857142861,0.357142857142861,0.357142857142861,0.357142857142861,0.357142857142861,0.357142857142861,0.357142857142861,0.357142857142861,0.357142857142861,0.357142857142861,0.357142857142861,0.357142857142861,0.357142857142861,0.357142857142861,0.357142857142861,0.357142857142861,0.357142857142861,0.357142857142861,0.357142857142861,0.357142857142861,2.3333333333333353,2.3333333333333353,7.857142857142862,1.2499999999999996,1.2499999999999996,1.2499999999999996,1.2499999999999996,1.2499999999999996,1.2499999999999996,1.2499999999999996,1.2499999999999996,1.2499999999999996,1.2499999999999996,1.2499999999999996,1.2499999999999996,5.000000000000003,8.571428571428573,15.0,15.0,2.3913043478260896,2.3913043478260896,18.63636363636363,9.285714285714286,9.285714285714286,11.90909090909091,0.0,0.0,0.0,0.0,0.0,0.0,0.0,0.0,0.0,0.0,0.0,0.0,0.0,0.0,0.0,0.0,0.0,0.0,0.0,0.0,0.0,0.0,0.0,0.0,0.0,0.0,0.0,0.0,0.0,0.0,0.0,0.0,0.0,0.0,0.0,0.0,0.0,0.0,0.0,0.0,0.0,0.0,0.0,0.0,0.0,0.0,0.0,0.0,0.0,0.0,0.0,0.0,0.0,0.0,0.0,0.0,0.0,0.0,4.999999999999997,4.142857142857146,17.0,3.9743589743589762,9.642857142857142,9.642857142857142,11.666666666666666,11.571428571428575,0.6250000000000018,0.6250000000000018,0.6250000000000018,0.6250000000000018,0.6250000000000018,0.6250000000000018,0.6250000000000018,0.6250000000000018,0.6250000000000018,0.6250000000000018,0.6250000000000018,0.6250000000000018,0.6250000000000018,0.6250000000000018,0.6250000000000018,0.6250000000000018,0.6250000000000018,0.6250000000000018,0.6250000000000018,0.6250000000000018,0.6250000000000018,0.6250000000000018,0.6250000000000018,0.6250000000000018,0.6250000000000018,0.6250000000000018,0.6250000000000018,0.6250000000000018,0.6250000000000018,0.6250000000000018,0.6250000000000018,0.6250000000000018,0.6250000000000018,0.6250000000000018,0.6250000000000018,0.6250000000000018,0.6250000000000018,0.6250000000000018,0.6250000000000018,0.6250000000000018,0.6250000000000018,0.6250000000000018,0.6250000000000018,0.6250000000000018,0.6250000000000018,0.6250000000000018,0.6250000000000018,0.6250000000000018,0.6250000000000018,0.6250000000000018,7.500000000000002,7.500000000000002,10.714285714285715,10.714285714285715,10.714285714285715,10.714285714285715,10.714285714285715,10.714285714285715,10.714285714285715,14.000000000000004,14.000000000000004,14.000000000000004,14.000000000000004,15.769230769230774,15.769230769230774,15.769230769230774,17.63157894736843,2.5000000000000013,2.5000000000000013,2.5000000000000013,2.5000000000000013,2.5000000000000013,2.5000000000000013,2.5000000000000013,2.5000000000000013,2.5000000000000013,2.5000000000000013,2.5000000000000013
19.600000000000005,7.727272727272729,7.727272727272729,9.583333333333337,9.000000000000004,2.499999999999999,0.4999999999999989,0.4999999999999989,0.4999999999999989,0.4999999999999989,0.4999999999999989,6.333333333333334,6.333333333333334,6.333333333333334,9.999999999999996,0.357142857142861,0.357142857142861,0.357142857142861,0.357142857142861,0.357142857142861,0.357142857142861,0.357142857142861,0.357142857142861,0.357142857142861,0.357142857142861,0.357142857142861,0.357142857142861,0.357142857142861,0.357142857142861,0.357142857142861,0.357142857142861,0.357142857142861,0.357142857142861,0.357142857142861,0.357142857142861,0.357142857142861,0.357142857142861,0.357142857142861,0.357142857142861,2.3333333333333353,2.3333333333333353,7.857142857142862,1.2499999999999996,1.2499999999999996,1.2499999999999996,1.2499999999999996,1.2499999999999996,1.2499999999999996,1.2499999999999996,1.2499999999999996,1.2499999999999996,1.2499999999999996,1.2499999999999996,1.2499999999999996,5.000000000000003,8.571428571428573,15.0,15.0,2.3913043478260896,2.3913043478260896,18.63636363636363,9.285714285714286,9.285714285714286,11.90909090909091,0.0,0.0,0.0,0.0,0.0,0.0,0.0,0.0,0.0,0.0,0.0,0.0,0.0,0.0,0.0,0.0,0.0,0.0,0.0,0.0,0.0,0.0,0.0,0.0,0.0,0.0,0.0,0.0,0.0,0.0,0.0,0.0,0.0,0.0,0.0,0.0,0.0,0.0,0.0,0.0,0.0,0.0,0.0,0.0,0.0,0.0,0.0,0.0,0.0,0.0,0.0,0.0,0.0,0.0,0.0,0.0,0.0,0.0,4.999999999999997,4.142857142857146,17.0,3.9743589743589762,9.642857142857142,9.642857142857142,11.666666666666666,11.571428571428575,0.6250000000000018,0.6250000000000018,0.6250000000000018,0.6250000000000018,0.6250000000000018,0.6250000000000018,0.6250000000000018,0.6250000000000018,0.6250000000000018,0.6250000000000018,0.6250000000000018,0.6250000000000018,0.6250000000000018,0.6250000000000018,0.6250000000000018,0.6250000000000018,0.6250000000000018,0.6250000000000018,0.6250000000000018,0.6250000000000018,0.6250000000000018,0.6250000000000018,0.6250000000000018,0.6250000000000018,0.6250000000000018,0.6250000000000018,0.6250000000000018,0.6250000000000018,0.6250000000000018,0.6250000000000018,0.6250000000000018,0.6250000000000018,0.6250000000000018,0.6250000000000018,0.6250000000000018,0.6250000000000018,0.6250000000000018,0.6250000000000018,0.6250000000000018,0.6250000000000018,0.6250000000000018,0.6250000000000018,0.6250000000000018,0.6250000000000018,0.6250000000000018,0.6250000000000018,0.6250000000000018,0.6250000000000018,0.6250000000000018,0.6250000000000018,7.500000000000002,7.500000000000002,10.714285714285715,10.714285714285715,10.714285714285715,10.714285714285715,10.714285714285715,10.714285714285715,10.714285714285715,14.000000000000004,14.000000000000004,14.000000000000004,14.000000000000004,15.769230769230774,15.769230769230774,15.769230769230774,17.63157894736843,2.5000000000000013,2.5000000000000013,2.5000000000000013,2.5000000000000013,2.5000000000000013,2.5000000000000013,2.5000000000000013,2.5000000000000013,2.5000000000000013,2.5000000000000013,2.5000000000000013
19.600000000000005,7.727272727272729,7.727272727272729,9.583333333333337,9.000000000000004,2.499999999999999,0.4999999999999989,0.4999999999999989,0.4999999999999989,0.4999999999999989,0.4999999999999989,6.333333333333334,6.333333333333334,6.333333333333334,9.999999999999996,0.357142857142861,0.357142857142861,0.357142857142861,0.357142857142861,0.357142857142861,0.357142857142861,0.357142857142861,0.357142857142861,0.357142857142861,0.357142857142861,0.357142857142861,0.357142857142861,0.357142857142861,0.357142857142861,0.357142857142861,0.357142857142861,0.357142857142861,0.357142857142861,0.357142857142861,0.357142857142861,0.357142857142861,0.357142857142861,0.357142857142861,0.357142857142861,2.3333333333333353,2.3333333333333353,7.857142857142862,1.2499999999999996,1.2499999999999996,1.2499999999999996,1.2499999999999996,1.2499999999999996,1.2499999999999996,1.2499999999999996,1.2499999999999996,1.2499999999999996,1.2499999999999996,1.2499999999999996,1.2499999999999996,5.000000000000003,8.571428571428573,15.0,15.0,2.3913043478260896,2.3913043478260896,18.63636363636363,9.285714285714286,9.285714285714286,11.90909090909091,0.0,0.0,0.0,0.0,0.0,0.0,0.0,0.0,0.0,0.0,0.0,0.0,0.0,0.0,0.0,0.0,0.0,0.0,0.0,0.0,0.0,0.0,0.0,0.0,0.0,0.0,0.0,0.0,0.0,0.0,0.0,0.0,0.0,0.0,0.0,0.0,0.0,0.0,0.0,0.0,0.0,0.0,0.0,0.0,0.0,0.0,0.0,0.0,0.0,0.0,0.0,0.0,0.0,0.0,0.0,0.0,0.0,0.0,4.999999999999997,4.142857142857146,17.0,3.9743589743589762,9.642857142857142,9.642857142857142,11.666666666666666,11.571428571428575,0.6250000000000018,0.6250000000000018,0.6250000000000018,0.6250000000000018,0.6250000000000018,0.6250000000000018,0.6250000000000018,0.6250000000000018,0.6250000000000018,0.6250000000000018,0.6250000000000018,0.6250000000000018,0.6250000000000018,0.6250000000000018,0.6250000000000018,0.6250000000000018,0.6250000000000018,0.6250000000000018,0.6250000000000018,0.6250000000000018,0.6250000000000018,0.6250000000000018,0.6250000000000018,0.6250000000000018,0.6250000000000018,0.6250000000000018,0.6250000000000018,0.6250000000000018,0.6250000000000018,0.6250000000000018,0.6250000000000018,0.6250000000000018,0.6250000000000018,0.6250000000000018,0.6250000000000018,0.6250000000000018,0.6250000000000018,0.6250000000000018,0.6250000000000018,0.6250000000000018,0.6250000000000018,0.6250000000000018,0.6250000000000018,0.6250000000000018,0.6250000000000018,0.6250000000000018,0.6250000000000018,0.6250000000000018,0.6250000000000018,0.6250000000000018,7.500000000000002,7.500000000000002,10.714285714285715,10.714285714285715,10.714285714285715,10.714285714285715,10.714285714285715,10.714285714285715,10.714285714285715,14.000000000000004,14.000000000000004,14.000000000000004,14.000000000000004,15.769230769230774,15.769230769230774,15.769230769230774,17.63157894736843,2.5000000000000013,2.5000000000000013,2.5000000000000013,2.5000000000000013,2.5000000000000013,2.5000000000000013,2.5000000000000013,2.5000000000000013,2.5000000000000013,2.5000000000000013,2.5000000000000013
19.600000000000005,7.727272727272729,7.727272727272729,9.583333333333337,9.000000000000004,2.499999999999999,0.4999999999999989,0.4999999999999989,0.4999999999999989,0.4999999999999989,0.4999999999999989,6.333333333333334,6.333333333333334,6.333333333333334,9.999999999999996,0.357142857142861,0.357142857142861,0.357142857142861,0.357142857142861,0.357142857142861,0.357142857142861,0.357142857142861,0.357142857142861,0.357142857142861,0.357142857142861,0.357142857142861,0.357142857142861,0.357142857142861,0.357142857142861,0.357142857142861,0.357142857142861,0.357142857142861,0.357142857142861,0.357142857142861,0.357142857142861,0.357142857142861,0.357142857142861,0.357142857142861,0.357142857142861,2.3333333333333353,2.3333333333333353,7.857142857142862,1.2499999999999996,1.2499999999999996,1.2499999999999996,1.2499999999999996,1.2499999999999996,1.2499999999999996,1.2499999999999996,1.2499999999999996,1.2499999999999996,1.2499999999999996,1.2499999999999996,1.2499999999999996,5.000000000000003,8.571428571428573,15.0,15.0,2.3913043478260896,2.3913043478260896,18.63636363636363,9.285714285714286,9.285714285714286,11.90909090909091,0.0,0.0,0.0,0.0,0.0,0.0,0.0,0.0,0.0,0.0,0.0,0.0,0.0,0.0,0.0,0.0,0.0,0.0,0.0,0.0,0.0,0.0,0.0,0.0,0.0,0.0,0.0,0.0,0.0,0.0,0.0,0.0,0.0,0.0,0.0,0.0,0.0,0.0,0.0,0.0,0.0,0.0,0.0,0.0,0.0,0.0,0.0,0.0,0.0,0.0,0.0,0.0,0.0,0.0,0.0,0.0,0.0,0.0,4.999999999999997,4.142857142857146,17.0,3.9743589743589762,9.642857142857142,9.642857142857142,11.666666666666666,11.571428571428575,0.6250000000000018,0.6250000000000018,0.6250000000000018,0.6250000000000018,0.6250000000000018,0.6250000000000018,0.6250000000000018,0.6250000000000018,0.6250000000000018,0.6250000000000018,0.6250000000000018,0.6250000000000018,0.6250000000000018,0.6250000000000018,0.6250000000000018,0.6250000000000018,0.6250000000000018,0.6250000000000018,0.6250000000000018,0.6250000000000018,0.6250000000000018,0.6250000000000018,0.6250000000000018,0.6250000000000018,0.6250000000000018,0.6250000000000018,0.6250000000000018,0.6250000000000018,0.6250000000000018,0.6250000000000018,0.6250000000000018,0.6250000000000018,0.6250000000000018,0.6250000000000018,0.6250000000000018,0.6250000000000018,0.6250000000000018,0.6250000000000018,0.6250000000000018,0.6250000000000018,0.6250000000000018,0.6250000000000018,0.6250000000000018,0.6250000000000018,0.6250000000000018,0.6250000000000018,0.6250000000000018,0.6250000000000018,0.6250000000000018,0.6250000000000018,7.500000000000002,7.500000000000002,10.714285714285715,10.714285714285715,10.714285714285715,10.714285714285715,10.714285714285715,10.714285714285715,10.714285714285715,14.000000000000004,14.000000000000004,14.000000000000004,14.000000000000004,15.769230769230774,15.769230769230774,15.769230769230774,17.63157894736843,2.5000000000000013,2.5000000000000013,2.5000000000000013,2.5000000000000013,2.5000000000000013,2.5000000000000013,2.5000000000000013,2.5000000000000013,2.5000000000000013,2.5000000000000013,2.5000000000000013
19.600000000000005,7.727272727272729,7.727272727272729,9.583333333333337,9.000000000000004,2.499999999999999,0.4999999999999989,0.4999999999999989,0.4999999999999989,0.4999999999999989,0.4999999999999989,6.333333333333334,6.333333333333334,6.333333333333334,9.999999999999996,0.357142857142861,0.357142857142861,0.357142857142861,0.357142857142861,0.357142857142861,0.357142857142861,0.357142857142861,0.357142857142861,0.357142857142861,0.357142857142861,0.357142857142861,0.357142857142861,0.357142857142861,0.357142857142861,0.357142857142861,0.357142857142861,0.357142857142861,0.357142857142861,0.357142857142861,0.357142857142861,0.357142857142861,0.357142857142861,0.357142857142861,0.357142857142861,2.3333333333333353,2.3333333333333353,7.857142857142862,1.2499999999999996,1.2499999999999996,1.2499999999999996,1.2499999999999996,1.2499999999999996,1.2499999999999996,1.2499999999999996,1.2499999999999996,1.2499999999999996,1.2499999999999996,1.2499999999999996,1.2499999999999996,5.000000000000003,8.571428571428573,15.0,15.0,2.3913043478260896,2.3913043478260896,18.63636363636363,9.285714285714286,9.285714285714286,11.90909090909091,0.0,0.0,0.0,0.0,0.0,0.0,0.0,0.0,0.0,0.0,0.0,0.0,0.0,0.0,0.0,0.0,0.0,0.0,0.0,0.0,0.0,0.0,0.0,0.0,0.0,0.0,0.0,0.0,0.0,0.0,0.0,0.0,0.0,0.0,0.0,0.0,0.0,0.0,0.0,0.0,0.0,0.0,0.0,0.0,0.0,0.0,0.0,0.0,0.0,0.0,0.0,0.0,0.0,0.0,0.0,0.0,0.0,0.0,4.999999999999997,4.142857142857146,17.0,3.9743589743589762,9.642857142857142,9.642857142857142,11.666666666666666,11.571428571428575,0.6250000000000018,0.6250000000000018,0.6250000000000018,0.6250000000000018,0.6250000000000018,0.6250000000000018,0.6250000000000018,0.6250000000000018,0.6250000000000018,0.6250000000000018,0.6250000000000018,0.6250000000000018,0.6250000000000018,0.6250000000000018,0.6250000000000018,0.6250000000000018,0.6250000000000018,0.6250000000000018,0.6250000000000018,0.6250000000000018,0.6250000000000018,0.6250000000000018,0.6250000000000018,0.6250000000000018,0.6250000000000018,0.6250000000000018,0.6250000000000018,0.6250000000000018,0.6250000000000018,0.6250000000000018,0.6250000000000018,0.6250000000000018,0.6250000000000018,0.6250000000000018,0.6250000000000018,0.6250000000000018,0.6250000000000018,0.6250000000000018,0.6250000000000018,0.6250000000000018,0.6250000000000018,0.6250000000000018,0.6250000000000018,0.6250000000000018,0.6250000000000018,0.6250000000000018,0.6250000000000018,0.6250000000000018,0.6250000000000018,0.6250000000000018,7.500000000000002,7.500000000000002,10.714285714285715,10.714285714285715,10.714285714285715,10.714285714285715,10.714285714285715,10.714285714285715,10.714285714285715,14.000000000000004,14.000000000000004,14.000000000000004,14.000000000000004,15.769230769230774,15.769230769230774,15.769230769230774,17.63157894736843,2.5000000000000013,2.5000000000000013,2.5000000000000013,2.5000000000000013,2.5000000000000013,2.5000000000000013,2.5000000000000013,2.5000000000000013,2.5000000000000013,2.5000000000000013,2.5000000000000013
19.600000000000005,7.727272727272729,7.727272727272729,9.583333333333337,9.000000000000004,2.499999999999999,0.4999999999999989,0.4999999999999989,0.4999999999999989,0.4999999999999989,0.4999999999999989,6.333333333333334,6.333333333333334,6.333333333333334,9.999999999999996,0.357142857142861,0.357142857142861,0.357142857142861,0.357142857142861,0.357142857142861,0.357142857142861,0.357142857142861,0.357142857142861,0.357142857142861,0.357142857142861,0.357142857142861,0.357142857142861,0.357142857142861,0.357142857142861,0.357142857142861,0.357142857142861,0.357142857142861,0.357142857142861,0.357142857142861,0.357142857142861,0.357142857142861,0.357142857142861,0.357142857142861,0.357142857142861,2.3333333333333353,2.3333333333333353,7.857142857142862,1.2499999999999996,1.2499999999999996,1.2499999999999996,1.2499999999999996,1.2499999999999996,1.2499999999999996,1.2499999999999996,1.2499999999999996,1.2499999999999996,1.2499999999999996,1.2499999999999996,1.2499999999999996,5.000000000000003,8.571428571428573,15.0,15.0,2.3913043478260896,2.3913043478260896,18.63636363636363,9.285714285714286,9.285714285714286,11.90909090909091,0.0,0.0,0.0,0.0,0.0,0.0,0.0,0.0,0.0,0.0,0.0,0.0,0.0,0.0,0.0,0.0,0.0,0.0,0.0,0.0,0.0,0.0,0.0,0.0,0.0,0.0,0.0,0.0,0.0,0.0,0.0,0.0,0.0,0.0,0.0,0.0,0.0,0.0,0.0,0.0,0.0,0.0,0.0,0.0,0.0,0.0,0.0,0.0,0.0,0.0,0.0,0.0,0.0,0.0,0.0,0.0,0.0,0.0,4.999999999999997,4.142857142857146,17.0,3.9743589743589762,9.642857142857142,9.642857142857142,11.666666666666666,11.571428571428575,0.6250000000000018,0.6250000000000018,0.6250000000000018,0.6250000000000018,0.6250000000000018,0.6250000000000018,0.6250000000000018,0.6250000000000018,0.6250000000000018,0.6250000000000018,0.6250000000000018,0.6250000000000018,0.6250000000000018,0.6250000000000018,0.6250000000000018,0.6250000000000018,0.6250000000000018,0.6250000000000018,0.6250000000000018,0.6250000000000018,0.6250000000000018,0.6250000000000018,0.6250000000000018,0.6250000000000018,0.6250000000000018,0.6250000000000018,0.6250000000000018,0.6250000000000018,0.6250000000000018,0.6250000000000018,0.6250000000000018,0.6250000000000018,0.6250000000000018,0.6250000000000018,0.6250000000000018,0.6250000000000018,0.6250000000000018,0.6250000000000018,0.6250000000000018,0.6250000000000018,0.6250000000000018,0.6250000000000018,0.6250000000000018,0.6250000000000018,0.6250000000000018,0.6250000000000018,0.6250000000000018,0.6250000000000018,0.6250000000000018,0.6250000000000018,7.500000000000002,7.500000000000002,10.714285714285715,10.714285714285715,10.714285714285715,10.714285714285715,10.714285714285715,10.714285714285715,10.714285714285715,14.000000000000004,14.000000000000004,14.000000000000004,14.000000000000004,15.769230769230774,15.769230769230774,15.769230769230774,17.63157894736843,2.5000000000000013,2.5000000000000013,2.5000000000000013,2.5000000000000013,2.5000000000000013,2.5000000000000013,2.5000000000000013,2.5000000000000013,2.5000000000000013,2.5000000000000013,2.5000000000000013
19.600000000000005,7.727272727272729,7.727272727272729,9.583333333333337,9.000000000000004,2.499999999999999,0.4999999999999989,0.4999999999999989,0.4999999999999989,0.4999999999999989,0.4999999999999989,6.333333333333334,6.333333333333334,6.333333333333334,9.999999999999996,0.357142857142861,0.357142857142861,0.357142857142861,0.357142857142861,0.357142857142861,0.357142857142861,0.357142857142861,0.357142857142861,0.357142857142861,0.357142857142861,0.357142857142861,0.357142857142861,0.357142857142861,0.357142857142861,0.357142857142861,0.357142857142861,0.357142857142861,0.357142857142861,0.357142857142861,0.357142857142861,0.357142857142861,0.357142857142861,0.357142857142861,0.357142857142861,2.3333333333333353,2.3333333333333353,7.857142857142862,1.2499999999999996,1.2499999999999996,1.2499999999999996,1.2499999999999996,1.2499999999999996,1.2499999999999996,1.2499999999999996,1.2499999999999996,1.2499999999999996,1.2499999999999996,1.2499999999999996,1.2499999999999996,5.000000000000003,8.571428571428573,15.0,15.0,2.3913043478260896,2.3913043478260896,18.63636363636363,9.285714285714286,9.285714285714286,11.90909090909091,0.0,0.0,0.0,0.0,0.0,0.0,0.0,0.0,0.0,0.0,0.0,0.0,0.0,0.0,0.0,0.0,0.0,0.0,0.0,0.0,0.0,0.0,0.0,0.0,0.0,0.0,0.0,0.0,0.0,0.0,0.0,0.0,0.0,0.0,0.0,0.0,0.0,0.0,0.0,0.0,0.0,0.0,0.0,0.0,0.0,0.0,0.0,0.0,0.0,0.0,0.0,0.0,0.0,0.0,0.0,0.0,0.0,0.0,4.999999999999997,4.142857142857146,17.0,3.9743589743589762,9.642857142857142,9.642857142857142,11.666666666666666,11.571428571428575,0.6250000000000018,0.6250000000000018,0.6250000000000018,0.6250000000000018,0.6250000000000018,0.6250000000000018,0.6250000000000018,0.6250000000000018,0.6250000000000018,0.6250000000000018,0.6250000000000018,0.6250000000000018,0.6250000000000018,0.6250000000000018,0.6250000000000018,0.6250000000000018,0.6250000000000018,0.6250000000000018,0.6250000000000018,0.6250000000000018,0.6250000000000018,0.6250000000000018,0.6250000000000018,0.6250000000000018,0.6250000000000018,0.6250000000000018,0.6250000000000018,0.6250000000000018,0.6250000000000018,0.6250000000000018,0.6250000000000018,0.6250000000000018,0.6250000000000018,0.6250000000000018,0.6250000000000018,0.6250000000000018,0.6250000000000018,0.6250000000000018,0.6250000000000018,0.6250000000000018,0.6250000000000018,0.6250000000000018,0.6250000000000018,0.6250000000000018,0.6250000000000018,0.6250000000000018,0.6250000000000018,0.6250000000000018,0.6250000000000018,0.6250000000000018,7.500000000000002,7.500000000000002,10.714285714285715,10.714285714285715,10.714285714285715,10.714285714285715,10.714285714285715,10.714285714285715,10.714285714285715,14.000000000000004,14.000000000000004,14.000000000000004,14.000000000000004,15.769230769230774,15.769230769230774,15.769230769230774,17.63157894736843,2.5000000000000013,2.5000000000000013,2.5000000000000013,2.5000000000000013,2.5000000000000013,2.5000000000000013,2.5000000000000013,2.5000000000000013,2.5000000000000013,2.5000000000000013,2.5000000000000013
19.600000000000005,7.727272727272729,7.727272727272729,9.583333333333337,9.000000000000004,2.499999999999999,0.4999999999999989,0.4999999999999989,0.4999999999999989,0.4999999999999989,0.4999999999999989,6.333333333333334,6.333333333333334,6.333333333333334,9.999999999999996,0.357142857142861,0.357142857142861,0.357142857142861,0.357142857142861,0.357142857142861,0.357142857142861,0.357142857142861,0.357142857142861,0.357142857142861,0.357142857142861,0.357142857142861,0.357142857142861,0.357142857142861,0.357142857142861,0.357142857142861,0.357142857142861,0.357142857142861,0.357142857142861,0.357142857142861,0.357142857142861,0.357142857142861,0.357142857142861,0.357142857142861,0.357142857142861,2.3333333333333353,2.3333333333333353,7.857142857142862,1.2499999999999996,1.2499999999999996,1.2499999999999996,1.2499999999999996,1.2499999999999996,1.2499999999999996,1.2499999999999996,1.2499999999999996,1.2499999999999996,1.2499999999999996,1.2499999999999996,1.2499999999999996,5.000000000000003,8.571428571428573,15.0,15.0,2.3913043478260896,2.3913043478260896,18.63636363636363,9.285714285714286,9.285714285714286,11.90909090909091,0.0,0.0,0.0,0.0,0.0,0.0,0.0,0.0,0.0,0.0,0.0,0.0,0.0,0.0,0.0,0.0,0.0,0.0,0.0,0.0,0.0,0.0,0.0,0.0,0.0,0.0,0.0,0.0,0.0,0.0,0.0,0.0,0.0,0.0,0.0,0.0,0.0,0.0,0.0,0.0,0.0,0.0,0.0,0.0,0.0,0.0,0.0,0.0,0.0,0.0,0.0,0.0,0.0,0.0,0.0,0.0,0.0,0.0,4.999999999999997,4.142857142857146,17.0,3.9743589743589762,9.642857142857142,9.642857142857142,11.666666666666666,11.571428571428575,0.6250000000000018,0.6250000000000018,0.6250000000000018,0.6250000000000018,0.6250000000000018,0.6250000000000018,0.6250000000000018,0.6250000000000018,0.6250000000000018,0.6250000000000018,0.6250000000000018,0.6250000000000018,0.6250000000000018,0.6250000000000018,0.6250000000000018,0.6250000000000018,0.6250000000000018,0.6250000000000018,0.6250000000000018,0.6250000000000018,0.6250000000000018,0.6250000000000018,0.6250000000000018,0.6250000000000018,0.6250000000000018,0.6250000000000018,0.6250000000000018,0.6250000000000018,0.6250000000000018,0.6250000000000018,0.6250000000000018,0.6250000000000018,0.6250000000000018,0.6250000000000018,0.6250000000000018,0.6250000000000018,0.6250000000000018,0.6250000000000018,0.6250000000000018,0.6250000000000018,0.6250000000000018,0.6250000000000018,0.6250000000000018,0.6250000000000018,0.6250000000000018,0.6250000000000018,0.6250000000000018,0.6250000000000018,0.6250000000000018,0.6250000000000018,7.500000000000002,7.500000000000002,10.714285714285715,10.714285714285715,10.714285714285715,10.714285714285715,10.714285714285715,10.714285714285715,10.714285714285715,14.000000000000004,14.000000000000004,14.000000000000004,14.000000000000004,15.769230769230774,15.769230769230774,15.769230769230774,17.63157894736843,2.5000000000000013,2.5000000000000013,2.5000000000000013,2.5000000000000013,2.5000000000000013,2.5000000000000013,2.5000000000000013,2.5000000000000013,2.5000000000000013,2.5000000000000013,2.5000000000000013
19.600000000000005,7.727272727272729,7.727272727272729,9.583333333333337,9.000000000000004,2.499999999999999,0.4999999999999989,0.4999999999999989,0.4999999999999989,0.4999999999999989,0.4999999999999989,6.333333333333334,6.333333333333334,6.333333333333334,9.999999999999996,0.357142857142861,0.357142857142861,0.357142857142861,0.357142857142861,0.357142857142861,0.357142857142861,0.357142857142861,0.357142857142861,0.357142857142861,0.357142857142861,0.357142857142861,0.357142857142861,0.357142857142861,0.357142857142861,0.357142857142861,0.357142857142861,0.357142857142861,0.357142857142861,0.357142857142861,0.357142857142861,0.357142857142861,0.357142857142861,0.357142857142861,0.357142857142861,2.3333333333333353,2.3333333333333353,7.857142857142862,1.2499999999999996,1.2499999999999996,1.2499999999999996,1.2499999999999996,1.2499999999999996,1.2499999999999996,1.2499999999999996,1.2499999999999996,1.2499999999999996,1.2499999999999996,1.2499999999999996,1.2499999999999996,5.000000000000003,8.571428571428573,15.0,15.0,2.3913043478260896,2.3913043478260896,18.63636363636363,9.285714285714286,9.285714285714286,11.90909090909091,0.0,0.0,0.0,0.0,0.0,0.0,0.0,0.0,0.0,0.0,0.0,0.0,0.0,0.0,0.0,0.0,0.0,0.0,0.0,0.0,0.0,0.0,0.0,0.0,0.0,0.0,0.0,0.0,0.0,0.0,0.0,0.0,0.0,0.0,0.0,0.0,0.0,0.0,0.0,0.0,0.0,0.0,0.0,0.0,0.0,0.0,0.0,0.0,0.0,0.0,0.0,0.0,0.0,0.0,0.0,0.0,0.0,0.0,4.999999999999997,4.142857142857146,17.0,3.9743589743589762,9.642857142857142,9.642857142857142,11.666666666666666,11.571428571428575,0.6250000000000018,0.6250000000000018,0.6250000000000018,0.6250000000000018,0.6250000000000018,0.6250000000000018,0.6250000000000018,0.6250000000000018,0.6250000000000018,0.6250000000000018,0.6250000000000018,0.6250000000000018,0.6250000000000018,0.6250000000000018,0.6250000000000018,0.6250000000000018,0.6250000000000018,0.6250000000000018,0.6250000000000018,0.6250000000000018,0.6250000000000018,0.6250000000000018,0.6250000000000018,0.6250000000000018,0.6250000000000018,0.6250000000000018,0.6250000000000018,0.6250000000000018,0.6250000000000018,0.6250000000000018,0.6250000000000018,0.6250000000000018,0.6250000000000018,0.6250000000000018,0.6250000000000018,0.6250000000000018,0.6250000000000018,0.6250000000000018,0.6250000000000018,0.6250000000000018,0.6250000000000018,0.6250000000000018,0.6250000000000018,0.6250000000000018,0.6250000000000018,0.6250000000000018,0.6250000000000018,0.6250000000000018,0.6250000000000018,0.6250000000000018,7.500000000000002,7.500000000000002,10.714285714285715,10.714285714285715,10.714285714285715,10.714285714285715,10.714285714285715,10.714285714285715,10.714285714285715,14.000000000000004,14.000000000000004,14.000000000000004,14.000000000000004,15.769230769230774,15.769230769230774,15.769230769230774,17.63157894736843,2.5000000000000013,2.5000000000000013,2.5000000000000013,2.5000000000000013,2.5000000000000013,2.5000000000000013,2.5000000000000013,2.5000000000000013,2.5000000000000013,2.5000000000000013,2.5000000000000013
19.600000000000005,7.727272727272729,7.727272727272729,9.583333333333337,9.000000000000004,2.499999999999999,0.4999999999999989,0.4999999999999989,0.4999999999999989,0.4999999999999989,0.4999999999999989,6.333333333333334,6.333333333333334,6.333333333333334,9.999999999999996,0.357142857142861,0.357142857142861,0.357142857142861,0.357142857142861,0.357142857142861,0.357142857142861,0.357142857142861,0.357142857142861,0.357142857142861,0.357142857142861,0.357142857142861,0.357142857142861,0.357142857142861,0.357142857142861,0.357142857142861,0.357142857142861,0.357142857142861,0.357142857142861,0.357142857142861,0.357142857142861,0.357142857142861,0.357142857142861,0.357142857142861,0.357142857142861,2.3333333333333353,2.3333333333333353,7.857142857142862,1.2499999999999996,1.2499999999999996,1.2499999999999996,1.2499999999999996,1.2499999999999996,1.2499999999999996,1.2499999999999996,1.2499999999999996,1.2499999999999996,1.2499999999999996,1.2499999999999996,1.2499999999999996,5.000000000000003,8.571428571428573,15.0,15.0,2.3913043478260896,2.3913043478260896,18.63636363636363,9.285714285714286,9.285714285714286,11.90909090909091,0.0,0.0,0.0,0.0,0.0,0.0,0.0,0.0,0.0,0.0,0.0,0.0,0.0,0.0,0.0,0.0,0.0,0.0,0.0,0.0,0.0,0.0,0.0,0.0,0.0,0.0,0.0,0.0,0.0,0.0,0.0,0.0,0.0,0.0,0.0,0.0,0.0,0.0,0.0,0.0,0.0,0.0,0.0,0.0,0.0,0.0,0.0,0.0,0.0,0.0,0.0,0.0,0.0,0.0,0.0,0.0,0.0,0.0,4.999999999999997,4.142857142857146,17.0,3.9743589743589762,9.642857142857142,9.642857142857142,11.666666666666666,11.571428571428575,0.6250000000000018,0.6250000000000018,0.6250000000000018,0.6250000000000018,0.6250000000000018,0.6250000000000018,0.6250000000000018,0.6250000000000018,0.6250000000000018,0.6250000000000018,0.6250000000000018,0.6250000000000018,0.6250000000000018,0.6250000000000018,0.6250000000000018,0.6250000000000018,0.6250000000000018,0.6250000000000018,0.6250000000000018,0.6250000000000018,0.6250000000000018,0.6250000000000018,0.6250000000000018,0.6250000000000018,0.6250000000000018,0.6250000000000018,0.6250000000000018,0.6250000000000018,0.6250000000000018,0.6250000000000018,0.6250000000000018,0.6250000000000018,0.6250000000000018,0.6250000000000018,0.6250000000000018,0.6250000000000018,0.6250000000000018,0.6250000000000018,0.6250000000000018,0.6250000000000018,0.6250000000000018,0.6250000000000018,0.6250000000000018,0.6250000000000018,0.6250000000000018,0.6250000000000018,0.6250000000000018,0.6250000000000018,0.6250000000000018,0.6250000000000018,7.500000000000002,7.500000000000002,10.714285714285715,10.714285714285715,10.714285714285715,10.714285714285715,10.714285714285715,10.714285714285715,10.714285714285715,14.000000000000004,14.000000000000004,14.000000000000004,14.000000000000004,15.769230769230774,15.769230769230774,15.769230769230774,17.63157894736843,2.5000000000000013,2.5000000000000013,2.5000000000000013,2.5000000000000013,2.5000000000000013,2.5000000000000013,2.5000000000000013,2.5000000000000013,2.5000000000000013,2.5000000000000013,2.5000000000000013
19.600000000000005,7.727272727272729,7.727272727272729,9.583333333333337,9.000000000000004,2.499999999999999,0.4999999999999989,0.4999999999999989,0.4999999999999989,0.4999999999999989,0.4999999999999989,6.333333333333334,6.333333333333334,6.333333333333334,9.999999999999996,0.357142857142861,0.357142857142861,0.357142857142861,0.357142857142861,0.357142857142861,0.357142857142861,0.357142857142861,0.357142857142861,0.357142857142861,0.357142857142861,0.357142857142861,0.357142857142861,0.357142857142861,0.357142857142861,0.357142857142861,0.357142857142861,0.357142857142861,0.357142857142861,0.357142857142861,0.357142857142861,0.357142857142861,0.357142857142861,0.357142857142861,0.357142857142861,2.3333333333333353,2.3333333333333353,7.857142857142862,1.2499999999999996,1.2499999999999996,1.2499999999999996,1.2499999999999996,1.2499999999999996,1.2499999999999996,1.2499999999999996,1.2499999999999996,1.2499999999999996,1.2499999999999996,1.2499999999999996,1.2499999999999996,5.000000000000003,8.571428571428573,15.0,15.0,2.3913043478260896,2.3913043478260896,18.63636363636363,9.285714285714286,9.285714285714286,11.90909090909091,0.0,0.0,0.0,0.0,0.0,0.0,0.0,0.0,0.0,0.0,0.0,0.0,0.0,0.0,0.0,0.0,0.0,0.0,0.0,0.0,0.0,0.0,0.0,0.0,0.0,0.0,0.0,0.0,0.0,0.0,0.0,0.0,0.0,0.0,0.0,0.0,0.0,0.0,0.0,0.0,0.0,0.0,0.0,0.0,0.0,0.0,0.0,0.0,0.0,0.0,0.0,0.0,0.0,0.0,0.0,0.0,0.0,0.0,4.999999999999997,4.142857142857146,17.0,3.9743589743589762,9.642857142857142,9.642857142857142,11.666666666666666,11.571428571428575,0.6250000000000018,0.6250000000000018,0.6250000000000018,0.6250000000000018,0.6250000000000018,0.6250000000000018,0.6250000000000018,0.6250000000000018,0.6250000000000018,0.6250000000000018,0.6250000000000018,0.6250000000000018,0.6250000000000018,0.6250000000000018,0.6250000000000018,0.6250000000000018,0.6250000000000018,0.6250000000000018,0.6250000000000018,0.6250000000000018,0.6250000000000018,0.6250000000000018,0.6250000000000018,0.6250000000000018,0.6250000000000018,0.6250000000000018,0.6250000000000018,0.6250000000000018,0.6250000000000018,0.6250000000000018,0.6250000000000018,0.6250000000000018,0.6250000000000018,0.6250000000000018,0.6250000000000018,0.6250000000000018,0.6250000000000018,0.6250000000000018,0.6250000000000018,0.6250000000000018,0.6250000000000018,0.6250000000000018,0.6250000000000018,0.6250000000000018,0.6250000000000018,0.6250000000000018,0.6250000000000018,0.6250000000000018,0.6250000000000018,0.6250000000000018,7.500000000000002,7.500000000000002,10.714285714285715,10.714285714285715,10.714285714285715,10.714285714285715,10.714285714285715,10.714285714285715,10.714285714285715,14.000000000000004,14.000000000000004,14.000000000000004,14.000000000000004,15.769230769230774,15.769230769230774,15.769230769230774,17.63157894736843,2.5000000000000013,2.5000000000000013,2.5000000000000013,2.5000000000000013,2.5000000000000013,2.5000000000000013,2.5000000000000013,2.5000000000000013,2.5000000000000013,2.5000000000000013,2.5000000000000013
19.600000000000005,7.727272727272729,7.727272727272729,9.583333333333337,9.000000000000004,2.499999999999999,0.4999999999999989,0.4999999999999989,0.4999999999999989,0.4999999999999989,0.4999999999999989,6.333333333333334,6.333333333333334,6.333333333333334,9.999999999999996,0.357142857142861,0.357142857142861,0.357142857142861,0.357142857142861,0.357142857142861,0.357142857142861,0.357142857142861,0.357142857142861,0.357142857142861,0.357142857142861,0.357142857142861,0.357142857142861,0.357142857142861,0.357142857142861,0.357142857142861,0.357142857142861,0.357142857142861,0.357142857142861,0.357142857142861,0.357142857142861,0.357142857142861,0.357142857142861,0.357142857142861,0.357142857142861,2.3333333333333353,2.3333333333333353,7.857142857142862,1.2499999999999996,1.2499999999999996,1.2499999999999996,1.2499999999999996,1.2499999999999996,1.2499999999999996,1.2499999999999996,1.2499999999999996,1.2499999999999996,1.2499999999999996,1.2499999999999996,1.2499999999999996,5.000000000000003,8.571428571428573,15.0,15.0,2.3913043478260896,2.3913043478260896,18.63636363636363,9.285714285714286,9.285714285714286,11.90909090909091,0.0,0.0,0.0,0.0,0.0,0.0,0.0,0.0,0.0,0.0,0.0,0.0,0.0,0.0,0.0,0.0,0.0,0.0,0.0,0.0,0.0,0.0,0.0,0.0,0.0,0.0,0.0,0.0,0.0,0.0,0.0,0.0,0.0,0.0,0.0,0.0,0.0,0.0,0.0,0.0,0.0,0.0,0.0,0.0,0.0,0.0,0.0,0.0,0.0,0.0,0.0,0.0,0.0,0.0,0.0,0.0,0.0,0.0,4.999999999999997,4.142857142857146,17.0,3.9743589743589762,9.642857142857142,9.642857142857142,11.666666666666666,11.571428571428575,0.6250000000000018,0.6250000000000018,0.6250000000000018,0.6250000000000018,0.6250000000000018,0.6250000000000018,0.6250000000000018,0.6250000000000018,0.6250000000000018,0.6250000000000018,0.6250000000000018,0.6250000000000018,0.6250000000000018,0.6250000000000018,0.6250000000000018,0.6250000000000018,0.6250000000000018,0.6250000000000018,0.6250000000000018,0.6250000000000018,0.6250000000000018,0.6250000000000018,0.6250000000000018,0.6250000000000018,0.6250000000000018,0.6250000000000018,0.6250000000000018,0.6250000000000018,0.6250000000000018,0.6250000000000018,0.6250000000000018,0.6250000000000018,0.6250000000000018,0.6250000000000018,0.6250000000000018,0.6250000000000018,0.6250000000000018,0.6250000000000018,0.6250000000000018,0.6250000000000018,0.6250000000000018,0.6250000000000018,0.6250000000000018,0.6250000000000018,0.6250000000000018,0.6250000000000018,0.6250000000000018,0.6250000000000018,0.6250000000000018,0.6250000000000018,7.500000000000002,7.500000000000002,10.714285714285715,10.714285714285715,10.714285714285715,10.714285714285715,10.714285714285715,10.714285714285715,10.714285714285715,14.000000000000004,14.000000000000004,14.000000000000004,14.000000000000004,15.769230769230774,15.769230769230774,15.769230769230774,17.63157894736843,2.5000000000000013,2.5000000000000013,2.5000000000000013,2.5000000000000013,2.5000000000000013,2.5000000000000013,2.5000000000000013,2.5000000000000013,2.5000000000000013,2.5000000000000013,2.5000000000000013
19.600000000000005,7.727272727272729,7.727272727272729,9.583333333333337,9.000000000000004,2.499999999999999,0.4999999999999989,0.4999999999999989,0.4999999999999989,0.4999999999999989,0.4999999999999989,6.333333333333334,6.333333333333334,6.333333333333334,9.999999999999996,0.357142857142861,0.357142857142861,0.357142857142861,0.357142857142861,0.357142857142861,0.357142857142861,0.357142857142861,0.357142857142861,0.357142857142861,0.357142857142861,0.357142857142861,0.357142857142861,0.357142857142861,0.357142857142861,0.357142857142861,0.357142857142861,0.357142857142861,0.357142857142861,0.357142857142861,0.357142857142861,0.357142857142861,0.357142857142861,0.357142857142861,0.357142857142861,2.3333333333333353,2.3333333333333353,7.857142857142862,1.2499999999999996,1.2499999999999996,1.2499999999999996,1.2499999999999996,1.2499999999999996,1.2499999999999996,1.2499999999999996,1.2499999999999996,1.2499999999999996,1.2499999999999996,1.2499999999999996,1.2499999999999996,5.000000000000003,8.571428571428573,15.0,15.0,2.3913043478260896,2.3913043478260896,18.63636363636363,9.285714285714286,9.285714285714286,11.90909090909091,0.0,0.0,0.0,0.0,0.0,0.0,0.0,0.0,0.0,0.0,0.0,0.0,0.0,0.0,0.0,0.0,0.0,0.0,0.0,0.0,0.0,0.0,0.0,0.0,0.0,0.0,0.0,0.0,0.0,0.0,0.0,0.0,0.0,0.0,0.0,0.0,0.0,0.0,0.0,0.0,0.0,0.0,0.0,0.0,0.0,0.0,0.0,0.0,0.0,0.0,0.0,0.0,0.0,0.0,0.0,0.0,0.0,0.0,4.999999999999997,4.142857142857146,17.0,3.9743589743589762,9.642857142857142,9.642857142857142,11.666666666666666,11.571428571428575,0.6250000000000018,0.6250000000000018,0.6250000000000018,0.6250000000000018,0.6250000000000018,0.6250000000000018,0.6250000000000018,0.6250000000000018,0.6250000000000018,0.6250000000000018,0.6250000000000018,0.6250000000000018,0.6250000000000018,0.6250000000000018,0.6250000000000018,0.6250000000000018,0.6250000000000018,0.6250000000000018,0.6250000000000018,0.6250000000000018,0.6250000000000018,0.6250000000000018,0.6250000000000018,0.6250000000000018,0.6250000000000018,0.6250000000000018,0.6250000000000018,0.6250000000000018,0.6250000000000018,0.6250000000000018,0.6250000000000018,0.6250000000000018,0.6250000000000018,0.6250000000000018,0.6250000000000018,0.6250000000000018,0.6250000000000018,0.6250000000000018,0.6250000000000018,0.6250000000000018,0.6250000000000018,0.6250000000000018,0.6250000000000018,0.6250000000000018,0.6250000000000018,0.6250000000000018,0.6250000000000018,0.6250000000000018,0.6250000000000018,0.6250000000000018,7.500000000000002,7.500000000000002,10.714285714285715,10.714285714285715,10.714285714285715,10.714285714285715,10.714285714285715,10.714285714285715,10.714285714285715,14.000000000000004,14.000000000000004,14.000000000000004,14.000000000000004,15.769230769230774,15.769230769230774,15.769230769230774,17.63157894736843,2.5000000000000013,2.5000000000000013,2.5000000000000013,2.5000000000000013,2.5000000000000013,2.5000000000000013,2.5000000000000013,2.5000000000000013,2.5000000000000013,2.5000000000000013,2.5000000000000013
19.600000000000005,7.727272727272729,7.727272727272729,9.583333333333337,9.000000000000004,2.499999999999999,0.4999999999999989,0.4999999999999989,0.4999999999999989,0.4999999999999989,0.4999999999999989,6.333333333333334,6.333333333333334,6.333333333333334,9.999999999999996,0.357142857142861,0.357142857142861,0.357142857142861,0.357142857142861,0.357142857142861,0.357142857142861,0.357142857142861,0.357142857142861,0.357142857142861,0.357142857142861,0.357142857142861,0.357142857142861,0.357142857142861,0.357142857142861,0.357142857142861,0.357142857142861,0.357142857142861,0.357142857142861,0.357142857142861,0.357142857142861,0.357142857142861,0.357142857142861,0.357142857142861,0.357142857142861,2.3333333333333353,2.3333333333333353,7.857142857142862,1.2499999999999996,1.2499999999999996,1.2499999999999996,1.2499999999999996,1.2499999999999996,1.2499999999999996,1.2499999999999996,1.2499999999999996,1.2499999999999996,1.2499999999999996,1.2499999999999996,1.2499999999999996,5.000000000000003,8.571428571428573,15.0,15.0,2.3913043478260896,2.3913043478260896,18.63636363636363,9.285714285714286,9.285714285714286,11.90909090909091,0.0,0.0,0.0,0.0,0.0,0.0,0.0,0.0,0.0,0.0,0.0,0.0,0.0,0.0,0.0,0.0,0.0,0.0,0.0,0.0,0.0,0.0,0.0,0.0,0.0,0.0,0.0,0.0,0.0,0.0,0.0,0.0,0.0,0.0,0.0,0.0,0.0,0.0,0.0,0.0,0.0,0.0,0.0,0.0,0.0,0.0,0.0,0.0,0.0,0.0,0.0,0.0,0.0,0.0,0.0,0.0,0.0,0.0,4.999999999999997,4.142857142857146,17.0,3.9743589743589762,9.642857142857142,9.642857142857142,11.666666666666666,11.571428571428575,0.6250000000000018,0.6250000000000018,0.6250000000000018,0.6250000000000018,0.6250000000000018,0.6250000000000018,0.6250000000000018,0.6250000000000018,0.6250000000000018,0.6250000000000018,0.6250000000000018,0.6250000000000018,0.6250000000000018,0.6250000000000018,0.6250000000000018,0.6250000000000018,0.6250000000000018,0.6250000000000018,0.6250000000000018,0.6250000000000018,0.6250000000000018,0.6250000000000018,0.6250000000000018,0.6250000000000018,0.6250000000000018,0.6250000000000018,0.6250000000000018,0.6250000000000018,0.6250000000000018,0.6250000000000018,0.6250000000000018,0.6250000000000018,0.6250000000000018,0.6250000000000018,0.6250000000000018,0.6250000000000018,0.6250000000000018,0.6250000000000018,0.6250000000000018,0.6250000000000018,0.6250000000000018,0.6250000000000018,0.6250000000000018,0.6250000000000018,0.6250000000000018,0.6250000000000018,0.6250000000000018,0.6250000000000018,0.6250000000000018,0.6250000000000018,7.500000000000002,7.500000000000002,10.714285714285715,10.714285714285715,10.714285714285715,10.714285714285715,10.714285714285715,10.714285714285715,10.714285714285715,14.000000000000004,14.000000000000004,14.000000000000004,14.000000000000004,15.769230769230774,15.769230769230774,15.769230769230774,17.63157894736843,2.5000000000000013,2.5000000000000013,2.5000000000000013,2.5000000000000013,2.5000000000000013,2.5000000000000013,2.5000000000000013,2.5000000000000013,2.5000000000000013,2.5000000000000013,2.5000000000000013
19.600000000000005,7.727272727272729,7.727272727272729,9.583333333333337,9.000000000000004,2.499999999999999,0.4999999999999989,0.4999999999999989,0.4999999999999989,0.4999999999999989,0.4999999999999989,6.333333333333334,6.333333333333334,6.333333333333334,9.999999999999996,0.357142857142861,0.357142857142861,0.357142857142861,0.357142857142861,0.357142857142861,0.357142857142861,0.357142857142861,0.357142857142861,0.357142857142861,0.357142857142861,0.357142857142861,0.357142857142861,0.357142857142861,0.357142857142861,0.357142857142861,0.357142857142861,0.357142857142861,0.357142857142861,0.357142857142861,0.357142857142861,0.357142857142861,0.357142857142861,0.357142857142861,0.357142857142861,2.3333333333333353,2.3333333333333353,7.857142857142862,1.2499999999999996,1.2499999999999996,1.2499999999999996,1.2499999999999996,1.2499999999999996,1.2499999999999996,1.2499999999999996,1.2499999999999996,1.2499999999999996,1.2499999999999996,1.2499999999999996,1.2499999999999996,5.000000000000003,8.571428571428573,15.0,15.0,2.3913043478260896,2.3913043478260896,18.63636363636363,9.285714285714286,9.285714285714286,11.90909090909091,0.0,0.0,0.0,0.0,0.0,0.0,0.0,0.0,0.0,0.0,0.0,0.0,0.0,0.0,0.0,0.0,0.0,0.0,0.0,0.0,0.0,0.0,0.0,0.0,0.0,0.0,0.0,0.0,0.0,0.0,0.0,0.0,0.0,0.0,0.0,0.0,0.0,0.0,0.0,0.0,0.0,0.0,0.0,0.0,0.0,0.0,0.0,0.0,0.0,0.0,0.0,0.0,0.0,0.0,0.0,0.0,0.0,0.0,4.999999999999997,4.142857142857146,17.0,3.9743589743589762,9.642857142857142,9.642857142857142,11.666666666666666,11.571428571428575,0.6250000000000018,0.6250000000000018,0.6250000000000018,0.6250000000000018,0.6250000000000018,0.6250000000000018,0.6250000000000018,0.6250000000000018,0.6250000000000018,0.6250000000000018,0.6250000000000018,0.6250000000000018,0.6250000000000018,0.6250000000000018,0.6250000000000018,0.6250000000000018,0.6250000000000018,0.6250000000000018,0.6250000000000018,0.6250000000000018,0.6250000000000018,0.6250000000000018,0.6250000000000018,0.6250000000000018,0.6250000000000018,0.6250000000000018,0.6250000000000018,0.6250000000000018,0.6250000000000018,0.6250000000000018,0.6250000000000018,0.6250000000000018,0.6250000000000018,0.6250000000000018,0.6250000000000018,0.6250000000000018,0.6250000000000018,0.6250000000000018,0.6250000000000018,0.6250000000000018,0.6250000000000018,0.6250000000000018,0.6250000000000018,0.6250000000000018,0.6250000000000018,0.6250000000000018,0.6250000000000018,0.6250000000000018,0.6250000000000018,0.6250000000000018,7.500000000000002,7.500000000000002,10.714285714285715,10.714285714285715,10.714285714285715,10.714285714285715,10.714285714285715,10.714285714285715,10.714285714285715,14.000000000000004,14.000000000000004,14.000000000000004,14.000000000000004,15.769230769230774,15.769230769230774,15.769230769230774,17.63157894736843,2.5000000000000013,2.5000000000000013,2.5000000000000013,2.5000000000000013,2.5000000000000013,2.5000000000000013,2.5000000000000013,2.5000000000000013,2.5000000000000013,2.5000000000000013,2.5000000000000013
19.600000000000005,7.727272727272729,7.727272727272729,9.583333333333337,9.000000000000004,2.499999999999999,0.4999999999999989,0.4999999999999989,0.4999999999999989,0.4999999999999989,0.4999999999999989,6.333333333333334,6.333333333333334,6.333333333333334,9.999999999999996,0.357142857142861,0.357142857142861,0.357142857142861,0.357142857142861,0.357142857142861,0.357142857142861,0.357142857142861,0.357142857142861,0.357142857142861,0.357142857142861,0.357142857142861,0.357142857142861,0.357142857142861,0.357142857142861,0.357142857142861,0.357142857142861,0.357142857142861,0.357142857142861,0.357142857142861,0.357142857142861,0.357142857142861,0.357142857142861,0.357142857142861,0.357142857142861,2.3333333333333353,2.3333333333333353,7.857142857142862,1.2499999999999996,1.2499999999999996,1.2499999999999996,1.2499999999999996,1.2499999999999996,1.2499999999999996,1.2499999999999996,1.2499999999999996,1.2499999999999996,1.2499999999999996,1.2499999999999996,1.2499999999999996,5.000000000000003,8.571428571428573,15.0,15.0,2.3913043478260896,2.3913043478260896,18.63636363636363,9.285714285714286,9.285714285714286,11.90909090909091,0.0,0.0,0.0,0.0,0.0,0.0,0.0,0.0,0.0,0.0,0.0,0.0,0.0,0.0,0.0,0.0,0.0,0.0,0.0,0.0,0.0,0.0,0.0,0.0,0.0,0.0,0.0,0.0,0.0,0.0,0.0,0.0,0.0,0.0,0.0,0.0,0.0,0.0,0.0,0.0,0.0,0.0,0.0,0.0,0.0,0.0,0.0,0.0,0.0,0.0,0.0,0.0,0.0,0.0,0.0,0.0,0.0,0.0,4.999999999999997,4.142857142857146,17.0,3.9743589743589762,9.642857142857142,9.642857142857142,11.666666666666666,11.571428571428575,0.6250000000000018,0.6250000000000018,0.6250000000000018,0.6250000000000018,0.6250000000000018,0.6250000000000018,0.6250000000000018,0.6250000000000018,0.6250000000000018,0.6250000000000018,0.6250000000000018,0.6250000000000018,0.6250000000000018,0.6250000000000018,0.6250000000000018,0.6250000000000018,0.6250000000000018,0.6250000000000018,0.6250000000000018,0.6250000000000018,0.6250000000000018,0.6250000000000018,0.6250000000000018,0.6250000000000018,0.6250000000000018,0.6250000000000018,0.6250000000000018,0.6250000000000018,0.6250000000000018,0.6250000000000018,0.6250000000000018,0.6250000000000018,0.6250000000000018,0.6250000000000018,0.6250000000000018,0.6250000000000018,0.6250000000000018,0.6250000000000018,0.6250000000000018,0.6250000000000018,0.6250000000000018,0.6250000000000018,0.6250000000000018,0.6250000000000018,0.6250000000000018,0.6250000000000018,0.6250000000000018,0.6250000000000018,0.6250000000000018,0.6250000000000018,7.500000000000002,7.500000000000002,10.714285714285715,10.714285714285715,10.714285714285715,10.714285714285715,10.714285714285715,10.714285714285715,10.714285714285715,14.000000000000004,14.000000000000004,14.000000000000004,14.000000000000004,15.769230769230774,15.769230769230774,15.769230769230774,17.63157894736843,2.5000000000000013,2.5000000000000013,2.5000000000000013,2.5000000000000013,2.5000000000000013,2.5000000000000013,2.5000000000000013,2.5000000000000013,2.5000000000000013,2.5000000000000013,2.5000000000000013
19.600000000000005,7.727272727272729,7.727272727272729,9.583333333333337,9.000000000000004,2.499999999999999,0.4999999999999989,0.4999999999999989,0.4999999999999989,0.4999999999999989,0.4999999999999989,6.333333333333334,6.333333333333334,6.333333333333334,9.999999999999996,0.357142857142861,0.357142857142861,0.357142857142861,0.357142857142861,0.357142857142861,0.357142857142861,0.357142857142861,0.357142857142861,0.357142857142861,0.357142857142861,0.357142857142861,0.357142857142861,0.357142857142861,0.357142857142861,0.357142857142861,0.357142857142861,0.357142857142861,0.357142857142861,0.357142857142861,0.357142857142861,0.357142857142861,0.357142857142861,0.357142857142861,0.357142857142861,2.3333333333333353,2.3333333333333353,7.857142857142862,1.2499999999999996,1.2499999999999996,1.2499999999999996,1.2499999999999996,1.2499999999999996,1.2499999999999996,1.2499999999999996,1.2499999999999996,1.2499999999999996,1.2499999999999996,1.2499999999999996,1.2499999999999996,5.000000000000003,8.571428571428573,15.0,15.0,2.3913043478260896,2.3913043478260896,18.63636363636363,9.285714285714286,9.285714285714286,11.90909090909091,0.0,0.0,0.0,0.0,0.0,0.0,0.0,0.0,0.0,0.0,0.0,0.0,0.0,0.0,0.0,0.0,0.0,0.0,0.0,0.0,0.0,0.0,0.0,0.0,0.0,0.0,0.0,0.0,0.0,0.0,0.0,0.0,0.0,0.0,0.0,0.0,0.0,0.0,0.0,0.0,0.0,0.0,0.0,0.0,0.0,0.0,0.0,0.0,0.0,0.0,0.0,0.0,0.0,0.0,0.0,0.0,0.0,0.0,4.999999999999997,4.142857142857146,17.0,3.9743589743589762,9.642857142857142,9.642857142857142,11.666666666666666,11.571428571428575,0.6250000000000018,0.6250000000000018,0.6250000000000018,0.6250000000000018,0.6250000000000018,0.6250000000000018,0.6250000000000018,0.6250000000000018,0.6250000000000018,0.6250000000000018,0.6250000000000018,0.6250000000000018,0.6250000000000018,0.6250000000000018,0.6250000000000018,0.6250000000000018,0.6250000000000018,0.6250000000000018,0.6250000000000018,0.6250000000000018,0.6250000000000018,0.6250000000000018,0.6250000000000018,0.6250000000000018,0.6250000000000018,0.6250000000000018,0.6250000000000018,0.6250000000000018,0.6250000000000018,0.6250000000000018,0.6250000000000018,0.6250000000000018,0.6250000000000018,0.6250000000000018,0.6250000000000018,0.6250000000000018,0.6250000000000018,0.6250000000000018,0.6250000000000018,0.6250000000000018,0.6250000000000018,0.6250000000000018,0.6250000000000018,0.6250000000000018,0.6250000000000018,0.6250000000000018,0.6250000000000018,0.6250000000000018,0.6250000000000018,0.6250000000000018,7.500000000000002,7.500000000000002,10.714285714285715,10.714285714285715,10.714285714285715,10.714285714285715,10.714285714285715,10.714285714285715,10.714285714285715,14.000000000000004,14.000000000000004,14.000000000000004,14.000000000000004,15.769230769230774,15.769230769230774,15.769230769230774,17.63157894736843,2.5000000000000013,2.5000000000000013,2.5000000000000013,2.5000000000000013,2.5000000000000013,2.5000000000000013,2.5000000000000013,2.5000000000000013,2.5000000000000013,2.5000000000000013,2.5000000000000013
19.600000000000005,7.727272727272729,7.727272727272729,9.583333333333337,9.000000000000004,2.499999999999999,0.4999999999999989,0.4999999999999989,0.4999999999999989,0.4999999999999989,0.4999999999999989,6.333333333333334,6.333333333333334,6.333333333333334,9.999999999999996,0.357142857142861,0.357142857142861,0.357142857142861,0.357142857142861,0.357142857142861,0.357142857142861,0.357142857142861,0.357142857142861,0.357142857142861,0.357142857142861,0.357142857142861,0.357142857142861,0.357142857142861,0.357142857142861,0.357142857142861,0.357142857142861,0.357142857142861,0.357142857142861,0.357142857142861,0.357142857142861,0.357142857142861,0.357142857142861,0.357142857142861,0.357142857142861,2.3333333333333353,2.3333333333333353,7.857142857142862,1.2499999999999996,1.2499999999999996,1.2499999999999996,1.2499999999999996,1.2499999999999996,1.2499999999999996,1.2499999999999996,1.2499999999999996,1.2499999999999996,1.2499999999999996,1.2499999999999996,1.2499999999999996,5.000000000000003,8.571428571428573,15.0,15.0,2.3913043478260896,2.3913043478260896,18.63636363636363,9.285714285714286,9.285714285714286,11.90909090909091,0.0,0.0,0.0,0.0,0.0,0.0,0.0,0.0,0.0,0.0,0.0,0.0,0.0,0.0,0.0,0.0,0.0,0.0,0.0,0.0,0.0,0.0,0.0,0.0,0.0,0.0,0.0,0.0,0.0,0.0,0.0,0.0,0.0,0.0,0.0,0.0,0.0,0.0,0.0,0.0,0.0,0.0,0.0,0.0,0.0,0.0,0.0,0.0,0.0,0.0,0.0,0.0,0.0,0.0,0.0,0.0,0.0,0.0,4.999999999999997,4.142857142857146,17.0,3.9743589743589762,9.642857142857142,9.642857142857142,11.666666666666666,11.571428571428575,0.6250000000000018,0.6250000000000018,0.6250000000000018,0.6250000000000018,0.6250000000000018,0.6250000000000018,0.6250000000000018,0.6250000000000018,0.6250000000000018,0.6250000000000018,0.6250000000000018,0.6250000000000018,0.6250000000000018,0.6250000000000018,0.6250000000000018,0.6250000000000018,0.6250000000000018,0.6250000000000018,0.6250000000000018,0.6250000000000018,0.6250000000000018,0.6250000000000018,0.6250000000000018,0.6250000000000018,0.6250000000000018,0.6250000000000018,0.6250000000000018,0.6250000000000018,0.6250000000000018,0.6250000000000018,0.6250000000000018,0.6250000000000018,0.6250000000000018,0.6250000000000018,0.6250000000000018,0.6250000000000018,0.6250000000000018,0.6250000000000018,0.6250000000000018,0.6250000000000018,0.6250000000000018,0.6250000000000018,0.6250000000000018,0.6250000000000018,0.6250000000000018,0.6250000000000018,0.6250000000000018,0.6250000000000018,0.6250000000000018,0.6250000000000018,7.500000000000002,7.500000000000002,10.714285714285715,10.714285714285715,10.714285714285715,10.714285714285715,10.714285714285715,10.714285714285715,10.714285714285715,14.000000000000004,14.000000000000004,14.000000000000004,14.000000000000004,15.769230769230774,15.769230769230774,15.769230769230774,17.63157894736843,2.5000000000000013,2.5000000000000013,2.5000000000000013,2.5000000000000013,2.5000000000000013,2.5000000000000013,2.5000000000000013,2.5000000000000013,2.5000000000000013,2.5000000000000013,2.5000000000000013
19.600000000000005,7.727272727272729,7.727272727272729,9.583333333333337,9.000000000000004,2.499999999999999,0.4999999999999989,0.4999999999999989,0.4999999999999989,0.4999999999999989,0.4999999999999989,6.333333333333334,6.333333333333334,6.333333333333334,9.999999999999996,0.357142857142861,0.357142857142861,0.357142857142861,0.357142857142861,0.357142857142861,0.357142857142861,0.357142857142861,0.357142857142861,0.357142857142861,0.357142857142861,0.357142857142861,0.357142857142861,0.357142857142861,0.357142857142861,0.357142857142861,0.357142857142861,0.357142857142861,0.357142857142861,0.357142857142861,0.357142857142861,0.357142857142861,0.357142857142861,0.357142857142861,0.357142857142861,2.3333333333333353,2.3333333333333353,7.857142857142862,1.2499999999999996,1.2499999999999996,1.2499999999999996,1.2499999999999996,1.2499999999999996,1.2499999999999996,1.2499999999999996,1.2499999999999996,1.2499999999999996,1.2499999999999996,1.2499999999999996,1.2499999999999996,5.000000000000003,8.571428571428573,15.0,15.0,2.3913043478260896,2.3913043478260896,18.63636363636363,9.285714285714286,9.285714285714286,11.90909090909091,0.0,0.0,0.0,0.0,0.0,0.0,0.0,0.0,0.0,0.0,0.0,0.0,0.0,0.0,0.0,0.0,0.0,0.0,0.0,0.0,0.0,0.0,0.0,0.0,0.0,0.0,0.0,0.0,0.0,0.0,0.0,0.0,0.0,0.0,0.0,0.0,0.0,0.0,0.0,0.0,0.0,0.0,0.0,0.0,0.0,0.0,0.0,0.0,0.0,0.0,0.0,0.0,0.0,0.0,0.0,0.0,0.0,0.0,4.999999999999997,4.142857142857146,17.0,3.9743589743589762,9.642857142857142,9.642857142857142,11.666666666666666,11.571428571428575,0.6250000000000018,0.6250000000000018,0.6250000000000018,0.6250000000000018,0.6250000000000018,0.6250000000000018,0.6250000000000018,0.6250000000000018,0.6250000000000018,0.6250000000000018,0.6250000000000018,0.6250000000000018,0.6250000000000018,0.6250000000000018,0.6250000000000018,0.6250000000000018,0.6250000000000018,0.6250000000000018,0.6250000000000018,0.6250000000000018,0.6250000000000018,0.6250000000000018,0.6250000000000018,0.6250000000000018,0.6250000000000018,0.6250000000000018,0.6250000000000018,0.6250000000000018,0.6250000000000018,0.6250000000000018,0.6250000000000018,0.6250000000000018,0.6250000000000018,0.6250000000000018,0.6250000000000018,0.6250000000000018,0.6250000000000018,0.6250000000000018,0.6250000000000018,0.6250000000000018,0.6250000000000018,0.6250000000000018,0.6250000000000018,0.6250000000000018,0.6250000000000018,0.6250000000000018,0.6250000000000018,0.6250000000000018,0.6250000000000018,0.6250000000000018,7.500000000000002,7.500000000000002,10.714285714285715,10.714285714285715,10.714285714285715,10.714285714285715,10.714285714285715,10.714285714285715,10.714285714285715,14.000000000000004,14.000000000000004,14.000000000000004,14.000000000000004,15.769230769230774,15.769230769230774,15.769230769230774,17.63157894736843,2.5000000000000013,2.5000000000000013,2.5000000000000013,2.5000000000000013,2.5000000000000013,2.5000000000000013,2.5000000000000013,2.5000000000000013,2.5000000000000013,2.5000000000000013,2.5000000000000013
19.600000000000005,7.727272727272729,7.727272727272729,9.583333333333337,9.000000000000004,2.499999999999999,0.4999999999999989,0.4999999999999989,0.4999999999999989,0.4999999999999989,0.4999999999999989,6.333333333333334,6.333333333333334,6.333333333333334,9.999999999999996,0.357142857142861,0.357142857142861,0.357142857142861,0.357142857142861,0.357142857142861,0.357142857142861,0.357142857142861,0.357142857142861,0.357142857142861,0.357142857142861,0.357142857142861,0.357142857142861,0.357142857142861,0.357142857142861,0.357142857142861,0.357142857142861,0.357142857142861,0.357142857142861,0.357142857142861,0.357142857142861,0.357142857142861,0.357142857142861,0.357142857142861,0.357142857142861,2.3333333333333353,2.3333333333333353,7.857142857142862,1.2499999999999996,1.2499999999999996,1.2499999999999996,1.2499999999999996,1.2499999999999996,1.2499999999999996,1.2499999999999996,1.2499999999999996,1.2499999999999996,1.2499999999999996,1.2499999999999996,1.2499999999999996,5.000000000000003,8.571428571428573,15.0,15.0,2.3913043478260896,2.3913043478260896,18.63636363636363,9.285714285714286,9.285714285714286,11.90909090909091,0.0,0.0,0.0,0.0,0.0,0.0,0.0,0.0,0.0,0.0,0.0,0.0,0.0,0.0,0.0,0.0,0.0,0.0,0.0,0.0,0.0,0.0,0.0,0.0,0.0,0.0,0.0,0.0,0.0,0.0,0.0,0.0,0.0,0.0,0.0,0.0,0.0,0.0,0.0,0.0,0.0,0.0,0.0,0.0,0.0,0.0,0.0,0.0,0.0,0.0,0.0,0.0,0.0,0.0,0.0,0.0,0.0,0.0,4.999999999999997,4.142857142857146,17.0,3.9743589743589762,9.642857142857142,9.642857142857142,11.666666666666666,11.571428571428575,0.6250000000000018,0.6250000000000018,0.6250000000000018,0.6250000000000018,0.6250000000000018,0.6250000000000018,0.6250000000000018,0.6250000000000018,0.6250000000000018,0.6250000000000018,0.6250000000000018,0.6250000000000018,0.6250000000000018,0.6250000000000018,0.6250000000000018,0.6250000000000018,0.6250000000000018,0.6250000000000018,0.6250000000000018,0.6250000000000018,0.6250000000000018,0.6250000000000018,0.6250000000000018,0.6250000000000018,0.6250000000000018,0.6250000000000018,0.6250000000000018,0.6250000000000018,0.6250000000000018,0.6250000000000018,0.6250000000000018,0.6250000000000018,0.6250000000000018,0.6250000000000018,0.6250000000000018,0.6250000000000018,0.6250000000000018,0.6250000000000018,0.6250000000000018,0.6250000000000018,0.6250000000000018,0.6250000000000018,0.6250000000000018,0.6250000000000018,0.6250000000000018,0.6250000000000018,0.6250000000000018,0.6250000000000018,0.6250000000000018,0.6250000000000018,7.500000000000002,7.500000000000002,10.714285714285715,10.714285714285715,10.714285714285715,10.714285714285715,10.714285714285715,10.714285714285715,10.714285714285715,14.000000000000004,14.000000000000004,14.000000000000004,14.000000000000004,15.769230769230774,15.769230769230774,15.769230769230774,17.63157894736843,2.5000000000000013,2.5000000000000013,2.5000000000000013,2.5000000000000013,2.5000000000000013,2.5000000000000013,2.5000000000000013,2.5000000000000013,2.5000000000000013,2.5000000000000013,2.5000000000000013
19.600000000000005,7.727272727272729,7.727272727272729,9.583333333333337,9.000000000000004,2.499999999999999,0.4999999999999989,0.4999999999999989,0.4999999999999989,0.4999999999999989,0.4999999999999989,6.333333333333334,6.333333333333334,6.333333333333334,9.999999999999996,0.357142857142861,0.357142857142861,0.357142857142861,0.357142857142861,0.357142857142861,0.357142857142861,0.357142857142861,0.357142857142861,0.357142857142861,0.357142857142861,0.357142857142861,0.357142857142861,0.357142857142861,0.357142857142861,0.357142857142861,0.357142857142861,0.357142857142861,0.357142857142861,0.357142857142861,0.357142857142861,0.357142857142861,0.357142857142861,0.357142857142861,0.357142857142861,2.3333333333333353,2.3333333333333353,7.857142857142862,1.2499999999999996,1.2499999999999996,1.2499999999999996,1.2499999999999996,1.2499999999999996,1.2499999999999996,1.2499999999999996,1.2499999999999996,1.2499999999999996,1.2499999999999996,1.2499999999999996,1.2499999999999996,5.000000000000003,8.571428571428573,15.0,15.0,2.3913043478260896,2.3913043478260896,18.63636363636363,9.285714285714286,9.285714285714286,11.90909090909091,0.0,0.0,0.0,0.0,0.0,0.0,0.0,0.0,0.0,0.0,0.0,0.0,0.0,0.0,0.0,0.0,0.0,0.0,0.0,0.0,0.0,0.0,0.0,0.0,0.0,0.0,0.0,0.0,0.0,0.0,0.0,0.0,0.0,0.0,0.0,0.0,0.0,0.0,0.0,0.0,0.0,0.0,0.0,0.0,0.0,0.0,0.0,0.0,0.0,0.0,0.0,0.0,0.0,0.0,0.0,0.0,0.0,0.0,4.999999999999997,4.142857142857146,17.0,3.9743589743589762,9.642857142857142,9.642857142857142,11.666666666666666,11.571428571428575,0.6250000000000018,0.6250000000000018,0.6250000000000018,0.6250000000000018,0.6250000000000018,0.6250000000000018,0.6250000000000018,0.6250000000000018,0.6250000000000018,0.6250000000000018,0.6250000000000018,0.6250000000000018,0.6250000000000018,0.6250000000000018,0.6250000000000018,0.6250000000000018,0.6250000000000018,0.6250000000000018,0.6250000000000018,0.6250000000000018,0.6250000000000018,0.6250000000000018,0.6250000000000018,0.6250000000000018,0.6250000000000018,0.6250000000000018,0.6250000000000018,0.6250000000000018,0.6250000000000018,0.6250000000000018,0.6250000000000018,0.6250000000000018,0.6250000000000018,0.6250000000000018,0.6250000000000018,0.6250000000000018,0.6250000000000018,0.6250000000000018,0.6250000000000018,0.6250000000000018,0.6250000000000018,0.6250000000000018,0.6250000000000018,0.6250000000000018,0.6250000000000018,0.6250000000000018,0.6250000000000018,0.6250000000000018,0.6250000000000018,0.6250000000000018,7.500000000000002,7.500000000000002,10.714285714285715,10.714285714285715,10.714285714285715,10.714285714285715,10.714285714285715,10.714285714285715,10.714285714285715,14.000000000000004,14.000000000000004,14.000000000000004,14.000000000000004,15.769230769230774,15.769230769230774,15.769230769230774,17.63157894736843,2.5000000000000013,2.5000000000000013,2.5000000000000013,2.5000000000000013,2.5000000000000013,2.5000000000000013,2.5000000000000013,2.5000000000000013,2.5000000000000013,2.5000000000000013,2.5000000000000013
19.600000000000005,7.727272727272729,7.727272727272729,9.583333333333337,9.000000000000004,2.499999999999999,0.4999999999999989,0.4999999999999989,0.4999999999999989,0.4999999999999989,0.4999999999999989,6.333333333333334,6.333333333333334,6.333333333333334,9.999999999999996,0.357142857142861,0.357142857142861,0.357142857142861,0.357142857142861,0.357142857142861,0.357142857142861,0.357142857142861,0.357142857142861,0.357142857142861,0.357142857142861,0.357142857142861,0.357142857142861,0.357142857142861,0.357142857142861,0.357142857142861,0.357142857142861,0.357142857142861,0.357142857142861,0.357142857142861,0.357142857142861,0.357142857142861,0.357142857142861,0.357142857142861,0.357142857142861,2.3333333333333353,2.3333333333333353,7.857142857142862,1.2499999999999996,1.2499999999999996,1.2499999999999996,1.2499999999999996,1.2499999999999996,1.2499999999999996,1.2499999999999996,1.2499999999999996,1.2499999999999996,1.2499999999999996,1.2499999999999996,1.2499999999999996,5.000000000000003,8.571428571428573,15.0,15.0,2.3913043478260896,2.3913043478260896,18.63636363636363,9.285714285714286,9.285714285714286,11.90909090909091,0.0,0.0,0.0,0.0,0.0,0.0,0.0,0.0,0.0,0.0,0.0,0.0,0.0,0.0,0.0,0.0,0.0,0.0,0.0,0.0,0.0,0.0,0.0,0.0,0.0,0.0,0.0,0.0,0.0,0.0,0.0,0.0,0.0,0.0,0.0,0.0,0.0,0.0,0.0,0.0,0.0,0.0,0.0,0.0,0.0,0.0,0.0,0.0,0.0,0.0,0.0,0.0,0.0,0.0,0.0,0.0,0.0,0.0,4.999999999999997,4.142857142857146,17.0,3.9743589743589762,9.642857142857142,9.642857142857142,11.666666666666666,11.571428571428575,0.6250000000000018,0.6250000000000018,0.6250000000000018,0.6250000000000018,0.6250000000000018,0.6250000000000018,0.6250000000000018,0.6250000000000018,0.6250000000000018,0.6250000000000018,0.6250000000000018,0.6250000000000018,0.6250000000000018,0.6250000000000018,0.6250000000000018,0.6250000000000018,0.6250000000000018,0.6250000000000018,0.6250000000000018,0.6250000000000018,0.6250000000000018,0.6250000000000018,0.6250000000000018,0.6250000000000018,0.6250000000000018,0.6250000000000018,0.6250000000000018,0.6250000000000018,0.6250000000000018,0.6250000000000018,0.6250000000000018,0.6250000000000018,0.6250000000000018,0.6250000000000018,0.6250000000000018,0.6250000000000018,0.6250000000000018,0.6250000000000018,0.6250000000000018,0.6250000000000018,0.6250000000000018,0.6250000000000018,0.6250000000000018,0.6250000000000018,0.6250000000000018,0.6250000000000018,0.6250000000000018,0.6250000000000018,0.6250000000000018,0.6250000000000018,7.500000000000002,7.500000000000002,10.714285714285715,10.714285714285715,10.714285714285715,10.714285714285715,10.714285714285715,10.714285714285715,10.714285714285715,14.000000000000004,14.000000000000004,14.000000000000004,14.000000000000004,15.769230769230774,15.769230769230774,15.769230769230774,17.63157894736843,2.5000000000000013,2.5000000000000013,2.5000000000000013,2.5000000000000013,2.5000000000000013,2.5000000000000013,2.5000000000000013,2.5000000000000013,2.5000000000000013,2.5000000000000013,2.5000000000000013
19.600000000000005,7.727272727272729,7.727272727272729,9.583333333333337,9.000000000000004,2.499999999999999,0.4999999999999989,0.4999999999999989,0.4999999999999989,0.4999999999999989,0.4999999999999989,6.333333333333334,6.333333333333334,6.333333333333334,9.999999999999996,0.357142857142861,0.357142857142861,0.357142857142861,0.357142857142861,0.357142857142861,0.357142857142861,0.357142857142861,0.357142857142861,0.357142857142861,0.357142857142861,0.357142857142861,0.357142857142861,0.357142857142861,0.357142857142861,0.357142857142861,0.357142857142861,0.357142857142861,0.357142857142861,0.357142857142861,0.357142857142861,0.357142857142861,0.357142857142861,0.357142857142861,0.357142857142861,2.3333333333333353,2.3333333333333353,7.857142857142862,1.2499999999999996,1.2499999999999996,1.2499999999999996,1.2499999999999996,1.2499999999999996,1.2499999999999996,1.2499999999999996,1.2499999999999996,1.2499999999999996,1.2499999999999996,1.2499999999999996,1.2499999999999996,5.000000000000003,8.571428571428573,15.0,15.0,2.3913043478260896,2.3913043478260896,18.63636363636363,9.285714285714286,9.285714285714286,11.90909090909091,0.0,0.0,0.0,0.0,0.0,0.0,0.0,0.0,0.0,0.0,0.0,0.0,0.0,0.0,0.0,0.0,0.0,0.0,0.0,0.0,0.0,0.0,0.0,0.0,0.0,0.0,0.0,0.0,0.0,0.0,0.0,0.0,0.0,0.0,0.0,0.0,0.0,0.0,0.0,0.0,0.0,0.0,0.0,0.0,0.0,0.0,0.0,0.0,0.0,0.0,0.0,0.0,0.0,0.0,0.0,0.0,0.0,0.0,4.999999999999997,4.142857142857146,17.0,3.9743589743589762,9.642857142857142,9.642857142857142,11.666666666666666,11.571428571428575,0.6250000000000018,0.6250000000000018,0.6250000000000018,0.6250000000000018,0.6250000000000018,0.6250000000000018,0.6250000000000018,0.6250000000000018,0.6250000000000018,0.6250000000000018,0.6250000000000018,0.6250000000000018,0.6250000000000018,0.6250000000000018,0.6250000000000018,0.6250000000000018,0.6250000000000018,0.6250000000000018,0.6250000000000018,0.6250000000000018,0.6250000000000018,0.6250000000000018,0.6250000000000018,0.6250000000000018,0.6250000000000018,0.6250000000000018,0.6250000000000018,0.6250000000000018,0.6250000000000018,0.6250000000000018,0.6250000000000018,0.6250000000000018,0.6250000000000018,0.6250000000000018,0.6250000000000018,0.6250000000000018,0.6250000000000018,0.6250000000000018,0.6250000000000018,0.6250000000000018,0.6250000000000018,0.6250000000000018,0.6250000000000018,0.6250000000000018,0.6250000000000018,0.6250000000000018,0.6250000000000018,0.6250000000000018,0.6250000000000018,0.6250000000000018,7.500000000000002,7.500000000000002,10.714285714285715,10.714285714285715,10.714285714285715,10.714285714285715,10.714285714285715,10.714285714285715,10.714285714285715,14.000000000000004,14.000000000000004,14.000000000000004,14.000000000000004,15.769230769230774,15.769230769230774,15.769230769230774,17.63157894736843,2.5000000000000013,2.5000000000000013,2.5000000000000013,2.5000000000000013,2.5000000000000013,2.5000000000000013,2.5000000000000013,2.5000000000000013,2.5000000000000013,2.5000000000000013,2.5000000000000013
19.600000000000005,7.727272727272729,7.727272727272729,9.583333333333337,9.000000000000004,2.499999999999999,0.4999999999999989,0.4999999999999989,0.4999999999999989,0.4999999999999989,0.4999999999999989,6.333333333333334,6.333333333333334,6.333333333333334,9.999999999999996,0.357142857142861,0.357142857142861,0.357142857142861,0.357142857142861,0.357142857142861,0.357142857142861,0.357142857142861,0.357142857142861,0.357142857142861,0.357142857142861,0.357142857142861,0.357142857142861,0.357142857142861,0.357142857142861,0.357142857142861,0.357142857142861,0.357142857142861,0.357142857142861,0.357142857142861,0.357142857142861,0.357142857142861,0.357142857142861,0.357142857142861,0.357142857142861,2.3333333333333353,2.3333333333333353,7.857142857142862,1.2499999999999996,1.2499999999999996,1.2499999999999996,1.2499999999999996,1.2499999999999996,1.2499999999999996,1.2499999999999996,1.2499999999999996,1.2499999999999996,1.2499999999999996,1.2499999999999996,1.2499999999999996,5.000000000000003,8.571428571428573,15.0,15.0,2.3913043478260896,2.3913043478260896,18.63636363636363,9.285714285714286,9.285714285714286,11.90909090909091,0.0,0.0,0.0,0.0,0.0,0.0,0.0,0.0,0.0,0.0,0.0,0.0,0.0,0.0,0.0,0.0,0.0,0.0,0.0,0.0,0.0,0.0,0.0,0.0,0.0,0.0,0.0,0.0,0.0,0.0,0.0,0.0,0.0,0.0,0.0,0.0,0.0,0.0,0.0,0.0,0.0,0.0,0.0,0.0,0.0,0.0,0.0,0.0,0.0,0.0,0.0,0.0,0.0,0.0,0.0,0.0,0.0,0.0,4.999999999999997,4.142857142857146,17.0,3.9743589743589762,9.642857142857142,9.642857142857142,11.666666666666666,11.571428571428575,0.6250000000000018,0.6250000000000018,0.6250000000000018,0.6250000000000018,0.6250000000000018,0.6250000000000018,0.6250000000000018,0.6250000000000018,0.6250000000000018,0.6250000000000018,0.6250000000000018,0.6250000000000018,0.6250000000000018,0.6250000000000018,0.6250000000000018,0.6250000000000018,0.6250000000000018,0.6250000000000018,0.6250000000000018,0.6250000000000018,0.6250000000000018,0.6250000000000018,0.6250000000000018,0.6250000000000018,0.6250000000000018,0.6250000000000018,0.6250000000000018,0.6250000000000018,0.6250000000000018,0.6250000000000018,0.6250000000000018,0.6250000000000018,0.6250000000000018,0.6250000000000018,0.6250000000000018,0.6250000000000018,0.6250000000000018,0.6250000000000018,0.6250000000000018,0.6250000000000018,0.6250000000000018,0.6250000000000018,0.6250000000000018,0.6250000000000018,0.6250000000000018,0.6250000000000018,0.6250000000000018,0.6250000000000018,0.6250000000000018,0.6250000000000018,7.500000000000002,7.500000000000002,10.714285714285715,10.714285714285715,10.714285714285715,10.714285714285715,10.714285714285715,10.714285714285715,10.714285714285715,14.000000000000004,14.000000000000004,14.000000000000004,14.000000000000004,15.769230769230774,15.769230769230774,15.769230769230774,17.63157894736843,2.5000000000000013,2.5000000000000013,2.5000000000000013,2.5000000000000013,2.5000000000000013,2.5000000000000013,2.5000000000000013,2.5000000000000013,2.5000000000000013,2.5000000000000013,2.5000000000000013
19.600000000000005,7.727272727272729,7.727272727272729,9.583333333333337,9.000000000000004,2.499999999999999,0.4999999999999989,0.4999999999999989,0.4999999999999989,0.4999999999999989,0.4999999999999989,6.333333333333334,6.333333333333334,6.333333333333334,9.999999999999996,0.357142857142861,0.357142857142861,0.357142857142861,0.357142857142861,0.357142857142861,0.357142857142861,0.357142857142861,0.357142857142861,0.357142857142861,0.357142857142861,0.357142857142861,0.357142857142861,0.357142857142861,0.357142857142861,0.357142857142861,0.357142857142861,0.357142857142861,0.357142857142861,0.357142857142861,0.357142857142861,0.357142857142861,0.357142857142861,0.357142857142861,0.357142857142861,2.3333333333333353,2.3333333333333353,7.857142857142862,1.2499999999999996,1.2499999999999996,1.2499999999999996,1.2499999999999996,1.2499999999999996,1.2499999999999996,1.2499999999999996,1.2499999999999996,1.2499999999999996,1.2499999999999996,1.2499999999999996,1.2499999999999996,5.000000000000003,8.571428571428573,15.0,15.0,2.3913043478260896,2.3913043478260896,18.63636363636363,9.285714285714286,9.285714285714286,11.90909090909091,0.0,0.0,0.0,0.0,0.0,0.0,0.0,0.0,0.0,0.0,0.0,0.0,0.0,0.0,0.0,0.0,0.0,0.0,0.0,0.0,0.0,0.0,0.0,0.0,0.0,0.0,0.0,0.0,0.0,0.0,0.0,0.0,0.0,0.0,0.0,0.0,0.0,0.0,0.0,0.0,0.0,0.0,0.0,0.0,0.0,0.0,0.0,0.0,0.0,0.0,0.0,0.0,0.0,0.0,0.0,0.0,0.0,0.0,4.999999999999997,4.142857142857146,17.0,3.9743589743589762,9.642857142857142,9.642857142857142,11.666666666666666,11.571428571428575,0.6250000000000018,0.6250000000000018,0.6250000000000018,0.6250000000000018,0.6250000000000018,0.6250000000000018,0.6250000000000018,0.6250000000000018,0.6250000000000018,0.6250000000000018,0.6250000000000018,0.6250000000000018,0.6250000000000018,0.6250000000000018,0.6250000000000018,0.6250000000000018,0.6250000000000018,0.6250000000000018,0.6250000000000018,0.6250000000000018,0.6250000000000018,0.6250000000000018,0.6250000000000018,0.6250000000000018,0.6250000000000018,0.6250000000000018,0.6250000000000018,0.6250000000000018,0.6250000000000018,0.6250000000000018,0.6250000000000018,0.6250000000000018,0.6250000000000018,0.6250000000000018,0.6250000000000018,0.6250000000000018,0.6250000000000018,0.6250000000000018,0.6250000000000018,0.6250000000000018,0.6250000000000018,0.6250000000000018,0.6250000000000018,0.6250000000000018,0.6250000000000018,0.6250000000000018,0.6250000000000018,0.6250000000000018,0.6250000000000018,0.6250000000000018,7.500000000000002,7.500000000000002,10.714285714285715,10.714285714285715,10.714285714285715,10.714285714285715,10.714285714285715,10.714285714285715,10.714285714285715,14.000000000000004,14.000000000000004,14.000000000000004,14.000000000000004,15.769230769230774,15.769230769230774,15.769230769230774,17.63157894736843,2.5000000000000013,2.5000000000000013,2.5000000000000013,2.5000000000000013,2.5000000000000013,2.5000000000000013,2.5000000000000013,2.5000000000000013,2.5000000000000013,2.5000000000000013,2.5000000000000013
19.600000000000005,7.727272727272729,7.727272727272729,9.583333333333337,9.000000000000004,2.499999999999999,0.4999999999999989,0.4999999999999989,0.4999999999999989,0.4999999999999989,0.4999999999999989,6.333333333333334,6.333333333333334,6.333333333333334,9.999999999999996,0.357142857142861,0.357142857142861,0.357142857142861,0.357142857142861,0.357142857142861,0.357142857142861,0.357142857142861,0.357142857142861,0.357142857142861,0.357142857142861,0.357142857142861,0.357142857142861,0.357142857142861,0.357142857142861,0.357142857142861,0.357142857142861,0.357142857142861,0.357142857142861,0.357142857142861,0.357142857142861,0.357142857142861,0.357142857142861,0.357142857142861,0.357142857142861,2.3333333333333353,2.3333333333333353,7.857142857142862,1.2499999999999996,1.2499999999999996,1.2499999999999996,1.2499999999999996,1.2499999999999996,1.2499999999999996,1.2499999999999996,1.2499999999999996,1.2499999999999996,1.2499999999999996,1.2499999999999996,1.2499999999999996,5.000000000000003,8.571428571428573,15.0,15.0,2.3913043478260896,2.3913043478260896,18.63636363636363,9.285714285714286,9.285714285714286,11.90909090909091,0.0,0.0,0.0,0.0,0.0,0.0,0.0,0.0,0.0,0.0,0.0,0.0,0.0,0.0,0.0,0.0,0.0,0.0,0.0,0.0,0.0,0.0,0.0,0.0,0.0,0.0,0.0,0.0,0.0,0.0,0.0,0.0,0.0,0.0,0.0,0.0,0.0,0.0,0.0,0.0,0.0,0.0,0.0,0.0,0.0,0.0,0.0,0.0,0.0,0.0,0.0,0.0,0.0,0.0,0.0,0.0,0.0,0.0,4.999999999999997,4.142857142857146,17.0,3.9743589743589762,9.642857142857142,9.642857142857142,11.666666666666666,11.571428571428575,0.6250000000000018,0.6250000000000018,0.6250000000000018,0.6250000000000018,0.6250000000000018,0.6250000000000018,0.6250000000000018,0.6250000000000018,0.6250000000000018,0.6250000000000018,0.6250000000000018,0.6250000000000018,0.6250000000000018,0.6250000000000018,0.6250000000000018,0.6250000000000018,0.6250000000000018,0.6250000000000018,0.6250000000000018,0.6250000000000018,0.6250000000000018,0.6250000000000018,0.6250000000000018,0.6250000000000018,0.6250000000000018,0.6250000000000018,0.6250000000000018,0.6250000000000018,0.6250000000000018,0.6250000000000018,0.6250000000000018,0.6250000000000018,0.6250000000000018,0.6250000000000018,0.6250000000000018,0.6250000000000018,0.6250000000000018,0.6250000000000018,0.6250000000000018,0.6250000000000018,0.6250000000000018,0.6250000000000018,0.6250000000000018,0.6250000000000018,0.6250000000000018,0.6250000000000018,0.6250000000000018,0.6250000000000018,0.6250000000000018,0.6250000000000018,7.500000000000002,7.500000000000002,10.714285714285715,10.714285714285715,10.714285714285715,10.714285714285715,10.714285714285715,10.714285714285715,10.714285714285715,14.000000000000004,14.000000000000004,14.000000000000004,14.000000000000004,15.769230769230774,15.769230769230774,15.769230769230774,17.63157894736843,2.5000000000000013,2.5000000000000013,2.5000000000000013,2.5000000000000013,2.5000000000000013,2.5000000000000013,2.5000000000000013,2.5000000000000013,2.5000000000000013,2.5000000000000013,2.5000000000000013
19.600000000000005,7.727272727272729,7.727272727272729,9.583333333333337,9.000000000000004,2.499999999999999,0.4999999999999989,0.4999999999999989,0.4999999999999989,0.4999999999999989,0.4999999999999989,6.333333333333334,6.333333333333334,6.333333333333334,9.999999999999996,0.357142857142861,0.357142857142861,0.357142857142861,0.357142857142861,0.357142857142861,0.357142857142861,0.357142857142861,0.357142857142861,0.357142857142861,0.357142857142861,0.357142857142861,0.357142857142861,0.357142857142861,0.357142857142861,0.357142857142861,0.357142857142861,0.357142857142861,0.357142857142861,0.357142857142861,0.357142857142861,0.357142857142861,0.357142857142861,0.357142857142861,0.357142857142861,2.3333333333333353,2.3333333333333353,7.857142857142862,1.2499999999999996,1.2499999999999996,1.2499999999999996,1.2499999999999996,1.2499999999999996,1.2499999999999996,1.2499999999999996,1.2499999999999996,1.2499999999999996,1.2499999999999996,1.2499999999999996,1.2499999999999996,5.000000000000003,8.571428571428573,15.0,15.0,2.3913043478260896,2.3913043478260896,18.63636363636363,9.285714285714286,9.285714285714286,11.90909090909091,0.0,0.0,0.0,0.0,0.0,0.0,0.0,0.0,0.0,0.0,0.0,0.0,0.0,0.0,0.0,0.0,0.0,0.0,0.0,0.0,0.0,0.0,0.0,0.0,0.0,0.0,0.0,0.0,0.0,0.0,0.0,0.0,0.0,0.0,0.0,0.0,0.0,0.0,0.0,0.0,0.0,0.0,0.0,0.0,0.0,0.0,0.0,0.0,0.0,0.0,0.0,0.0,0.0,0.0,0.0,0.0,0.0,0.0,4.999999999999997,4.142857142857146,17.0,3.9743589743589762,9.642857142857142,9.642857142857142,11.666666666666666,11.571428571428575,0.6250000000000018,0.6250000000000018,0.6250000000000018,0.6250000000000018,0.6250000000000018,0.6250000000000018,0.6250000000000018,0.6250000000000018,0.6250000000000018,0.6250000000000018,0.6250000000000018,0.6250000000000018,0.6250000000000018,0.6250000000000018,0.6250000000000018,0.6250000000000018,0.6250000000000018,0.6250000000000018,0.6250000000000018,0.6250000000000018,0.6250000000000018,0.6250000000000018,0.6250000000000018,0.6250000000000018,0.6250000000000018,0.6250000000000018,0.6250000000000018,0.6250000000000018,0.6250000000000018,0.6250000000000018,0.6250000000000018,0.6250000000000018,0.6250000000000018,0.6250000000000018,0.6250000000000018,0.6250000000000018,0.6250000000000018,0.6250000000000018,0.6250000000000018,0.6250000000000018,0.6250000000000018,0.6250000000000018,0.6250000000000018,0.6250000000000018,0.6250000000000018,0.6250000000000018,0.6250000000000018,0.6250000000000018,0.6250000000000018,0.6250000000000018,7.500000000000002,7.500000000000002,10.714285714285715,10.714285714285715,10.714285714285715,10.714285714285715,10.714285714285715,10.714285714285715,10.714285714285715,14.000000000000004,14.000000000000004,14.000000000000004,14.000000000000004,15.769230769230774,15.769230769230774,15.769230769230774,17.63157894736843,2.5000000000000013,2.5000000000000013,2.5000000000000013,2.5000000000000013,2.5000000000000013,2.5000000000000013,2.5000000000000013,2.5000000000000013,2.5000000000000013,2.5000000000000013,2.5000000000000013
19.600000000000005,7.727272727272729,7.727272727272729,9.583333333333337,9.000000000000004,2.499999999999999,0.4999999999999989,0.4999999999999989,0.4999999999999989,0.4999999999999989,0.4999999999999989,6.333333333333334,6.333333333333334,6.333333333333334,9.999999999999996,0.357142857142861,0.357142857142861,0.357142857142861,0.357142857142861,0.357142857142861,0.357142857142861,0.357142857142861,0.357142857142861,0.357142857142861,0.357142857142861,0.357142857142861,0.357142857142861,0.357142857142861,0.357142857142861,0.357142857142861,0.357142857142861,0.357142857142861,0.357142857142861,0.357142857142861,0.357142857142861,0.357142857142861,0.357142857142861,0.357142857142861,0.357142857142861,2.3333333333333353,2.3333333333333353,7.857142857142862,1.2499999999999996,1.2499999999999996,1.2499999999999996,1.2499999999999996,1.2499999999999996,1.2499999999999996,1.2499999999999996,1.2499999999999996,1.2499999999999996,1.2499999999999996,1.2499999999999996,1.2499999999999996,5.000000000000003,8.571428571428573,15.0,15.0,2.3913043478260896,2.3913043478260896,18.63636363636363,9.285714285714286,9.285714285714286,11.90909090909091,0.0,0.0,0.0,0.0,0.0,0.0,0.0,0.0,0.0,0.0,0.0,0.0,0.0,0.0,0.0,0.0,0.0,0.0,0.0,0.0,0.0,0.0,0.0,0.0,0.0,0.0,0.0,0.0,0.0,0.0,0.0,0.0,0.0,0.0,0.0,0.0,0.0,0.0,0.0,0.0,0.0,0.0,0.0,0.0,0.0,0.0,0.0,0.0,0.0,0.0,0.0,0.0,0.0,0.0,0.0,0.0,0.0,0.0,4.999999999999997,4.142857142857146,17.0,3.9743589743589762,9.642857142857142,9.642857142857142,11.666666666666666,11.571428571428575,0.6250000000000018,0.6250000000000018,0.6250000000000018,0.6250000000000018,0.6250000000000018,0.6250000000000018,0.6250000000000018,0.6250000000000018,0.6250000000000018,0.6250000000000018,0.6250000000000018,0.6250000000000018,0.6250000000000018,0.6250000000000018,0.6250000000000018,0.6250000000000018,0.6250000000000018,0.6250000000000018,0.6250000000000018,0.6250000000000018,0.6250000000000018,0.6250000000000018,0.6250000000000018,0.6250000000000018,0.6250000000000018,0.6250000000000018,0.6250000000000018,0.6250000000000018,0.6250000000000018,0.6250000000000018,0.6250000000000018,0.6250000000000018,0.6250000000000018,0.6250000000000018,0.6250000000000018,0.6250000000000018,0.6250000000000018,0.6250000000000018,0.6250000000000018,0.6250000000000018,0.6250000000000018,0.6250000000000018,0.6250000000000018,0.6250000000000018,0.6250000000000018,0.6250000000000018,0.6250000000000018,0.6250000000000018,0.6250000000000018,0.6250000000000018,7.500000000000002,7.500000000000002,10.714285714285715,10.714285714285715,10.714285714285715,10.714285714285715,10.714285714285715,10.714285714285715,10.714285714285715,14.000000000000004,14.000000000000004,14.000000000000004,14.000000000000004,15.769230769230774,15.769230769230774,15.769230769230774,17.63157894736843,2.5000000000000013,2.5000000000000013,2.5000000000000013,2.5000000000000013,2.5000000000000013,2.5000000000000013,2.5000000000000013,2.5000000000000013,2.5000000000000013,2.5000000000000013,2.5000000000000013
19.600000000000005,7.727272727272729,7.727272727272729,9.583333333333337,9.000000000000004,2.499999999999999,0.4999999999999989,0.4999999999999989,0.4999999999999989,0.4999999999999989,0.4999999999999989,6.333333333333334,6.333333333333334,6.333333333333334,9.999999999999996,0.357142857142861,0.357142857142861,0.357142857142861,0.357142857142861,0.357142857142861,0.357142857142861,0.357142857142861,0.357142857142861,0.357142857142861,0.357142857142861,0.357142857142861,0.357142857142861,0.357142857142861,0.357142857142861,0.357142857142861,0.357142857142861,0.357142857142861,0.357142857142861,0.357142857142861,0.357142857142861,0.357142857142861,0.357142857142861,0.357142857142861,0.357142857142861,2.3333333333333353,2.3333333333333353,7.857142857142862,1.2499999999999996,1.2499999999999996,1.2499999999999996,1.2499999999999996,1.2499999999999996,1.2499999999999996,1.2499999999999996,1.2499999999999996,1.2499999999999996,1.2499999999999996,1.2499999999999996,1.2499999999999996,5.000000000000003,8.571428571428573,15.0,15.0,2.3913043478260896,2.3913043478260896,18.63636363636363,9.285714285714286,9.285714285714286,11.90909090909091,0.0,0.0,0.0,0.0,0.0,0.0,0.0,0.0,0.0,0.0,0.0,0.0,0.0,0.0,0.0,0.0,0.0,0.0,0.0,0.0,0.0,0.0,0.0,0.0,0.0,0.0,0.0,0.0,0.0,0.0,0.0,0.0,0.0,0.0,0.0,0.0,0.0,0.0,0.0,0.0,0.0,0.0,0.0,0.0,0.0,0.0,0.0,0.0,0.0,0.0,0.0,0.0,0.0,0.0,0.0,0.0,0.0,0.0,4.999999999999997,4.142857142857146,17.0,3.9743589743589762,9.642857142857142,9.642857142857142,11.666666666666666,11.571428571428575,0.6250000000000018,0.6250000000000018,0.6250000000000018,0.6250000000000018,0.6250000000000018,0.6250000000000018,0.6250000000000018,0.6250000000000018,0.6250000000000018,0.6250000000000018,0.6250000000000018,0.6250000000000018,0.6250000000000018,0.6250000000000018,0.6250000000000018,0.6250000000000018,0.6250000000000018,0.6250000000000018,0.6250000000000018,0.6250000000000018,0.6250000000000018,0.6250000000000018,0.6250000000000018,0.6250000000000018,0.6250000000000018,0.6250000000000018,0.6250000000000018,0.6250000000000018,0.6250000000000018,0.6250000000000018,0.6250000000000018,0.6250000000000018,0.6250000000000018,0.6250000000000018,0.6250000000000018,0.6250000000000018,0.6250000000000018,0.6250000000000018,0.6250000000000018,0.6250000000000018,0.6250000000000018,0.6250000000000018,0.6250000000000018,0.6250000000000018,0.6250000000000018,0.6250000000000018,0.6250000000000018,0.6250000000000018,0.6250000000000018,0.6250000000000018,7.500000000000002,7.500000000000002,10.714285714285715,10.714285714285715,10.714285714285715,10.714285714285715,10.714285714285715,10.714285714285715,10.714285714285715,14.000000000000004,14.000000000000004,14.000000000000004,14.000000000000004,15.769230769230774,15.769230769230774,15.769230769230774,17.63157894736843,2.5000000000000013,2.5000000000000013,2.5000000000000013,2.5000000000000013,2.5000000000000013,2.5000000000000013,2.5000000000000013,2.5000000000000013,2.5000000000000013,2.5000000000000013,2.5000000000000013
19.600000000000005,7.727272727272729,7.727272727272729,9.583333333333337,9.000000000000004,2.499999999999999,0.4999999999999989,0.4999999999999989,0.4999999999999989,0.4999999999999989,0.4999999999999989,6.333333333333334,6.333333333333334,6.333333333333334,9.999999999999996,0.357142857142861,0.357142857142861,0.357142857142861,0.357142857142861,0.357142857142861,0.357142857142861,0.357142857142861,0.357142857142861,0.357142857142861,0.357142857142861,0.357142857142861,0.357142857142861,0.357142857142861,0.357142857142861,0.357142857142861,0.357142857142861,0.357142857142861,0.357142857142861,0.357142857142861,0.357142857142861,0.357142857142861,0.357142857142861,0.357142857142861,0.357142857142861,2.3333333333333353,2.3333333333333353,7.857142857142862,1.2499999999999996,1.2499999999999996,1.2499999999999996,1.2499999999999996,1.2499999999999996,1.2499999999999996,1.2499999999999996,1.2499999999999996,1.2499999999999996,1.2499999999999996,1.2499999999999996,1.2499999999999996,5.000000000000003,8.571428571428573,15.0,15.0,2.3913043478260896,2.3913043478260896,18.63636363636363,9.285714285714286,9.285714285714286,11.90909090909091,0.0,0.0,0.0,0.0,0.0,0.0,0.0,0.0,0.0,0.0,0.0,0.0,0.0,0.0,0.0,0.0,0.0,0.0,0.0,0.0,0.0,0.0,0.0,0.0,0.0,0.0,0.0,0.0,0.0,0.0,0.0,0.0,0.0,0.0,0.0,0.0,0.0,0.0,0.0,0.0,0.0,0.0,0.0,0.0,0.0,0.0,0.0,0.0,0.0,0.0,0.0,0.0,0.0,0.0,0.0,0.0,0.0,0.0,4.999999999999997,4.142857142857146,17.0,3.9743589743589762,9.642857142857142,9.642857142857142,11.666666666666666,11.571428571428575,0.6250000000000018,0.6250000000000018,0.6250000000000018,0.6250000000000018,0.6250000000000018,0.6250000000000018,0.6250000000000018,0.6250000000000018,0.6250000000000018,0.6250000000000018,0.6250000000000018,0.6250000000000018,0.6250000000000018,0.6250000000000018,0.6250000000000018,0.6250000000000018,0.6250000000000018,0.6250000000000018,0.6250000000000018,0.6250000000000018,0.6250000000000018,0.6250000000000018,0.6250000000000018,0.6250000000000018,0.6250000000000018,0.6250000000000018,0.6250000000000018,0.6250000000000018,0.6250000000000018,0.6250000000000018,0.6250000000000018,0.6250000000000018,0.6250000000000018,0.6250000000000018,0.6250000000000018,0.6250000000000018,0.6250000000000018,0.6250000000000018,0.6250000000000018,0.6250000000000018,0.6250000000000018,0.6250000000000018,0.6250000000000018,0.6250000000000018,0.6250000000000018,0.6250000000000018,0.6250000000000018,0.6250000000000018,0.6250000000000018,0.6250000000000018,7.500000000000002,7.500000000000002,10.714285714285715,10.714285714285715,10.714285714285715,10.714285714285715,10.714285714285715,10.714285714285715,10.714285714285715,14.000000000000004,14.000000000000004,14.000000000000004,14.000000000000004,15.769230769230774,15.769230769230774,15.769230769230774,17.63157894736843,2.5000000000000013,2.5000000000000013,2.5000000000000013,2.5000000000000013,2.5000000000000013,2.5000000000000013,2.5000000000000013,2.5000000000000013,2.5000000000000013,2.5000000000000013,2.5000000000000013
19.600000000000005,7.727272727272729,7.727272727272729,9.583333333333337,9.000000000000004,2.499999999999999,0.4999999999999989,0.4999999999999989,0.4999999999999989,0.4999999999999989,0.4999999999999989,6.333333333333334,6.333333333333334,6.333333333333334,9.999999999999996,0.357142857142861,0.357142857142861,0.357142857142861,0.357142857142861,0.357142857142861,0.357142857142861,0.357142857142861,0.357142857142861,0.357142857142861,0.357142857142861,0.357142857142861,0.357142857142861,0.357142857142861,0.357142857142861,0.357142857142861,0.357142857142861,0.357142857142861,0.357142857142861,0.357142857142861,0.357142857142861,0.357142857142861,0.357142857142861,0.357142857142861,0.357142857142861,2.3333333333333353,2.3333333333333353,7.857142857142862,1.2499999999999996,1.2499999999999996,1.2499999999999996,1.2499999999999996,1.2499999999999996,1.2499999999999996,1.2499999999999996,1.2499999999999996,1.2499999999999996,1.2499999999999996,1.2499999999999996,1.2499999999999996,5.000000000000003,8.571428571428573,15.0,15.0,2.3913043478260896,2.3913043478260896,18.63636363636363,9.285714285714286,9.285714285714286,11.90909090909091,0.0,0.0,0.0,0.0,0.0,0.0,0.0,0.0,0.0,0.0,0.0,0.0,0.0,0.0,0.0,0.0,0.0,0.0,0.0,0.0,0.0,0.0,0.0,0.0,0.0,0.0,0.0,0.0,0.0,0.0,0.0,0.0,0.0,0.0,0.0,0.0,0.0,0.0,0.0,0.0,0.0,0.0,0.0,0.0,0.0,0.0,0.0,0.0,0.0,0.0,0.0,0.0,0.0,0.0,0.0,0.0,0.0,0.0,4.999999999999997,4.142857142857146,17.0,3.9743589743589762,9.642857142857142,9.642857142857142,11.666666666666666,11.571428571428575,0.6250000000000018,0.6250000000000018,0.6250000000000018,0.6250000000000018,0.6250000000000018,0.6250000000000018,0.6250000000000018,0.6250000000000018,0.6250000000000018,0.6250000000000018,0.6250000000000018,0.6250000000000018,0.6250000000000018,0.6250000000000018,0.6250000000000018,0.6250000000000018,0.6250000000000018,0.6250000000000018,0.6250000000000018,0.6250000000000018,0.6250000000000018,0.6250000000000018,0.6250000000000018,0.6250000000000018,0.6250000000000018,0.6250000000000018,0.6250000000000018,0.6250000000000018,0.6250000000000018,0.6250000000000018,0.6250000000000018,0.6250000000000018,0.6250000000000018,0.6250000000000018,0.6250000000000018,0.6250000000000018,0.6250000000000018,0.6250000000000018,0.6250000000000018,0.6250000000000018,0.6250000000000018,0.6250000000000018,0.6250000000000018,0.6250000000000018,0.6250000000000018,0.6250000000000018,0.6250000000000018,0.6250000000000018,0.6250000000000018,0.6250000000000018,7.500000000000002,7.500000000000002,10.714285714285715,10.714285714285715,10.714285714285715,10.714285714285715,10.714285714285715,10.714285714285715,10.714285714285715,14.000000000000004,14.000000000000004,14.000000000000004,14.000000000000004,15.769230769230774,15.769230769230774,15.769230769230774,17.63157894736843,2.5000000000000013,2.5000000000000013,2.5000000000000013,2.5000000000000013,2.5000000000000013,2.5000000000000013,2.5000000000000013,2.5000000000000013,2.5000000000000013,2.5000000000000013,2.5000000000000013
19.600000000000005,7.727272727272729,7.727272727272729,9.583333333333337,9.000000000000004,2.499999999999999,0.4999999999999989,0.4999999999999989,0.4999999999999989,0.4999999999999989,0.4999999999999989,6.333333333333334,6.333333333333334,6.333333333333334,9.999999999999996,0.357142857142861,0.357142857142861,0.357142857142861,0.357142857142861,0.357142857142861,0.357142857142861,0.357142857142861,0.357142857142861,0.357142857142861,0.357142857142861,0.357142857142861,0.357142857142861,0.357142857142861,0.357142857142861,0.357142857142861,0.357142857142861,0.357142857142861,0.357142857142861,0.357142857142861,0.357142857142861,0.357142857142861,0.357142857142861,0.357142857142861,0.357142857142861,2.3333333333333353,2.3333333333333353,7.857142857142862,1.2499999999999996,1.2499999999999996,1.2499999999999996,1.2499999999999996,1.2499999999999996,1.2499999999999996,1.2499999999999996,1.2499999999999996,1.2499999999999996,1.2499999999999996,1.2499999999999996,1.2499999999999996,5.000000000000003,8.571428571428573,15.0,15.0,2.3913043478260896,2.3913043478260896,18.63636363636363,9.285714285714286,9.285714285714286,11.90909090909091,0.0,0.0,0.0,0.0,0.0,0.0,0.0,0.0,0.0,0.0,0.0,0.0,0.0,0.0,0.0,0.0,0.0,0.0,0.0,0.0,0.0,0.0,0.0,0.0,0.0,0.0,0.0,0.0,0.0,0.0,0.0,0.0,0.0,0.0,0.0,0.0,0.0,0.0,0.0,0.0,0.0,0.0,0.0,0.0,0.0,0.0,0.0,0.0,0.0,0.0,0.0,0.0,0.0,0.0,0.0,0.0,0.0,0.0,4.999999999999997,4.142857142857146,17.0,3.9743589743589762,9.642857142857142,9.642857142857142,11.666666666666666,11.571428571428575,0.6250000000000018,0.6250000000000018,0.6250000000000018,0.6250000000000018,0.6250000000000018,0.6250000000000018,0.6250000000000018,0.6250000000000018,0.6250000000000018,0.6250000000000018,0.6250000000000018,0.6250000000000018,0.6250000000000018,0.6250000000000018,0.6250000000000018,0.6250000000000018,0.6250000000000018,0.6250000000000018,0.6250000000000018,0.6250000000000018,0.6250000000000018,0.6250000000000018,0.6250000000000018,0.6250000000000018,0.6250000000000018,0.6250000000000018,0.6250000000000018,0.6250000000000018,0.6250000000000018,0.6250000000000018,0.6250000000000018,0.6250000000000018,0.6250000000000018,0.6250000000000018,0.6250000000000018,0.6250000000000018,0.6250000000000018,0.6250000000000018,0.6250000000000018,0.6250000000000018,0.6250000000000018,0.6250000000000018,0.6250000000000018,0.6250000000000018,0.6250000000000018,0.6250000000000018,0.6250000000000018,0.6250000000000018,0.6250000000000018,0.6250000000000018,7.500000000000002,7.500000000000002,10.714285714285715,10.714285714285715,10.714285714285715,10.714285714285715,10.714285714285715,10.714285714285715,10.714285714285715,14.000000000000004,14.000000000000004,14.000000000000004,14.000000000000004,15.769230769230774,15.769230769230774,15.769230769230774,17.63157894736843,2.5000000000000013,2.5000000000000013,2.5000000000000013,2.5000000000000013,2.5000000000000013,2.5000000000000013,2.5000000000000013,2.5000000000000013,2.5000000000000013,2.5000000000000013,2.5000000000000013
19.600000000000005,7.727272727272729,7.727272727272729,9.583333333333337,9.000000000000004,2.499999999999999,0.4999999999999989,0.4999999999999989,0.4999999999999989,0.4999999999999989,0.4999999999999989,6.333333333333334,6.333333333333334,6.333333333333334,9.999999999999996,0.357142857142861,0.357142857142861,0.357142857142861,0.357142857142861,0.357142857142861,0.357142857142861,0.357142857142861,0.357142857142861,0.357142857142861,0.357142857142861,0.357142857142861,0.357142857142861,0.357142857142861,0.357142857142861,0.357142857142861,0.357142857142861,0.357142857142861,0.357142857142861,0.357142857142861,0.357142857142861,0.357142857142861,0.357142857142861,0.357142857142861,0.357142857142861,2.3333333333333353,2.3333333333333353,7.857142857142862,1.2499999999999996,1.2499999999999996,1.2499999999999996,1.2499999999999996,1.2499999999999996,1.2499999999999996,1.2499999999999996,1.2499999999999996,1.2499999999999996,1.2499999999999996,1.2499999999999996,1.2499999999999996,5.000000000000003,8.571428571428573,15.0,15.0,2.3913043478260896,2.3913043478260896,18.63636363636363,9.285714285714286,9.285714285714286,11.90909090909091,0.0,0.0,0.0,0.0,0.0,0.0,0.0,0.0,0.0,0.0,0.0,0.0,0.0,0.0,0.0,0.0,0.0,0.0,0.0,0.0,0.0,0.0,0.0,0.0,0.0,0.0,0.0,0.0,0.0,0.0,0.0,0.0,0.0,0.0,0.0,0.0,0.0,0.0,0.0,0.0,0.0,0.0,0.0,0.0,0.0,0.0,0.0,0.0,0.0,0.0,0.0,0.0,0.0,0.0,0.0,0.0,0.0,0.0,4.999999999999997,4.142857142857146,17.0,3.9743589743589762,9.642857142857142,9.642857142857142,11.666666666666666,11.571428571428575,0.6250000000000018,0.6250000000000018,0.6250000000000018,0.6250000000000018,0.6250000000000018,0.6250000000000018,0.6250000000000018,0.6250000000000018,0.6250000000000018,0.6250000000000018,0.6250000000000018,0.6250000000000018,0.6250000000000018,0.6250000000000018,0.6250000000000018,0.6250000000000018,0.6250000000000018,0.6250000000000018,0.6250000000000018,0.6250000000000018,0.6250000000000018,0.6250000000000018,0.6250000000000018,0.6250000000000018,0.6250000000000018,0.6250000000000018,0.6250000000000018,0.6250000000000018,0.6250000000000018,0.6250000000000018,0.6250000000000018,0.6250000000000018,0.6250000000000018,0.6250000000000018,0.6250000000000018,0.6250000000000018,0.6250000000000018,0.6250000000000018,0.6250000000000018,0.6250000000000018,0.6250000000000018,0.6250000000000018,0.6250000000000018,0.6250000000000018,0.6250000000000018,0.6250000000000018,0.6250000000000018,0.6250000000000018,0.6250000000000018,0.6250000000000018,7.500000000000002,7.500000000000002,10.714285714285715,10.714285714285715,10.714285714285715,10.714285714285715,10.714285714285715,10.714285714285715,10.714285714285715,14.000000000000004,14.000000000000004,14.000000000000004,14.000000000000004,15.769230769230774,15.769230769230774,15.769230769230774,17.63157894736843,2.5000000000000013,2.5000000000000013,2.5000000000000013,2.5000000000000013,2.5000000000000013,2.5000000000000013,2.5000000000000013,2.5000000000000013,2.5000000000000013,2.5000000000000013,2.5000000000000013
19.600000000000005,7.727272727272729,7.727272727272729,9.583333333333337,9.000000000000004,2.499999999999999,0.4999999999999989,0.4999999999999989,0.4999999999999989,0.4999999999999989,0.4999999999999989,6.333333333333334,6.333333333333334,6.333333333333334,9.999999999999996,0.357142857142861,0.357142857142861,0.357142857142861,0.357142857142861,0.357142857142861,0.357142857142861,0.357142857142861,0.357142857142861,0.357142857142861,0.357142857142861,0.357142857142861,0.357142857142861,0.357142857142861,0.357142857142861,0.357142857142861,0.357142857142861,0.357142857142861,0.357142857142861,0.357142857142861,0.357142857142861,0.357142857142861,0.357142857142861,0.357142857142861,0.357142857142861,2.3333333333333353,2.3333333333333353,7.857142857142862,1.2499999999999996,1.2499999999999996,1.2499999999999996,1.2499999999999996,1.2499999999999996,1.2499999999999996,1.2499999999999996,1.2499999999999996,1.2499999999999996,1.2499999999999996,1.2499999999999996,1.2499999999999996,5.000000000000003,8.571428571428573,15.0,15.0,2.3913043478260896,2.3913043478260896,18.63636363636363,9.285714285714286,9.285714285714286,11.90909090909091,0.0,0.0,0.0,0.0,0.0,0.0,0.0,0.0,0.0,0.0,0.0,0.0,0.0,0.0,0.0,0.0,0.0,0.0,0.0,0.0,0.0,0.0,0.0,0.0,0.0,0.0,0.0,0.0,0.0,0.0,0.0,0.0,0.0,0.0,0.0,0.0,0.0,0.0,0.0,0.0,0.0,0.0,0.0,0.0,0.0,0.0,0.0,0.0,0.0,0.0,0.0,0.0,0.0,0.0,0.0,0.0,0.0,0.0,4.999999999999997,4.142857142857146,17.0,3.9743589743589762,9.642857142857142,9.642857142857142,11.666666666666666,11.571428571428575,0.6250000000000018,0.6250000000000018,0.6250000000000018,0.6250000000000018,0.6250000000000018,0.6250000000000018,0.6250000000000018,0.6250000000000018,0.6250000000000018,0.6250000000000018,0.6250000000000018,0.6250000000000018,0.6250000000000018,0.6250000000000018,0.6250000000000018,0.6250000000000018,0.6250000000000018,0.6250000000000018,0.6250000000000018,0.6250000000000018,0.6250000000000018,0.6250000000000018,0.6250000000000018,0.6250000000000018,0.6250000000000018,0.6250000000000018,0.6250000000000018,0.6250000000000018,0.6250000000000018,0.6250000000000018,0.6250000000000018,0.6250000000000018,0.6250000000000018,0.6250000000000018,0.6250000000000018,0.6250000000000018,0.6250000000000018,0.6250000000000018,0.6250000000000018,0.6250000000000018,0.6250000000000018,0.6250000000000018,0.6250000000000018,0.6250000000000018,0.6250000000000018,0.6250000000000018,0.6250000000000018,0.6250000000000018,0.6250000000000018,0.6250000000000018,7.500000000000002,7.500000000000002,10.714285714285715,10.714285714285715,10.714285714285715,10.714285714285715,10.714285714285715,10.714285714285715,10.714285714285715,14.000000000000004,14.000000000000004,14.000000000000004,14.000000000000004,15.769230769230774,15.769230769230774,15.769230769230774,17.63157894736843,2.5000000000000013,2.5000000000000013,2.5000000000000013,2.5000000000000013,2.5000000000000013,2.5000000000000013,2.5000000000000013,2.5000000000000013,2.5000000000000013,2.5000000000000013,2.5000000000000013
19.600000000000005,7.727272727272729,7.727272727272729,9.583333333333337,9.000000000000004,2.499999999999999,0.4999999999999989,0.4999999999999989,0.4999999999999989,0.4999999999999989,0.4999999999999989,6.333333333333334,6.333333333333334,6.333333333333334,9.999999999999996,0.357142857142861,0.357142857142861,0.357142857142861,0.357142857142861,0.357142857142861,0.357142857142861,0.357142857142861,0.357142857142861,0.357142857142861,0.357142857142861,0.357142857142861,0.357142857142861,0.357142857142861,0.357142857142861,0.357142857142861,0.357142857142861,0.357142857142861,0.357142857142861,0.357142857142861,0.357142857142861,0.357142857142861,0.357142857142861,0.357142857142861,0.357142857142861,2.3333333333333353,2.3333333333333353,7.857142857142862,1.2499999999999996,1.2499999999999996,1.2499999999999996,1.2499999999999996,1.2499999999999996,1.2499999999999996,1.2499999999999996,1.2499999999999996,1.2499999999999996,1.2499999999999996,1.2499999999999996,1.2499999999999996,5.000000000000003,8.571428571428573,15.0,15.0,2.3913043478260896,2.3913043478260896,18.63636363636363,9.285714285714286,9.285714285714286,11.90909090909091,0.0,0.0,0.0,0.0,0.0,0.0,0.0,0.0,0.0,0.0,0.0,0.0,0.0,0.0,0.0,0.0,0.0,0.0,0.0,0.0,0.0,0.0,0.0,0.0,0.0,0.0,0.0,0.0,0.0,0.0,0.0,0.0,0.0,0.0,0.0,0.0,0.0,0.0,0.0,0.0,0.0,0.0,0.0,0.0,0.0,0.0,0.0,0.0,0.0,0.0,0.0,0.0,0.0,0.0,0.0,0.0,0.0,0.0,4.999999999999997,4.142857142857146,17.0,3.9743589743589762,9.642857142857142,9.642857142857142,11.666666666666666,11.571428571428575,0.6250000000000018,0.6250000000000018,0.6250000000000018,0.6250000000000018,0.6250000000000018,0.6250000000000018,0.6250000000000018,0.6250000000000018,0.6250000000000018,0.6250000000000018,0.6250000000000018,0.6250000000000018,0.6250000000000018,0.6250000000000018,0.6250000000000018,0.6250000000000018,0.6250000000000018,0.6250000000000018,0.6250000000000018,0.6250000000000018,0.6250000000000018,0.6250000000000018,0.6250000000000018,0.6250000000000018,0.6250000000000018,0.6250000000000018,0.6250000000000018,0.6250000000000018,0.6250000000000018,0.6250000000000018,0.6250000000000018,0.6250000000000018,0.6250000000000018,0.6250000000000018,0.6250000000000018,0.6250000000000018,0.6250000000000018,0.6250000000000018,0.6250000000000018,0.6250000000000018,0.6250000000000018,0.6250000000000018,0.6250000000000018,0.6250000000000018,0.6250000000000018,0.6250000000000018,0.6250000000000018,0.6250000000000018,0.6250000000000018,0.6250000000000018,7.500000000000002,7.500000000000002,10.714285714285715,10.714285714285715,10.714285714285715,10.714285714285715,10.714285714285715,10.714285714285715,10.714285714285715,14.000000000000004,14.000000000000004,14.000000000000004,14.000000000000004,15.769230769230774,15.769230769230774,15.769230769230774,17.63157894736843,2.5000000000000013,2.5000000000000013,2.5000000000000013,2.5000000000000013,2.5000000000000013,2.5000000000000013,2.5000000000000013,2.5000000000000013,2.5000000000000013,2.5000000000000013,2.5000000000000013
19.600000000000005,7.727272727272729,7.727272727272729,9.583333333333337,9.000000000000004,2.499999999999999,0.4999999999999989,0.4999999999999989,0.4999999999999989,0.4999999999999989,0.4999999999999989,6.333333333333334,6.333333333333334,6.333333333333334,9.999999999999996,0.357142857142861,0.357142857142861,0.357142857142861,0.357142857142861,0.357142857142861,0.357142857142861,0.357142857142861,0.357142857142861,0.357142857142861,0.357142857142861,0.357142857142861,0.357142857142861,0.357142857142861,0.357142857142861,0.357142857142861,0.357142857142861,0.357142857142861,0.357142857142861,0.357142857142861,0.357142857142861,0.357142857142861,0.357142857142861,0.357142857142861,0.357142857142861,2.3333333333333353,2.3333333333333353,7.857142857142862,1.2499999999999996,1.2499999999999996,1.2499999999999996,1.2499999999999996,1.2499999999999996,1.2499999999999996,1.2499999999999996,1.2499999999999996,1.2499999999999996,1.2499999999999996,1.2499999999999996,1.2499999999999996,5.000000000000003,8.571428571428573,15.0,15.0,2.3913043478260896,2.3913043478260896,18.63636363636363,9.285714285714286,9.285714285714286,11.90909090909091,0.0,0.0,0.0,0.0,0.0,0.0,0.0,0.0,0.0,0.0,0.0,0.0,0.0,0.0,0.0,0.0,0.0,0.0,0.0,0.0,0.0,0.0,0.0,0.0,0.0,0.0,0.0,0.0,0.0,0.0,0.0,0.0,0.0,0.0,0.0,0.0,0.0,0.0,0.0,0.0,0.0,0.0,0.0,0.0,0.0,0.0,0.0,0.0,0.0,0.0,0.0,0.0,0.0,0.0,0.0,0.0,0.0,0.0,4.999999999999997,4.142857142857146,17.0,3.9743589743589762,9.642857142857142,9.642857142857142,11.666666666666666,11.571428571428575,0.6250000000000018,0.6250000000000018,0.6250000000000018,0.6250000000000018,0.6250000000000018,0.6250000000000018,0.6250000000000018,0.6250000000000018,0.6250000000000018,0.6250000000000018,0.6250000000000018,0.6250000000000018,0.6250000000000018,0.6250000000000018,0.6250000000000018,0.6250000000000018,0.6250000000000018,0.6250000000000018,0.6250000000000018,0.6250000000000018,0.6250000000000018,0.6250000000000018,0.6250000000000018,0.6250000000000018,0.6250000000000018,0.6250000000000018,0.6250000000000018,0.6250000000000018,0.6250000000000018,0.6250000000000018,0.6250000000000018,0.6250000000000018,0.6250000000000018,0.6250000000000018,0.6250000000000018,0.6250000000000018,0.6250000000000018,0.6250000000000018,0.6250000000000018,0.6250000000000018,0.6250000000000018,0.6250000000000018,0.6250000000000018,0.6250000000000018,0.6250000000000018,0.6250000000000018,0.6250000000000018,0.6250000000000018,0.6250000000000018,0.6250000000000018,7.500000000000002,7.500000000000002,10.714285714285715,10.714285714285715,10.714285714285715,10.714285714285715,10.714285714285715,10.714285714285715,10.714285714285715,14.000000000000004,14.000000000000004,14.000000000000004,14.000000000000004,15.769230769230774,15.769230769230774,15.769230769230774,17.63157894736843,2.5000000000000013,2.5000000000000013,2.5000000000000013,2.5000000000000013,2.5000000000000013,2.5000000000000013,2.5000000000000013,2.5000000000000013,2.5000000000000013,2.5000000000000013,2.5000000000000013
19.600000000000005,7.727272727272729,7.727272727272729,9.583333333333337,9.000000000000004,2.499999999999999,0.4999999999999989,0.4999999999999989,0.4999999999999989,0.4999999999999989,0.4999999999999989,6.333333333333334,6.333333333333334,6.333333333333334,9.999999999999996,0.357142857142861,0.357142857142861,0.357142857142861,0.357142857142861,0.357142857142861,0.357142857142861,0.357142857142861,0.357142857142861,0.357142857142861,0.357142857142861,0.357142857142861,0.357142857142861,0.357142857142861,0.357142857142861,0.357142857142861,0.357142857142861,0.357142857142861,0.357142857142861,0.357142857142861,0.357142857142861,0.357142857142861,0.357142857142861,0.357142857142861,0.357142857142861,2.3333333333333353,2.3333333333333353,7.857142857142862,1.2499999999999996,1.2499999999999996,1.2499999999999996,1.2499999999999996,1.2499999999999996,1.2499999999999996,1.2499999999999996,1.2499999999999996,1.2499999999999996,1.2499999999999996,1.2499999999999996,1.2499999999999996,5.000000000000003,8.571428571428573,15.0,15.0,2.3913043478260896,2.3913043478260896,18.63636363636363,9.285714285714286,9.285714285714286,11.90909090909091,0.0,0.0,0.0,0.0,0.0,0.0,0.0,0.0,0.0,0.0,0.0,0.0,0.0,0.0,0.0,0.0,0.0,0.0,0.0,0.0,0.0,0.0,0.0,0.0,0.0,0.0,0.0,0.0,0.0,0.0,0.0,0.0,0.0,0.0,0.0,0.0,0.0,0.0,0.0,0.0,0.0,0.0,0.0,0.0,0.0,0.0,0.0,0.0,0.0,0.0,0.0,0.0,0.0,0.0,0.0,0.0,0.0,0.0,4.999999999999997,4.142857142857146,17.0,3.9743589743589762,9.642857142857142,9.642857142857142,11.666666666666666,11.571428571428575,0.6250000000000018,0.6250000000000018,0.6250000000000018,0.6250000000000018,0.6250000000000018,0.6250000000000018,0.6250000000000018,0.6250000000000018,0.6250000000000018,0.6250000000000018,0.6250000000000018,0.6250000000000018,0.6250000000000018,0.6250000000000018,0.6250000000000018,0.6250000000000018,0.6250000000000018,0.6250000000000018,0.6250000000000018,0.6250000000000018,0.6250000000000018,0.6250000000000018,0.6250000000000018,0.6250000000000018,0.6250000000000018,0.6250000000000018,0.6250000000000018,0.6250000000000018,0.6250000000000018,0.6250000000000018,0.6250000000000018,0.6250000000000018,0.6250000000000018,0.6250000000000018,0.6250000000000018,0.6250000000000018,0.6250000000000018,0.6250000000000018,0.6250000000000018,0.6250000000000018,0.6250000000000018,0.6250000000000018,0.6250000000000018,0.6250000000000018,0.6250000000000018,0.6250000000000018,0.6250000000000018,0.6250000000000018,0.6250000000000018,0.6250000000000018,7.500000000000002,7.500000000000002,10.714285714285715,10.714285714285715,10.714285714285715,10.714285714285715,10.714285714285715,10.714285714285715,10.714285714285715,14.000000000000004,14.000000000000004,14.000000000000004,14.000000000000004,15.769230769230774,15.769230769230774,15.769230769230774,17.63157894736843,2.5000000000000013,2.5000000000000013,2.5000000000000013,2.5000000000000013,2.5000000000000013,2.5000000000000013,2.5000000000000013,2.5000000000000013,2.5000000000000013,2.5000000000000013,2.5000000000000013
19.600000000000005,7.727272727272729,7.727272727272729,9.583333333333337,9.000000000000004,2.499999999999999,0.4999999999999989,0.4999999999999989,0.4999999999999989,0.4999999999999989,0.4999999999999989,6.333333333333334,6.333333333333334,6.333333333333334,9.999999999999996,0.357142857142861,0.357142857142861,0.357142857142861,0.357142857142861,0.357142857142861,0.357142857142861,0.357142857142861,0.357142857142861,0.357142857142861,0.357142857142861,0.357142857142861,0.357142857142861,0.357142857142861,0.357142857142861,0.357142857142861,0.357142857142861,0.357142857142861,0.357142857142861,0.357142857142861,0.357142857142861,0.357142857142861,0.357142857142861,0.357142857142861,0.357142857142861,2.3333333333333353,2.3333333333333353,7.857142857142862,1.2499999999999996,1.2499999999999996,1.2499999999999996,1.2499999999999996,1.2499999999999996,1.2499999999999996,1.2499999999999996,1.2499999999999996,1.2499999999999996,1.2499999999999996,1.2499999999999996,1.2499999999999996,5.000000000000003,8.571428571428573,15.0,15.0,2.3913043478260896,2.3913043478260896,18.63636363636363,9.285714285714286,9.285714285714286,11.90909090909091,0.0,0.0,0.0,0.0,0.0,0.0,0.0,0.0,0.0,0.0,0.0,0.0,0.0,0.0,0.0,0.0,0.0,0.0,0.0,0.0,0.0,0.0,0.0,0.0,0.0,0.0,0.0,0.0,0.0,0.0,0.0,0.0,0.0,0.0,0.0,0.0,0.0,0.0,0.0,0.0,0.0,0.0,0.0,0.0,0.0,0.0,0.0,0.0,0.0,0.0,0.0,0.0,0.0,0.0,0.0,0.0,0.0,0.0,4.999999999999997,4.142857142857146,17.0,3.9743589743589762,9.642857142857142,9.642857142857142,11.666666666666666,11.571428571428575,0.6250000000000018,0.6250000000000018,0.6250000000000018,0.6250000000000018,0.6250000000000018,0.6250000000000018,0.6250000000000018,0.6250000000000018,0.6250000000000018,0.6250000000000018,0.6250000000000018,0.6250000000000018,0.6250000000000018,0.6250000000000018,0.6250000000000018,0.6250000000000018,0.6250000000000018,0.6250000000000018,0.6250000000000018,0.6250000000000018,0.6250000000000018,0.6250000000000018,0.6250000000000018,0.6250000000000018,0.6250000000000018,0.6250000000000018,0.6250000000000018,0.6250000000000018,0.6250000000000018,0.6250000000000018,0.6250000000000018,0.6250000000000018,0.6250000000000018,0.6250000000000018,0.6250000000000018,0.6250000000000018,0.6250000000000018,0.6250000000000018,0.6250000000000018,0.6250000000000018,0.6250000000000018,0.6250000000000018,0.6250000000000018,0.6250000000000018,0.6250000000000018,0.6250000000000018,0.6250000000000018,0.6250000000000018,0.6250000000000018,0.6250000000000018,7.500000000000002,7.500000000000002,10.714285714285715,10.714285714285715,10.714285714285715,10.714285714285715,10.714285714285715,10.714285714285715,10.714285714285715,14.000000000000004,14.000000000000004,14.000000000000004,14.000000000000004,15.769230769230774,15.769230769230774,15.769230769230774,17.63157894736843,2.5000000000000013,2.5000000000000013,2.5000000000000013,2.5000000000000013,2.5000000000000013,2.5000000000000013,2.5000000000000013,2.5000000000000013,2.5000000000000013,2.5000000000000013,2.5000000000000013
19.600000000000005,7.727272727272729,7.727272727272729,9.583333333333337,9.000000000000004,2.499999999999999,0.4999999999999989,0.4999999999999989,0.4999999999999989,0.4999999999999989,0.4999999999999989,6.333333333333334,6.333333333333334,6.333333333333334,9.999999999999996,0.357142857142861,0.357142857142861,0.357142857142861,0.357142857142861,0.357142857142861,0.357142857142861,0.357142857142861,0.357142857142861,0.357142857142861,0.357142857142861,0.357142857142861,0.357142857142861,0.357142857142861,0.357142857142861,0.357142857142861,0.357142857142861,0.357142857142861,0.357142857142861,0.357142857142861,0.357142857142861,0.357142857142861,0.357142857142861,0.357142857142861,0.357142857142861,2.3333333333333353,2.3333333333333353,7.857142857142862,1.2499999999999996,1.2499999999999996,1.2499999999999996,1.2499999999999996,1.2499999999999996,1.2499999999999996,1.2499999999999996,1.2499999999999996,1.2499999999999996,1.2499999999999996,1.2499999999999996,1.2499999999999996,5.000000000000003,8.571428571428573,15.0,15.0,2.3913043478260896,2.3913043478260896,18.63636363636363,9.285714285714286,9.285714285714286,11.90909090909091,0.0,0.0,0.0,0.0,0.0,0.0,0.0,0.0,0.0,0.0,0.0,0.0,0.0,0.0,0.0,0.0,0.0,0.0,0.0,0.0,0.0,0.0,0.0,0.0,0.0,0.0,0.0,0.0,0.0,0.0,0.0,0.0,0.0,0.0,0.0,0.0,0.0,0.0,0.0,0.0,0.0,0.0,0.0,0.0,0.0,0.0,0.0,0.0,0.0,0.0,0.0,0.0,0.0,0.0,0.0,0.0,0.0,0.0,4.999999999999997,4.142857142857146,17.0,3.9743589743589762,9.642857142857142,9.642857142857142,11.666666666666666,11.571428571428575,0.6250000000000018,0.6250000000000018,0.6250000000000018,0.6250000000000018,0.6250000000000018,0.6250000000000018,0.6250000000000018,0.6250000000000018,0.6250000000000018,0.6250000000000018,0.6250000000000018,0.6250000000000018,0.6250000000000018,0.6250000000000018,0.6250000000000018,0.6250000000000018,0.6250000000000018,0.6250000000000018,0.6250000000000018,0.6250000000000018,0.6250000000000018,0.6250000000000018,0.6250000000000018,0.6250000000000018,0.6250000000000018,0.6250000000000018,0.6250000000000018,0.6250000000000018,0.6250000000000018,0.6250000000000018,0.6250000000000018,0.6250000000000018,0.6250000000000018,0.6250000000000018,0.6250000000000018,0.6250000000000018,0.6250000000000018,0.6250000000000018,0.6250000000000018,0.6250000000000018,0.6250000000000018,0.6250000000000018,0.6250000000000018,0.6250000000000018,0.6250000000000018,0.6250000000000018,0.6250000000000018,0.6250000000000018,0.6250000000000018,0.6250000000000018,7.500000000000002,7.500000000000002,10.714285714285715,10.714285714285715,10.714285714285715,10.714285714285715,10.714285714285715,10.714285714285715,10.714285714285715,14.000000000000004,14.000000000000004,14.000000000000004,14.000000000000004,15.769230769230774,15.769230769230774,15.769230769230774,17.63157894736843,2.5000000000000013,2.5000000000000013,2.5000000000000013,2.5000000000000013,2.5000000000000013,2.5000000000000013,2.5000000000000013,2.5000000000000013,2.5000000000000013,2.5000000000000013,2.5000000000000013
19.600000000000005,7.727272727272729,7.727272727272729,9.583333333333337,9.000000000000004,2.499999999999999,0.4999999999999989,0.4999999999999989,0.4999999999999989,0.4999999999999989,0.4999999999999989,6.333333333333334,6.333333333333334,6.333333333333334,9.999999999999996,0.357142857142861,0.357142857142861,0.357142857142861,0.357142857142861,0.357142857142861,0.357142857142861,0.357142857142861,0.357142857142861,0.357142857142861,0.357142857142861,0.357142857142861,0.357142857142861,0.357142857142861,0.357142857142861,0.357142857142861,0.357142857142861,0.357142857142861,0.357142857142861,0.357142857142861,0.357142857142861,0.357142857142861,0.357142857142861,0.357142857142861,0.357142857142861,2.3333333333333353,2.3333333333333353,7.857142857142862,1.2499999999999996,1.2499999999999996,1.2499999999999996,1.2499999999999996,1.2499999999999996,1.2499999999999996,1.2499999999999996,1.2499999999999996,1.2499999999999996,1.2499999999999996,1.2499999999999996,1.2499999999999996,5.000000000000003,8.571428571428573,15.0,15.0,2.3913043478260896,2.3913043478260896,18.63636363636363,9.285714285714286,9.285714285714286,11.90909090909091,0.0,0.0,0.0,0.0,0.0,0.0,0.0,0.0,0.0,0.0,0.0,0.0,0.0,0.0,0.0,0.0,0.0,0.0,0.0,0.0,0.0,0.0,0.0,0.0,0.0,0.0,0.0,0.0,0.0,0.0,0.0,0.0,0.0,0.0,0.0,0.0,0.0,0.0,0.0,0.0,0.0,0.0,0.0,0.0,0.0,0.0,0.0,0.0,0.0,0.0,0.0,0.0,0.0,0.0,0.0,0.0,0.0,0.0,4.999999999999997,4.142857142857146,17.0,3.9743589743589762,9.642857142857142,9.642857142857142,11.666666666666666,11.571428571428575,0.6250000000000018,0.6250000000000018,0.6250000000000018,0.6250000000000018,0.6250000000000018,0.6250000000000018,0.6250000000000018,0.6250000000000018,0.6250000000000018,0.6250000000000018,0.6250000000000018,0.6250000000000018,0.6250000000000018,0.6250000000000018,0.6250000000000018,0.6250000000000018,0.6250000000000018,0.6250000000000018,0.6250000000000018,0.6250000000000018,0.6250000000000018,0.6250000000000018,0.6250000000000018,0.6250000000000018,0.6250000000000018,0.6250000000000018,0.6250000000000018,0.6250000000000018,0.6250000000000018,0.6250000000000018,0.6250000000000018,0.6250000000000018,0.6250000000000018,0.6250000000000018,0.6250000000000018,0.6250000000000018,0.6250000000000018,0.6250000000000018,0.6250000000000018,0.6250000000000018,0.6250000000000018,0.6250000000000018,0.6250000000000018,0.6250000000000018,0.6250000000000018,0.6250000000000018,0.6250000000000018,0.6250000000000018,0.6250000000000018,0.6250000000000018,7.500000000000002,7.500000000000002,10.714285714285715,10.714285714285715,10.714285714285715,10.714285714285715,10.714285714285715,10.714285714285715,10.714285714285715,14.000000000000004,14.000000000000004,14.000000000000004,14.000000000000004,15.769230769230774,15.769230769230774,15.769230769230774,17.63157894736843,2.5000000000000013,2.5000000000000013,2.5000000000000013,2.5000000000000013,2.5000000000000013,2.5000000000000013,2.5000000000000013,2.5000000000000013,2.5000000000000013,2.5000000000000013,2.5000000000000013
19.600000000000005,7.727272727272729,7.727272727272729,9.583333333333337,9.000000000000004,2.499999999999999,0.4999999999999989,0.4999999999999989,0.4999999999999989,0.4999999999999989,0.4999999999999989,6.333333333333334,6.333333333333334,6.333333333333334,9.999999999999996,0.357142857142861,0.357142857142861,0.357142857142861,0.357142857142861,0.357142857142861,0.357142857142861,0.357142857142861,0.357142857142861,0.357142857142861,0.357142857142861,0.357142857142861,0.357142857142861,0.357142857142861,0.357142857142861,0.357142857142861,0.357142857142861,0.357142857142861,0.357142857142861,0.357142857142861,0.357142857142861,0.357142857142861,0.357142857142861,0.357142857142861,0.357142857142861,2.3333333333333353,2.3333333333333353,7.857142857142862,1.2499999999999996,1.2499999999999996,1.2499999999999996,1.2499999999999996,1.2499999999999996,1.2499999999999996,1.2499999999999996,1.2499999999999996,1.2499999999999996,1.2499999999999996,1.2499999999999996,1.2499999999999996,5.000000000000003,8.571428571428573,15.0,15.0,2.3913043478260896,2.3913043478260896,18.63636363636363,9.285714285714286,9.285714285714286,11.90909090909091,0.0,0.0,0.0,0.0,0.0,0.0,0.0,0.0,0.0,0.0,0.0,0.0,0.0,0.0,0.0,0.0,0.0,0.0,0.0,0.0,0.0,0.0,0.0,0.0,0.0,0.0,0.0,0.0,0.0,0.0,0.0,0.0,0.0,0.0,0.0,0.0,0.0,0.0,0.0,0.0,0.0,0.0,0.0,0.0,0.0,0.0,0.0,0.0,0.0,0.0,0.0,0.0,0.0,0.0,0.0,0.0,0.0,0.0,4.999999999999997,4.142857142857146,17.0,3.9743589743589762,9.642857142857142,9.642857142857142,11.666666666666666,11.571428571428575,0.6250000000000018,0.6250000000000018,0.6250000000000018,0.6250000000000018,0.6250000000000018,0.6250000000000018,0.6250000000000018,0.6250000000000018,0.6250000000000018,0.6250000000000018,0.6250000000000018,0.6250000000000018,0.6250000000000018,0.6250000000000018,0.6250000000000018,0.6250000000000018,0.6250000000000018,0.6250000000000018,0.6250000000000018,0.6250000000000018,0.6250000000000018,0.6250000000000018,0.6250000000000018,0.6250000000000018,0.6250000000000018,0.6250000000000018,0.6250000000000018,0.6250000000000018,0.6250000000000018,0.6250000000000018,0.6250000000000018,0.6250000000000018,0.6250000000000018,0.6250000000000018,0.6250000000000018,0.6250000000000018,0.6250000000000018,0.6250000000000018,0.6250000000000018,0.6250000000000018,0.6250000000000018,0.6250000000000018,0.6250000000000018,0.6250000000000018,0.6250000000000018,0.6250000000000018,0.6250000000000018,0.6250000000000018,0.6250000000000018,0.6250000000000018,7.500000000000002,7.500000000000002,10.714285714285715,10.714285714285715,10.714285714285715,10.714285714285715,10.714285714285715,10.714285714285715,10.714285714285715,14.000000000000004,14.000000000000004,14.000000000000004,14.000000000000004,15.769230769230774,15.769230769230774,15.769230769230774,17.63157894736843,2.5000000000000013,2.5000000000000013,2.5000000000000013,2.5000000000000013,2.5000000000000013,2.5000000000000013,2.5000000000000013,2.5000000000000013,2.5000000000000013,2.5000000000000013,2.5000000000000013
19.600000000000005,7.727272727272729,7.727272727272729,9.583333333333337,9.000000000000004,2.499999999999999,0.4999999999999989,0.4999999999999989,0.4999999999999989,0.4999999999999989,0.4999999999999989,6.333333333333334,6.333333333333334,6.333333333333334,9.999999999999996,0.357142857142861,0.357142857142861,0.357142857142861,0.357142857142861,0.357142857142861,0.357142857142861,0.357142857142861,0.357142857142861,0.357142857142861,0.357142857142861,0.357142857142861,0.357142857142861,0.357142857142861,0.357142857142861,0.357142857142861,0.357142857142861,0.357142857142861,0.357142857142861,0.357142857142861,0.357142857142861,0.357142857142861,0.357142857142861,0.357142857142861,0.357142857142861,2.3333333333333353,2.3333333333333353,7.857142857142862,1.2499999999999996,1.2499999999999996,1.2499999999999996,1.2499999999999996,1.2499999999999996,1.2499999999999996,1.2499999999999996,1.2499999999999996,1.2499999999999996,1.2499999999999996,1.2499999999999996,1.2499999999999996,5.000000000000003,8.571428571428573,15.0,15.0,2.3913043478260896,2.3913043478260896,18.63636363636363,9.285714285714286,9.285714285714286,11.90909090909091,0.0,0.0,0.0,0.0,0.0,0.0,0.0,0.0,0.0,0.0,0.0,0.0,0.0,0.0,0.0,0.0,0.0,0.0,0.0,0.0,0.0,0.0,0.0,0.0,0.0,0.0,0.0,0.0,0.0,0.0,0.0,0.0,0.0,0.0,0.0,0.0,0.0,0.0,0.0,0.0,0.0,0.0,0.0,0.0,0.0,0.0,0.0,0.0,0.0,0.0,0.0,0.0,0.0,0.0,0.0,0.0,0.0,0.0,4.999999999999997,4.142857142857146,17.0,3.9743589743589762,9.642857142857142,9.642857142857142,11.666666666666666,11.571428571428575,0.6250000000000018,0.6250000000000018,0.6250000000000018,0.6250000000000018,0.6250000000000018,0.6250000000000018,0.6250000000000018,0.6250000000000018,0.6250000000000018,0.6250000000000018,0.6250000000000018,0.6250000000000018,0.6250000000000018,0.6250000000000018,0.6250000000000018,0.6250000000000018,0.6250000000000018,0.6250000000000018,0.6250000000000018,0.6250000000000018,0.6250000000000018,0.6250000000000018,0.6250000000000018,0.6250000000000018,0.6250000000000018,0.6250000000000018,0.6250000000000018,0.6250000000000018,0.6250000000000018,0.6250000000000018,0.6250000000000018,0.6250000000000018,0.6250000000000018,0.6250000000000018,0.6250000000000018,0.6250000000000018,0.6250000000000018,0.6250000000000018,0.6250000000000018,0.6250000000000018,0.6250000000000018,0.6250000000000018,0.6250000000000018,0.6250000000000018,0.6250000000000018,0.6250000000000018,0.6250000000000018,0.6250000000000018,0.6250000000000018,0.6250000000000018,7.500000000000002,7.500000000000002,10.714285714285715,10.714285714285715,10.714285714285715,10.714285714285715,10.714285714285715,10.714285714285715,10.714285714285715,14.000000000000004,14.000000000000004,14.000000000000004,14.000000000000004,15.769230769230774,15.769230769230774,15.769230769230774,17.63157894736843,2.5000000000000013,2.5000000000000013,2.5000000000000013,2.5000000000000013,2.5000000000000013,2.5000000000000013,2.5000000000000013,2.5000000000000013,2.5000000000000013,2.5000000000000013,2.5000000000000013
19.600000000000005,7.727272727272729,7.727272727272729,9.583333333333337,9.000000000000004,2.499999999999999,0.4999999999999989,0.4999999999999989,0.4999999999999989,0.4999999999999989,0.4999999999999989,6.333333333333334,6.333333333333334,6.333333333333334,9.999999999999996,0.357142857142861,0.357142857142861,0.357142857142861,0.357142857142861,0.357142857142861,0.357142857142861,0.357142857142861,0.357142857142861,0.357142857142861,0.357142857142861,0.357142857142861,0.357142857142861,0.357142857142861,0.357142857142861,0.357142857142861,0.357142857142861,0.357142857142861,0.357142857142861,0.357142857142861,0.357142857142861,0.357142857142861,0.357142857142861,0.357142857142861,0.357142857142861,2.3333333333333353,2.3333333333333353,7.857142857142862,1.2499999999999996,1.2499999999999996,1.2499999999999996,1.2499999999999996,1.2499999999999996,1.2499999999999996,1.2499999999999996,1.2499999999999996,1.2499999999999996,1.2499999999999996,1.2499999999999996,1.2499999999999996,5.000000000000003,8.571428571428573,15.0,15.0,2.3913043478260896,2.3913043478260896,18.63636363636363,9.285714285714286,9.285714285714286,11.90909090909091,0.0,0.0,0.0,0.0,0.0,0.0,0.0,0.0,0.0,0.0,0.0,0.0,0.0,0.0,0.0,0.0,0.0,0.0,0.0,0.0,0.0,0.0,0.0,0.0,0.0,0.0,0.0,0.0,0.0,0.0,0.0,0.0,0.0,0.0,0.0,0.0,0.0,0.0,0.0,0.0,0.0,0.0,0.0,0.0,0.0,0.0,0.0,0.0,0.0,0.0,0.0,0.0,0.0,0.0,0.0,0.0,0.0,0.0,4.999999999999997,4.142857142857146,17.0,3.9743589743589762,9.642857142857142,9.642857142857142,11.666666666666666,11.571428571428575,0.6250000000000018,0.6250000000000018,0.6250000000000018,0.6250000000000018,0.6250000000000018,0.6250000000000018,0.6250000000000018,0.6250000000000018,0.6250000000000018,0.6250000000000018,0.6250000000000018,0.6250000000000018,0.6250000000000018,0.6250000000000018,0.6250000000000018,0.6250000000000018,0.6250000000000018,0.6250000000000018,0.6250000000000018,0.6250000000000018,0.6250000000000018,0.6250000000000018,0.6250000000000018,0.6250000000000018,0.6250000000000018,0.6250000000000018,0.6250000000000018,0.6250000000000018,0.6250000000000018,0.6250000000000018,0.6250000000000018,0.6250000000000018,0.6250000000000018,0.6250000000000018,0.6250000000000018,0.6250000000000018,0.6250000000000018,0.6250000000000018,0.6250000000000018,0.6250000000000018,0.6250000000000018,0.6250000000000018,0.6250000000000018,0.6250000000000018,0.6250000000000018,0.6250000000000018,0.6250000000000018,0.6250000000000018,0.6250000000000018,0.6250000000000018,7.500000000000002,7.500000000000002,10.714285714285715,10.714285714285715,10.714285714285715,10.714285714285715,10.714285714285715,10.714285714285715,10.714285714285715,14.000000000000004,14.000000000000004,14.000000000000004,14.000000000000004,15.769230769230774,15.769230769230774,15.769230769230774,17.63157894736843,2.5000000000000013,2.5000000000000013,2.5000000000000013,2.5000000000000013,2.5000000000000013,2.5000000000000013,2.5000000000000013,2.5000000000000013,2.5000000000000013,2.5000000000000013,2.5000000000000013
19.600000000000005,7.727272727272729,7.727272727272729,9.583333333333337,9.000000000000004,2.499999999999999,0.4999999999999989,0.4999999999999989,0.4999999999999989,0.4999999999999989,0.4999999999999989,6.333333333333334,6.333333333333334,6.333333333333334,9.999999999999996,0.357142857142861,0.357142857142861,0.357142857142861,0.357142857142861,0.357142857142861,0.357142857142861,0.357142857142861,0.357142857142861,0.357142857142861,0.357142857142861,0.357142857142861,0.357142857142861,0.357142857142861,0.357142857142861,0.357142857142861,0.357142857142861,0.357142857142861,0.357142857142861,0.357142857142861,0.357142857142861,0.357142857142861,0.357142857142861,0.357142857142861,0.357142857142861,2.3333333333333353,2.3333333333333353,7.857142857142862,1.2499999999999996,1.2499999999999996,1.2499999999999996,1.2499999999999996,1.2499999999999996,1.2499999999999996,1.2499999999999996,1.2499999999999996,1.2499999999999996,1.2499999999999996,1.2499999999999996,1.2499999999999996,5.000000000000003,8.571428571428573,15.0,15.0,2.3913043478260896,2.3913043478260896,18.63636363636363,9.285714285714286,9.285714285714286,11.90909090909091,0.0,0.0,0.0,0.0,0.0,0.0,0.0,0.0,0.0,0.0,0.0,0.0,0.0,0.0,0.0,0.0,0.0,0.0,0.0,0.0,0.0,0.0,0.0,0.0,0.0,0.0,0.0,0.0,0.0,0.0,0.0,0.0,0.0,0.0,0.0,0.0,0.0,0.0,0.0,0.0,0.0,0.0,0.0,0.0,0.0,0.0,0.0,0.0,0.0,0.0,0.0,0.0,0.0,0.0,0.0,0.0,0.0,0.0,4.999999999999997,4.142857142857146,17.0,3.9743589743589762,9.642857142857142,9.642857142857142,11.666666666666666,11.571428571428575,0.6250000000000018,0.6250000000000018,0.6250000000000018,0.6250000000000018,0.6250000000000018,0.6250000000000018,0.6250000000000018,0.6250000000000018,0.6250000000000018,0.6250000000000018,0.6250000000000018,0.6250000000000018,0.6250000000000018,0.6250000000000018,0.6250000000000018,0.6250000000000018,0.6250000000000018,0.6250000000000018,0.6250000000000018,0.6250000000000018,0.6250000000000018,0.6250000000000018,0.6250000000000018,0.6250000000000018,0.6250000000000018,0.6250000000000018,0.6250000000000018,0.6250000000000018,0.6250000000000018,0.6250000000000018,0.6250000000000018,0.6250000000000018,0.6250000000000018,0.6250000000000018,0.6250000000000018,0.6250000000000018,0.6250000000000018,0.6250000000000018,0.6250000000000018,0.6250000000000018,0.6250000000000018,0.6250000000000018,0.6250000000000018,0.6250000000000018,0.6250000000000018,0.6250000000000018,0.6250000000000018,0.6250000000000018,0.6250000000000018,0.6250000000000018,7.500000000000002,7.500000000000002,10.714285714285715,10.714285714285715,10.714285714285715,10.714285714285715,10.714285714285715,10.714285714285715,10.714285714285715,14.000000000000004,14.000000000000004,14.000000000000004,14.000000000000004,15.769230769230774,15.769230769230774,15.769230769230774,17.63157894736843,2.5000000000000013,2.5000000000000013,2.5000000000000013,2.5000000000000013,2.5000000000000013,2.5000000000000013,2.5000000000000013,2.5000000000000013,2.5000000000000013,2.5000000000000013,2.5000000000000013
19.600000000000005,7.727272727272729,7.727272727272729,9.583333333333337,9.000000000000004,2.499999999999999,0.4999999999999989,0.4999999999999989,0.4999999999999989,0.4999999999999989,0.4999999999999989,6.333333333333334,6.333333333333334,6.333333333333334,9.999999999999996,0.357142857142861,0.357142857142861,0.357142857142861,0.357142857142861,0.357142857142861,0.357142857142861,0.357142857142861,0.357142857142861,0.357142857142861,0.357142857142861,0.357142857142861,0.357142857142861,0.357142857142861,0.357142857142861,0.357142857142861,0.357142857142861,0.357142857142861,0.357142857142861,0.357142857142861,0.357142857142861,0.357142857142861,0.357142857142861,0.357142857142861,0.357142857142861,2.3333333333333353,2.3333333333333353,7.857142857142862,1.2499999999999996,1.2499999999999996,1.2499999999999996,1.2499999999999996,1.2499999999999996,1.2499999999999996,1.2499999999999996,1.2499999999999996,1.2499999999999996,1.2499999999999996,1.2499999999999996,1.2499999999999996,5.000000000000003,8.571428571428573,15.0,15.0,2.3913043478260896,2.3913043478260896,18.63636363636363,9.285714285714286,9.285714285714286,11.90909090909091,0.0,0.0,0.0,0.0,0.0,0.0,0.0,0.0,0.0,0.0,0.0,0.0,0.0,0.0,0.0,0.0,0.0,0.0,0.0,0.0,0.0,0.0,0.0,0.0,0.0,0.0,0.0,0.0,0.0,0.0,0.0,0.0,0.0,0.0,0.0,0.0,0.0,0.0,0.0,0.0,0.0,0.0,0.0,0.0,0.0,0.0,0.0,0.0,0.0,0.0,0.0,0.0,0.0,0.0,0.0,0.0,0.0,0.0,4.999999999999997,4.142857142857146,17.0,3.9743589743589762,9.642857142857142,9.642857142857142,11.666666666666666,11.571428571428575,0.6250000000000018,0.6250000000000018,0.6250000000000018,0.6250000000000018,0.6250000000000018,0.6250000000000018,0.6250000000000018,0.6250000000000018,0.6250000000000018,0.6250000000000018,0.6250000000000018,0.6250000000000018,0.6250000000000018,0.6250000000000018,0.6250000000000018,0.6250000000000018,0.6250000000000018,0.6250000000000018,0.6250000000000018,0.6250000000000018,0.6250000000000018,0.6250000000000018,0.6250000000000018,0.6250000000000018,0.6250000000000018,0.6250000000000018,0.6250000000000018,0.6250000000000018,0.6250000000000018,0.6250000000000018,0.6250000000000018,0.6250000000000018,0.6250000000000018,0.6250000000000018,0.6250000000000018,0.6250000000000018,0.6250000000000018,0.6250000000000018,0.6250000000000018,0.6250000000000018,0.6250000000000018,0.6250000000000018,0.6250000000000018,0.6250000000000018,0.6250000000000018,0.6250000000000018,0.6250000000000018,0.6250000000000018,0.6250000000000018,0.6250000000000018,7.500000000000002,7.500000000000002,10.714285714285715,10.714285714285715,10.714285714285715,10.714285714285715,10.714285714285715,10.714285714285715,10.714285714285715,14.000000000000004,14.000000000000004,14.000000000000004,14.000000000000004,15.769230769230774,15.769230769230774,15.769230769230774,17.63157894736843,2.5000000000000013,2.5000000000000013,2.5000000000000013,2.5000000000000013,2.5000000000000013,2.5000000000000013,2.5000000000000013,2.5000000000000013,2.5000000000000013,2.5000000000000013,2.5000000000000013
19.600000000000005,7.727272727272729,7.727272727272729,9.583333333333337,9.000000000000004,2.499999999999999,0.4999999999999989,0.4999999999999989,0.4999999999999989,0.4999999999999989,0.4999999999999989,6.333333333333334,6.333333333333334,6.333333333333334,9.999999999999996,0.357142857142861,0.357142857142861,0.357142857142861,0.357142857142861,0.357142857142861,0.357142857142861,0.357142857142861,0.357142857142861,0.357142857142861,0.357142857142861,0.357142857142861,0.357142857142861,0.357142857142861,0.357142857142861,0.357142857142861,0.357142857142861,0.357142857142861,0.357142857142861,0.357142857142861,0.357142857142861,0.357142857142861,0.357142857142861,0.357142857142861,0.357142857142861,2.3333333333333353,2.3333333333333353,7.857142857142862,1.2499999999999996,1.2499999999999996,1.2499999999999996,1.2499999999999996,1.2499999999999996,1.2499999999999996,1.2499999999999996,1.2499999999999996,1.2499999999999996,1.2499999999999996,1.2499999999999996,1.2499999999999996,5.000000000000003,8.571428571428573,15.0,15.0,2.3913043478260896,2.3913043478260896,18.63636363636363,9.285714285714286,9.285714285714286,11.90909090909091,0.0,0.0,0.0,0.0,0.0,0.0,0.0,0.0,0.0,0.0,0.0,0.0,0.0,0.0,0.0,0.0,0.0,0.0,0.0,0.0,0.0,0.0,0.0,0.0,0.0,0.0,0.0,0.0,0.0,0.0,0.0,0.0,0.0,0.0,0.0,0.0,0.0,0.0,0.0,0.0,0.0,0.0,0.0,0.0,0.0,0.0,0.0,0.0,0.0,0.0,0.0,0.0,0.0,0.0,0.0,0.0,0.0,0.0,4.999999999999997,4.142857142857146,17.0,3.9743589743589762,9.642857142857142,9.642857142857142,11.666666666666666,11.571428571428575,0.6250000000000018,0.6250000000000018,0.6250000000000018,0.6250000000000018,0.6250000000000018,0.6250000000000018,0.6250000000000018,0.6250000000000018,0.6250000000000018,0.6250000000000018,0.6250000000000018,0.6250000000000018,0.6250000000000018,0.6250000000000018,0.6250000000000018,0.6250000000000018,0.6250000000000018,0.6250000000000018,0.6250000000000018,0.6250000000000018,0.6250000000000018,0.6250000000000018,0.6250000000000018,0.6250000000000018,0.6250000000000018,0.6250000000000018,0.6250000000000018,0.6250000000000018,0.6250000000000018,0.6250000000000018,0.6250000000000018,0.6250000000000018,0.6250000000000018,0.6250000000000018,0.6250000000000018,0.6250000000000018,0.6250000000000018,0.6250000000000018,0.6250000000000018,0.6250000000000018,0.6250000000000018,0.6250000000000018,0.6250000000000018,0.6250000000000018,0.6250000000000018,0.6250000000000018,0.6250000000000018,0.6250000000000018,0.6250000000000018,0.6250000000000018,7.500000000000002,7.500000000000002,10.714285714285715,10.714285714285715,10.714285714285715,10.714285714285715,10.714285714285715,10.714285714285715,10.714285714285715,14.000000000000004,14.000000000000004,14.000000000000004,14.000000000000004,15.769230769230774,15.769230769230774,15.769230769230774,17.63157894736843,2.5000000000000013,2.5000000000000013,2.5000000000000013,2.5000000000000013,2.5000000000000013,2.5000000000000013,2.5000000000000013,2.5000000000000013,2.5000000000000013,2.5000000000000013,2.5000000000000013
14.600000000000005,12.727272727272727,12.727272727272727,14.583333333333332,4.000000000000003,2.500000000000001,4.5,4.5,4.5,4.5,4.5,11.333333333333332,11.333333333333332,11.333333333333332,4.999999999999999,5.3571428571428585,5.3571428571428585,5.3571428571428585,5.3571428571428585,5.3571428571428585,5.3571428571428585,5.3571428571428585,5.3571428571428585,5.3571428571428585,5.3571428571428585,5.3571428571428585,5.3571428571428585,5.3571428571428585,5.3571428571428585,5.3571428571428585,5.3571428571428585,5.3571428571428585,5.3571428571428585,5.3571428571428585,5.3571428571428585,5.3571428571428585,5.3571428571428585,5.3571428571428585,5.3571428571428585,7.333333333333331,7.333333333333331,12.857142857142858,3.7499999999999982,3.7499999999999982,3.7499999999999982,3.7499999999999982,3.7499999999999982,3.7499999999999982,3.7499999999999982,3.7499999999999982,3.7499999999999982,3.7499999999999982,3.7499999999999982,3.7499999999999982,9.999999999999998,13.571428571428573,10.000000000000002,10.000000000000002,7.391304347826086,7.391304347826086,13.636363636363637,14.285714285714285,14.285714285714285,16.90909090909091,4.999999999999997,4.999999999999997,4.999999999999997,4.999999999999997,4.999999999999997,4.999999999999997,4.999999999999997,4.999999999999997,4.999999999999997,4.999999999999997,4.999999999999997,4.999999999999997,4.999999999999997,4.999999999999997,4.999999999999997,4.999999999999997,4.999999999999997,4.999999999999997,4.999999999999997,4.999999999999997,4.999999999999997,4.999999999999997,4.999999999999997,4.999999999999997,4.999999999999997,4.999999999999997,4.999999999999997,4.999999999999997,4.999999999999997,4.999999999999997,4.999999999999997,4.999999999999997,4.999999999999997,4.999999999999997,4.999999999999997,4.999999999999997,4.999999999999997,4.999999999999997,4.999999999999997,4.999999999999997,4.999999999999997,4.999999999999997,4.999999999999997,4.999999999999997,4.999999999999997,4.999999999999997,4.999999999999997,4.999999999999997,4.999999999999997,4.999999999999997,4.999999999999997,4.999999999999997,4.999999999999997,4.999999999999997,4.999999999999997,4.999999999999997,4.999999999999997,4.999999999999997,0.0,9.142857142857142,12.0,8.974358974358971,14.642857142857142,14.642857142857142,16.666666666666664,16.57142857142857,5.624999999999998,5.624999999999998,5.624999999999998,5.624999999999998,5.624999999999998,5.624999999999998,5.624999999999998,5.624999999999998,5.624999999999998,5.624999999999998,5.624999999999998,5.624999999999998,5.624999999999998,5.624999999999998,5.624999999999998,5.624999999999998,5.624999999999998,5.624999999999998,5.624999999999998,5.624999999999998,5.624999999999998,5.624999999999998,5.624999999999998,5.624999999999998,5.624999999999998,5.624999999999998,5.624999999999998,5.624999999999998,5.624999999999998,5.624999999999998,5.624999999999998,5.624999999999998,5.624999999999998,5.624999999999998,5.624999999999998,5.624999999999998,5.624999999999998,5.624999999999998,5.624999999999998,5.624999999999998,5.624999999999998,5.624999999999998,5.624999999999998,5.624999999999998,5.624999999999998,5.624999999999998,5.624999999999998,5.624999999999998,5.624999999999998,5.624999999999998,12.5,12.5,15.714285714285715,15.714285714285715,15.714285714285715,15.714285714285715,15.714285714285715,15.714285714285715,15.714285714285715,18.999999999999996,18.999999999999996,18.999999999999996,18.999999999999996,20.769230769230766,20.769230769230766,20.769230769230766,22.63157894736842,7.499999999999998,7.499999999999998,7.499999999999998,7.499999999999998,7.499999999999998,7.499999999999998,7.499999999999998,7.499999999999998,7.499999999999998,7.499999999999998,7.499999999999998
23.742857142857147,3.584415584415584,3.584415584415584,5.44047619047619,13.142857142857146,6.642857142857141,4.642857142857143,4.642857142857143,4.642857142857143,4.642857142857143,4.642857142857143,2.1904761904761885,2.1904761904761885,2.1904761904761885,14.14285714285714,3.785714285714286,3.785714285714286,3.785714285714286,3.785714285714286,3.785714285714286,3.785714285714286,3.785714285714286,3.785714285714286,3.785714285714286,3.785714285714286,3.785714285714286,3.785714285714286,3.785714285714286,3.785714285714286,3.785714285714286,3.785714285714286,3.785714285714286,3.785714285714286,3.785714285714286,3.785714285714286,3.785714285714286,3.785714285714286,3.785714285714286,3.785714285714286,2.7619047619047605,2.7619047619047605,3.714285714285715,5.392857142857146,5.392857142857146,5.392857142857146,5.392857142857146,5.392857142857146,5.392857142857146,5.392857142857146,5.392857142857146,5.392857142857146,5.392857142857146,5.392857142857146,5.392857142857146,0.8571428571428565,4.428571428571427,19.142857142857146,19.142857142857146,2.124223602484472,2.124223602484472,22.779220779220772,5.142857142857142,5.142857142857142,7.766233766233768,4.142857142857146,4.142857142857146,4.142857142857146,4.142857142857146,4.142857142857146,4.142857142857146,4.142857142857146,4.142857142857146,4.142857142857146,4.142857142857146,4.142857142857146,4.142857142857146,4.142857142857146,4.142857142857146,4.142857142857146,4.142857142857146,4.142857142857146,4.142857142857146,4.142857142857146,4.142857142857146,4.142857142857146,4.142857142857146,4.142857142857146,4.142857142857146,4.142857142857146,4.142857142857146,4.142857142857146,4.142857142857146,4.142857142857146,4.142857142857146,4.142857142857146,4.142857142857146,4.142857142857146,4.142857142857146,4.142857142857146,4.142857142857146,4.142857142857146,4.142857142857146,4.142857142857146,4.142857142857146,4.142857142857146,4.142857142857146,4.142857142857146,4.142857142857146,4.142857142857146,4.142857142857146,4.142857142857146,4.142857142857146,4.142857142857146,4.142857142857146,4.142857142857146,4.142857142857146,4.142857142857146,4.142857142857146,4.142857142857146,4.142857142857146,4.142857142857146,4.142857142857146,9.142857142857142,0.0,21.142857142857146,0.16849816849817045,5.5,5.5,7.523809523809523,7.428571428571429,3.5178571428571455,3.5178571428571455,3.5178571428571455,3.5178571428571455,3.5178571428571455,3.5178571428571455,3.5178571428571455,3.5178571428571455,3.5178571428571455,3.5178571428571455,3.5178571428571455,3.5178571428571455,3.5178571428571455,3.5178571428571455,3.5178571428571455,3.5178571428571455,3.5178571428571455,3.5178571428571455,3.5178571428571455,3.5178571428571455,3.5178571428571455,3.5178571428571455,3.5178571428571455,3.5178571428571455,3.5178571428571455,3.5178571428571455,3.5178571428571455,3.5178571428571455,3.5178571428571455,3.5178571428571455,3.5178571428571455,3.5178571428571455,3.5178571428571455,3.5178571428571455,3.5178571428571455,3.5178571428571455,3.5178571428571455,3.5178571428571455,3.5178571428571455,3.5178571428571455,3.5178571428571455,3.5178571428571455,3.5178571428571455,3.5178571428571455,3.5178571428571455,3.5178571428571455,3.5178571428571455,3.5178571428571455,3.5178571428571455,3.5178571428571455,4.071428571428571,4.071428571428571,6.571428571428573,6.571428571428573,6.571428571428573,6.571428571428573,6.571428571428573,6.571428571428573,6.571428571428573,9.857142857142854,9.857142857142854,9.857142857142854,9.857142857142854,11.626373626373622,11.626373626373622,11.626373626373622,13.488721804511277,1.6428571428571441,1.6428571428571441,1.6428571428571441,1.6428571428571441,1.6428571428571441,1.6428571428571441,1.6428571428571441,1.6428571428571441,1.6428571428571441,1.6428571428571441,1.6428571428571441
2.600000000000005,24.727272727272727,24.727272727272727,26.58333333333334,7.999999999999998,14.5,16.500000000000004,16.500000000000004,16.500000000000004,16.500000000000004,16.500000000000004,23.333333333333332,23.333333333333332,23.333333333333332,7.000000000000003,17.35714285714286,17.35714285714286,17.35714285714286,17.35714285714286,17.35714285714286,17.35714285714286,17.35714285714286,17.35714285714286,17.35714285714286,17.35714285714286,17.35714285714286,17.35714285714286,17.35714285714286,17.35714285714286,17.35714285714286,17.35714285714286,17.35714285714286,17.35714285714286,17.35714285714286,17.35714285714286,17.35714285714286,17.35714285714286,17.35714285714286,17.35714285714286,19.333333333333332,19.333333333333332,24.857142857142858,15.749999999999998,15.749999999999998,15.749999999999998,15.749999999999998,15.749999999999998,15.749999999999998,15.749999999999998,15.749999999999998,15.749999999999998,15.749999999999998,15.749999999999998,15.749999999999998,22.000000000000007,25.57142857142857,1.9999999999999996,1.9999999999999996,19.391304347826093,19.391304347826093,1.6363636363636336,26.285714285714285,26.285714285714285,28.909090909090907,17.0,17.0,17.0,17.0,17.0,17.0,17.0,17.0,17.0,17.0,17.0,17.0,17.0,17.0,17.0,17.0,17.0,17.0,17.0,17.0,17.0,17.0,17.0,17.0,17.0,17.0,17.0,17.0,17.0,17.0,17.0,17.0,17.0,17.0,17.0,17.0,17.0,17.0,17.0,17.0,17.0,17.0,17.0,17.0,17.0,17.0,17.0,17.0,17.0,17.0,17.0,17.0,17.0,17.0,17.0,17.0,17.0,17.0,12.0,21.142857142857146,0.0,20.974358974358974,26.64285714285714,26.64285714285714,28.66666666666667,28.571428571428562,17.625,17.625,17.625,17.625,17.625,17.625,17.625,17.625,17.625,17.625,17.625,17.625,17.625,17.625,17.625,17.625,17.625,17.625,17.625,17.625,17.625,17.625,17.625,17.625,17.625,17.625,17.625,17.625,17.625,17.625,17.625,17.625,17.625,17.625,17.625,17.625,17.625,17.625,17.625,17.625,17.625,17.625,17.625,17.625,17.625,17.625,17.625,17.625,17.625,17.625,24.500000000000004,24.500000000000004,27.71428571428571,27.71428571428571,27.71428571428571,27.71428571428571,27.71428571428571,27.71428571428571,27.71428571428571,31.00000000000001,31.00000000000001,31.00000000000001,31.00000000000001,32.769230769230774,32.769230769230774,32.769230769230774,34.63157894736842,19.5,19.5,19.5,19.5,19.5,19.5,19.5,19.5,19.5,19.5,19.5
23.57435897435898,3.7529137529137535,3.7529137529137535,5.6089743589743595,12.974358974358978,6.474358974358971,4.474358974358973,4.474358974358973,4.474358974358973,4.474358974358973,4.474358974358973,2.3589743589743586,2.3589743589743586,2.3589743589743586,13.974358974358971,3.6172161172161146,3.6172161172161146,3.6172161172161146,3.6172161172161146,3.6172161172161146,3.6172161172161146,3.6172161172161146,3.6172161172161146,3.6172161172161146,3.6172161172161146,3.6172161172161146,3.6172161172161146,3.6172161172161146,3.6172161172161146,3.6172161172161146,3.6172161172161146,3.6172161172161146,3.6172161172161146,3.6172161172161146,3.6172161172161146,3.6172161172161146,3.6172161172161146,3.6172161172161146,3.6172161172161146,2.666666666666665,2.666666666666665,3.8827838827838845,5.224358974358973,5.224358974358973,5.224358974358973,5.224358974358973,5.224358974358973,5.224358974358973,5.224358974358973,5.224358974358973,5.224358974358973,5.224358974358973,5.224358974358973,5.224358974358973,1.0256410256410269,4.5970695970695985,18.97435897435897,18.97435897435897,2.028985507246375,2.028985507246375,22.610722610722604,5.311355311355312,5.311355311355312,7.9347319347319365,3.9743589743589762,3.9743589743589762,3.9743589743589762,3.9743589743589762,3.9743589743589762,3.9743589743589762,3.9743589743589762,3.9743589743589762,3.9743589743589762,3.9743589743589762,3.9743589743589762,3.9743589743589762,3.9743589743589762,3.9743589743589762,3.9743589743589762,3.9743589743589762,3.9743589743589762,3.9743589743589762,3.9743589743589762,3.9743589743589762,3.9743589743589762,3.9743589743589762,3.9743589743589762,3.9743589743589762,3.9743589743589762,3.9743589743589762,3.9743589743589762,3.9743589743589762,3.9743589743589762,3.9743589743589762,3.9743589743589762,3.9743589743589762,3.9743589743589762,3.9743589743589762,3.9743589743589762,3.9743589743589762,3.9743589743589762,3.9743589743589762,3.9743589743589762,3.9743589743589762,3.9743589743589762,3.9743589743589762,3.9743589743589762,3.9743589743589762,3.9743589743589762,3.9743589743589762,3.9743589743589762,3.9743589743589762,3.9743589743589762,3.9743589743589762,3.9743589743589762,3.9743589743589762,3.9743589743589762,3.9743589743589762,3.9743589743589762,3.9743589743589762,3.9743589743589762,3.9743589743589762,8.974358974358971,0.16849816849817045,20.974358974358974,0.0,5.668498168498168,5.668498168498168,7.692307692307693,7.5970695970696,3.3493589743589736,3.3493589743589736,3.3493589743589736,3.3493589743589736,3.3493589743589736,3.3493589743589736,3.3493589743589736,3.3493589743589736,3.3493589743589736,3.3493589743589736,3.3493589743589736,3.3493589743589736,3.3493589743589736,3.3493589743589736,3.3493589743589736,3.3493589743589736,3.3493589743589736,3.3493589743589736,3.3493589743589736,3.3493589743589736,3.3493589743589736,3.3493589743589736,3.3493589743589736,3.3493589743589736,3.3493589743589736,3.3493589743589736,3.3493589743589736,3.3493589743589736,3.3493589743589736,3.3493589743589736,3.3493589743589736,3.3493589743589736,3.3493589743589736,3.3493589743589736,3.3493589743589736,3.3493589743589736,3.3493589743589736,3.3493589743589736,3.3493589743589736,3.3493589743589736,3.3493589743589736,3.3493589743589736,3.3493589743589736,3.3493589743589736,3.3493589743589736,3.3493589743589736,3.3493589743589736,3.3493589743589736,3.3493589743589736,3.3493589743589736,4.166666666666666,4.166666666666666,6.739926739926742,6.739926739926742,6.739926739926742,6.739926739926742,6.739926739926742,6.739926739926742,6.739926739926742,10.025641025641024,10.025641025641024,10.025641025641024,10.025641025641024,11.794871794871797,11.794871794871797,11.794871794871797,13.657219973009449,1.4743589743589738,1.4743589743589738,1.4743589743589738,1.4743589743589738,1.4743589743589738,1.4743589743589738,1.4743589743589738,1.4743589743589738,1.4743589743589738,1.4743589743589738,1.4743589743589738
29.242857142857154,1.9155844155844146,1.9155844155844146,0.6547619047619038,18.64285714285714,12.142857142857142,10.14285714285714,10.14285714285714,10.14285714285714,10.14285714285714,10.14285714285714,3.309523809523809,3.309523809523809,3.309523809523809,19.64285714285714,9.285714285714283,9.285714285714283,9.285714285714283,9.285714285714283,9.285714285714283,9.285714285714283,9.285714285714283,9.285714285714283,9.285714285714283,9.285714285714283,9.285714285714283,9.285714285714283,9.285714285714283,9.285714285714283,9.285714285714283,9.285714285714283,9.285714285714283,9.285714285714283,9.285714285714283,9.285714285714283,9.285714285714283,9.285714285714283,9.285714285714283,9.285714285714283,7.309523809523807,7.309523809523807,1.7857142857142851,10.892857142857142,10.892857142857142,10.892857142857142,10.892857142857142,10.892857142857142,10.892857142857142,10.892857142857142,10.892857142857142,10.892857142857142,10.892857142857142,10.892857142857142,10.892857142857142,4.6428571428571415,1.071428571428571,24.642857142857146,24.642857142857146,7.251552795031054,7.251552795031054,28.279220779220786,0.3571428571428559,0.3571428571428559,2.266233766233768,9.642857142857142,9.642857142857142,9.642857142857142,9.642857142857142,9.642857142857142,9.642857142857142,9.642857142857142,9.642857142857142,9.642857142857142,9.642857142857142,9.642857142857142,9.642857142857142,9.642857142857142,9.642857142857142,9.642857142857142,9.642857142857142,9.642857142857142,9.642857142857142,9.642857142857142,9.642857142857142,9.642857142857142,9.642857142857142,9.642857142857142,9.642857142857142,9.642857142857142,9.642857142857142,9.642857142857142,9.642857142857142,9.642857142857142,9.642857142857142,9.642857142857142,9.642857142857142,9.642857142857142,9.642857142857142,9.642857142857142,9.642857142857142,9.642857142857142,9.642857142857142,9.642857142857142,9.642857142857142,9.642857142857142,9.642857142857142,9.642857142857142,9.642857142857142,9.642857142857142,9.642857142857142,9.642857142857142,9.642857142857142,9.642857142857142,9.642857142857142,9.642857142857142,9.642857142857142,9.642857142857142,9.642857142857142,9.642857142857142,9.642857142857142,9.642857142857142,9.642857142857142,14.642857142857142,5.5,26.64285714285714,5.668498168498168,0.0,0.0,2.0238095238095246,1.9285714285714304,9.017857142857142,9.017857142857142,9.017857142857142,9.017857142857142,9.017857142857142,9.017857142857142,9.017857142857142,9.017857142857142,9.017857142857142,9.017857142857142,9.017857142857142,9.017857142857142,9.017857142857142,9.017857142857142,9.017857142857142,9.017857142857142,9.017857142857142,9.017857142857142,9.017857142857142,9.017857142857142,9.017857142857142,9.017857142857142,9.017857142857142,9.017857142857142,9.017857142857142,9.017857142857142,9.017857142857142,9.017857142857142,9.017857142857142,9.017857142857142,9.017857142857142,9.017857142857142,9.017857142857142,9.017857142857142,9.017857142857142,9.017857142857142,9.017857142857142,9.017857142857142,9.017857142857142,9.017857142857142,9.017857142857142,9.017857142857142,9.017857142857142,9.017857142857142,9.017857142857142,9.017857142857142,9.017857142857142,9.017857142857142,9.017857142857142,9.017857142857142,2.1428571428571406,2.1428571428571406,1.0714285714285734,1.0714285714285734,1.0714285714285734,1.0714285714285734,1.0714285714285734,1.0714285714285734,1.0714285714285734,4.357142857142858,4.357142857142858,4.357142857142858,4.357142857142858,6.126373626373626,6.126373626373626,6.126373626373626,7.98872180451128,7.142857142857142,7.142857142857142,7.142857142857142,7.142857142857142,7.142857142857142,7.142857142857142,7.142857142857142,7.142857142857142,7.142857142857142,7.142857142857142,7.142857142857142
29.242857142857154,1.9155844155844146,1.9155844155844146,0.6547619047619038,18.64285714285714,12.142857142857142,10.14285714285714,10.14285714285714,10.14285714285714,10.14285714285714,10.14285714285714,3.309523809523809,3.309523809523809,3.309523809523809,19.64285714285714,9.285714285714283,9.285714285714283,9.285714285714283,9.285714285714283,9.285714285714283,9.285714285714283,9.285714285714283,9.285714285714283,9.285714285714283,9.285714285714283,9.285714285714283,9.285714285714283,9.285714285714283,9.285714285714283,9.285714285714283,9.285714285714283,9.285714285714283,9.285714285714283,9.285714285714283,9.285714285714283,9.285714285714283,9.285714285714283,9.285714285714283,9.285714285714283,7.309523809523807,7.309523809523807,1.7857142857142851,10.892857142857142,10.892857142857142,10.892857142857142,10.892857142857142,10.892857142857142,10.892857142857142,10.892857142857142,10.892857142857142,10.892857142857142,10.892857142857142,10.892857142857142,10.892857142857142,4.6428571428571415,1.071428571428571,24.642857142857146,24.642857142857146,7.251552795031054,7.251552795031054,28.279220779220786,0.3571428571428559,0.3571428571428559,2.266233766233768,9.642857142857142,9.642857142857142,9.642857142857142,9.642857142857142,9.642857142857142,9.642857142857142,9.642857142857142,9.642857142857142,9.642857142857142,9.642857142857142,9.642857142857142,9.642857142857142,9.642857142857142,9.642857142857142,9.642857142857142,9.642857142857142,9.642857142857142,9.642857142857142,9.642857142857142,9.642857142857142,9.642857142857142,9.642857142857142,9.642857142857142,9.642857142857142,9.642857142857142,9.642857142857142,9.642857142857142,9.642857142857142,9.642857142857142,9.642857142857142,9.642857142857142,9.642857142857142,9.642857142857142,9.642857142857142,9.642857142857142,9.642857142857142,9.642857142857142,9.642857142857142,9.642857142857142,9.642857142857142,9.642857142857142,9.642857142857142,9.642857142857142,9.642857142857142,9.642857142857142,9.642857142857142,9.642857142857142,9.642857142857142,9.642857142857142,9.642857142857142,9.642857142857142,9.642857142857142,9.642857142857142,9.642857142857142,9.642857142857142,9.642857142857142,9.642857142857142,9.642857142857142,14.642857142857142,5.5,26.64285714285714,5.668498168498168,0.0,0.0,2.0238095238095246,1.9285714285714304,9.017857142857142,9.017857142857142,9.017857142857142,9.017857142857142,9.017857142857142,9.017857142857142,9.017857142857142,9.017857142857142,9.017857142857142,9.017857142857142,9.017857142857142,9.017857142857142,9.017857142857142,9.017857142857142,9.017857142857142,9.017857142857142,9.017857142857142,9.017857142857142,9.017857142857142,9.017857142857142,9.017857142857142,9.017857142857142,9.017857142857142,9.017857142857142,9.017857142857142,9.017857142857142,9.017857142857142,9.017857142857142,9.017857142857142,9.017857142857142,9.017857142857142,9.017857142857142,9.017857142857142,9.017857142857142,9.017857142857142,9.017857142857142,9.017857142857142,9.017857142857142,9.017857142857142,9.017857142857142,9.017857142857142,9.017857142857142,9.017857142857142,9.017857142857142,9.017857142857142,9.017857142857142,9.017857142857142,9.017857142857142,9.017857142857142,9.017857142857142,2.1428571428571406,2.1428571428571406,1.0714285714285734,1.0714285714285734,1.0714285714285734,1.0714285714285734,1.0714285714285734,1.0714285714285734,1.0714285714285734,4.357142857142858,4.357142857142858,4.357142857142858,4.357142857142858,6.126373626373626,6.126373626373626,6.126373626373626,7.98872180451128,7.142857142857142,7.142857142857142,7.142857142857142,7.142857142857142,7.142857142857142,7.142857142857142,7.142857142857142,7.142857142857142,7.142857142857142,7.142857142857142,7.142857142857142
31.266666666666666,3.9393939393939394,3.9393939393939394,2.2644927536231885,20.666666666666664,14.166666666666664,12.166666666666663,12.166666666666663,12.166666666666663,12.166666666666663,12.166666666666663,5.333333333333336,5.333333333333336,5.333333333333336,21.66666666666667,11.309523809523807,11.309523809523807,11.309523809523807,11.309523809523807,11.309523809523807,11.309523809523807,11.309523809523807,11.309523809523807,11.309523809523807,11.309523809523807,11.309523809523807,11.309523809523807,11.309523809523807,11.309523809523807,11.309523809523807,11.309523809523807,11.309523809523807,11.309523809523807,11.309523809523807,11.309523809523807,11.309523809523807,11.309523809523807,11.309523809523807,11.309523809523807,9.333333333333336,9.333333333333336,3.809523809523807,12.916666666666664,12.916666666666664,12.916666666666664,12.916666666666664,12.916666666666664,12.916666666666664,12.916666666666664,12.916666666666664,12.916666666666664,12.916666666666664,12.916666666666664,12.916666666666664,6.666666666666668,3.0952380952380953,26.66666666666666,26.66666666666666,9.275362318840582,9.275362318840582,30.30303030303029,2.3809523809523805,2.3809523809523805,0.24242424242424443,11.666666666666666,11.666666666666666,11.666666666666666,11.666666666666666,11.666666666666666,11.666666666666666,11.666666666666666,11.666666666666666,11.666666666666666,11.666666666666666,11.666666666666666,11.666666666666666,11.666666666666666,11.666666666666666,11.666666666666666,11.666666666666666,11.666666666666666,11.666666666666666,11.666666666666666,11.666666666666666,11.666666666666666,11.666666666666666,11.666666666666666,11.666666666666666,11.666666666666666,11.666666666666666,11.666666666666666,11.666666666666666,11.666666666666666,11.666666666666666,11.666666666666666,11.666666666666666,11.666666666666666,11.666666666666666,11.666666666666666,11.666666666666666,11.666666666666666,11.666666666666666,11.666666666666666,11.666666666666666,11.666666666666666,11.666666666666666,11.666666666666666,11.666666666666666,11.666666666666666,11.666666666666666,11.666666666666666,11.666666666666666,11.666666666666666,11.666666666666666,11.666666666666666,11.666666666666666,11.666666666666666,11.666666666666666,11.666666666666666,11.666666666666666,11.666666666666666,11.666666666666666,16.666666666666664,7.523809523809523,28.66666666666667,7.692307692307693,2.0238095238095246,2.0238095238095246,0.0,0.31884057971014546,11.041666666666664,11.041666666666664,11.041666666666664,11.041666666666664,11.041666666666664,11.041666666666664,11.041666666666664,11.041666666666664,11.041666666666664,11.041666666666664,11.041666666666664,11.041666666666664,11.041666666666664,11.041666666666664,11.041666666666664,11.041666666666664,11.041666666666664,11.041666666666664,11.041666666666664,11.041666666666664,11.041666666666664,11.041666666666664,11.041666666666664,11.041666666666664,11.041666666666664,11.041666666666664,11.041666666666664,11.041666666666664,11.041666666666664,11.041666666666664,11.041666666666664,11.041666666666664,11.041666666666664,11.041666666666664,11.041666666666664,11.041666666666664,11.041666666666664,11.041666666666664,11.041666666666664,11.041666666666664,11.041666666666664,11.041666666666664,11.041666666666664,11.041666666666664,11.041666666666664,11.041666666666664,11.041666666666664,11.041666666666664,11.041666666666664,11.041666666666664,4.166666666666666,4.166666666666666,0.9523809523809522,0.9523809523809522,0.9523809523809522,0.9523809523809522,0.9523809523809522,0.9523809523809522,0.9523809523809522,2.333333333333333,2.333333333333333,2.333333333333333,2.333333333333333,4.102564102564102,4.102564102564102,4.102564102564102,5.964912280701755,9.166666666666664,9.166666666666664,9.166666666666664,9.166666666666664,9.166666666666664,9.166666666666664,9.166666666666664,9.166666666666664,9.166666666666664,9.166666666666664,9.166666666666664
31.171428571428585,3.8441558441558454,3.8441558441558454,2.5833333333333326,20.571428571428577,14.07142857142857,12.071428571428573,12.071428571428573,12.071428571428573,12.071428571428573,12.071428571428573,5.238095238095242,5.238095238095242,5.238095238095242,21.57142857142857,11.214285714285714,11.214285714285714,11.214285714285714,11.214285714285714,11.214285714285714,11.214285714285714,11.214285714285714,11.214285714285714,11.214285714285714,11.214285714285714,11.214285714285714,11.214285714285714,11.214285714285714,11.214285714285714,11.214285714285714,11.214285714285714,11.214285714285714,11.214285714285714,11.214285714285714,11.214285714285714,11.214285714285714,11.214285714285714,11.214285714285714,11.214285714285714,9.238095238095239,9.238095238095239,3.7142857142857144,12.821428571428571,12.821428571428571,12.821428571428571,12.821428571428571,12.821428571428571,12.821428571428571,12.821428571428571,12.821428571428571,12.821428571428571,12.821428571428571,12.821428571428571,12.821428571428571,6.571428571428571,3.0000000000000018,26.57142857142857,26.57142857142857,9.180124223602489,9.180124223602489,30.20779220779221,2.285714285714286,2.285714285714286,0.3376623376623378,11.571428571428575,11.571428571428575,11.571428571428575,11.571428571428575,11.571428571428575,11.571428571428575,11.571428571428575,11.571428571428575,11.571428571428575,11.571428571428575,11.571428571428575,11.571428571428575,11.571428571428575,11.571428571428575,11.571428571428575,11.571428571428575,11.571428571428575,11.571428571428575,11.571428571428575,11.571428571428575,11.571428571428575,11.571428571428575,11.571428571428575,11.571428571428575,11.571428571428575,11.571428571428575,11.571428571428575,11.571428571428575,11.571428571428575,11.571428571428575,11.571428571428575,11.571428571428575,11.571428571428575,11.571428571428575,11.571428571428575,11.571428571428575,11.571428571428575,11.571428571428575,11.571428571428575,11.571428571428575,11.571428571428575,11.571428571428575,11.571428571428575,11.571428571428575,11.571428571428575,11.571428571428575,11.571428571428575,11.571428571428575,11.571428571428575,11.571428571428575,11.571428571428575,11.571428571428575,11.571428571428575,11.571428571428575,11.571428571428575,11.571428571428575,11.571428571428575,11.571428571428575,16.57142857142857,7.428571428571429,28.571428571428562,7.5970695970696,1.9285714285714304,1.9285714285714304,0.31884057971014546,0.0,10.946428571428571,10.946428571428571,10.946428571428571,10.946428571428571,10.946428571428571,10.946428571428571,10.946428571428571,10.946428571428571,10.946428571428571,10.946428571428571,10.946428571428571,10.946428571428571,10.946428571428571,10.946428571428571,10.946428571428571,10.946428571428571,10.946428571428571,10.946428571428571,10.946428571428571,10.946428571428571,10.946428571428571,10.946428571428571,10.946428571428571,10.946428571428571,10.946428571428571,10.946428571428571,10.946428571428571,10.946428571428571,10.946428571428571,10.946428571428571,10.946428571428571,10.946428571428571,10.946428571428571,10.946428571428571,10.946428571428571,10.946428571428571,10.946428571428571,10.946428571428571,10.946428571428571,10.946428571428571,10.946428571428571,10.946428571428571,10.946428571428571,10.946428571428571,10.946428571428571,10.946428571428571,10.946428571428571,10.946428571428571,10.946428571428571,10.946428571428571,4.071428571428571,4.071428571428571,0.8571428571428574,0.8571428571428574,0.8571428571428574,0.8571428571428574,0.8571428571428574,0.8571428571428574,0.8571428571428574,2.4285714285714275,2.4285714285714275,2.4285714285714275,2.4285714285714275,4.197802197802195,4.197802197802195,4.197802197802195,6.060150375939848,9.071428571428571,9.071428571428571,9.071428571428571,9.071428571428571,9.071428571428571,9.071428571428571,9.071428571428571,9.071428571428571,9.071428571428571,9.071428571428571,9.071428571428571
20.22500000000001,7.102272727272727,7.102272727272727,8.958333333333334,9.625000000000004,3.124999999999999,1.1249999999999993,1.1249999999999993,1.1249999999999993,1.1249999999999993,1.1249999999999993,5.708333333333332,5.708333333333332,5.708333333333332,10.624999999999998,0.26785714285714257,0.26785714285714257,0.26785714285714257,0.26785714285714257,0.26785714285714257,0.26785714285714257,0.26785714285714257,0.26785714285714257,0.26785714285714257,0.26785714285714257,0.26785714285714257,0.26785714285714257,0.26785714285714257,0.26785714285714257,0.26785714285714257,0.26785714285714257,0.26785714285714257,0.26785714285714257,0.26785714285714257,0.26785714285714257,0.26785714285714257,0.26785714285714257,0.26785714285714257,0.26785714285714257,1.7083333333333335,1.7083333333333335,7.232142857142857,1.875,1.875,1.875,1.875,1.875,1.875,1.875,1.875,1.875,1.875,1.875,1.875,4.375000000000001,7.94642857142857,15.625000000000002,15.625000000000002,1.7663043478260878,1.7663043478260878,19.261363636363633,8.660714285714286,8.660714285714286,11.28409090909091,0.6250000000000018,0.6250000000000018,0.6250000000000018,0.6250000000000018,0.6250000000000018,0.6250000000000018,0.6250000000000018,0.6250000000000018,0.6250000000000018,0.6250000000000018,0.6250000000000018,0.6250000000000018,0.6250000000000018,0.6250000000000018,0.6250000000000018,0.6250000000000018,0.6250000000000018,0.6250000000000018,0.6250000000000018,0.6250000000000018,0.6250000000000018,0.6250000000000018,0.6250000000000018,0.6250000000000018,0.6250000000000018,0.6250000000000018,0.6250000000000018,0.6250000000000018,0.6250000000000018,0.6250000000000018,0.6250000000000018,0.6250000000000018,0.6250000000000018,0.6250000000000018,0.6250000000000018,0.6250000000000018,0.6250000000000018,0.6250000000000018,0.6250000000000018,0.6250000000000018,0.6250000000000018,0.6250000000000018,0.6250000000000018,0.6250000000000018,0.6250000000000018,0.6250000000000018,0.6250000000000018,0.6250000000000018,0.6250000000000018,0.6250000000000018,0.6250000000000018,0.6250000000000018,0.6250000000000018,0.6250000000000018,0.6250000000000018,0.6250000000000018,0.6250000000000018,0.6250000000000018,5.624999999999998,3.5178571428571455,17.625,3.3493589743589736,9.017857142857142,9.017857142857142,11.041666666666664,10.946428571428571,0.0,0.0,0.0,0.0,0.0,0.0,0.0,0.0,0.0,0.0,0.0,0.0,0.0,0.0,0.0,0.0,0.0,0.0,0.0,0.0,0.0,0.0,0.0,0.0,0.0,0.0,0.0,0.0,0.0,0.0,0.0,0.0,0.0,0.0,0.0,0.0,0.0,0.0,0.0,0.0,0.0,0.0,0.0,0.0,0.0,0.0,0.0,0.0,0.0,0.0,6.875000000000002,6.875000000000002,10.089285714285715,10.089285714285715,10.089285714285715,10.089285714285715,10.089285714285715,10.089285714285715,10.089285714285715,13.375,13.375,13.375,13.375,15.144230769230772,15.144230769230772,15.144230769230772,17.006578947368425,1.875,1.875,1.875,1.875,1.875,1.875,1.875,1.875,1.875,1.875,1.875
20.22500000000001,7.102272727272727,7.102272727272727,8.958333333333334,9.625000000000004,3.124999999999999,1.1249999999999993,1.1249999999999993,1.1249999999999993,1.1249999999999993,1.1249999999999993,5.708333333333332,5.708333333333332,5.708333333333332,10.624999999999998,0.26785714285714257,0.26785714285714257,0.26785714285714257,0.26785714285714257,0.26785714285714257,0.26785714285714257,0.26785714285714257,0.26785714285714257,0.26785714285714257,0.26785714285714257,0.26785714285714257,0.26785714285714257,0.26785714285714257,0.26785714285714257,0.26785714285714257,0.26785714285714257,0.26785714285714257,0.26785714285714257,0.26785714285714257,0.26785714285714257,0.26785714285714257,0.26785714285714257,0.26785714285714257,0.26785714285714257,1.7083333333333335,1.7083333333333335,7.232142857142857,1.875,1.875,1.875,1.875,1.875,1.875,1.875,1.875,1.875,1.875,1.875,1.875,4.375000000000001,7.94642857142857,15.625000000000002,15.625000000000002,1.7663043478260878,1.7663043478260878,19.261363636363633,8.660714285714286,8.660714285714286,11.28409090909091,0.6250000000000018,0.6250000000000018,0.6250000000000018,0.6250000000000018,0.6250000000000018,0.6250000000000018,0.6250000000000018,0.6250000000000018,0.6250000000000018,0.6250000000000018,0.6250000000000018,0.6250000000000018,0.6250000000000018,0.6250000000000018,0.6250000000000018,0.6250000000000018,0.6250000000000018,0.6250000000000018,0.6250000000000018,0.6250000000000018,0.6250000000000018,0.6250000000000018,0.6250000000000018,0.6250000000000018,0.6250000000000018,0.6250000000000018,0.6250000000000018,0.6250000000000018,0.6250000000000018,0.6250000000000018,0.6250000000000018,0.6250000000000018,0.6250000000000018,0.6250000000000018,0.6250000000000018,0.6250000000000018,0.6250000000000018,0.6250000000000018,0.6250000000000018,0.6250000000000018,0.6250000000000018,0.6250000000000018,0.6250000000000018,0.6250000000000018,0.6250000000000018,0.6250000000000018,0.6250000000000018,0.6250000000000018,0.6250000000000018,0.6250000000000018,0.6250000000000018,0.6250000000000018,0.6250000000000018,0.6250000000000018,0.6250000000000018,0.6250000000000018,0.6250000000000018,0.6250000000000018,5.624999999999998,3.5178571428571455,17.625,3.3493589743589736,9.017857142857142,9.017857142857142,11.041666666666664,10.946428571428571,0.0,0.0,0.0,0.0,0.0,0.0,0.0,0.0,0.0,0.0,0.0,0.0,0.0,0.0,0.0,0.0,0.0,0.0,0.0,0.0,0.0,0.0,0.0,0.0,0.0,0.0,0.0,0.0,0.0,0.0,0.0,0.0,0.0,0.0,0.0,0.0,0.0,0.0,0.0,0.0,0.0,0.0,0.0,0.0,0.0,0.0,0.0,0.0,0.0,0.0,6.875000000000002,6.875000000000002,10.089285714285715,10.089285714285715,10.089285714285715,10.089285714285715,10.089285714285715,10.089285714285715,10.089285714285715,13.375,13.375,13.375,13.375,15.144230769230772,15.144230769230772,15.144230769230772,17.006578947368425,1.875,1.875,1.875,1.875,1.875,1.875,1.875,1.875,1.875,1.875,1.875
20.22500000000001,7.102272727272727,7.102272727272727,8.958333333333334,9.625000000000004,3.124999999999999,1.1249999999999993,1.1249999999999993,1.1249999999999993,1.1249999999999993,1.1249999999999993,5.708333333333332,5.708333333333332,5.708333333333332,10.624999999999998,0.26785714285714257,0.26785714285714257,0.26785714285714257,0.26785714285714257,0.26785714285714257,0.26785714285714257,0.26785714285714257,0.26785714285714257,0.26785714285714257,0.26785714285714257,0.26785714285714257,0.26785714285714257,0.26785714285714257,0.26785714285714257,0.26785714285714257,0.26785714285714257,0.26785714285714257,0.26785714285714257,0.26785714285714257,0.26785714285714257,0.26785714285714257,0.26785714285714257,0.26785714285714257,0.26785714285714257,1.7083333333333335,1.7083333333333335,7.232142857142857,1.875,1.875,1.875,1.875,1.875,1.875,1.875,1.875,1.875,1.875,1.875,1.875,4.375000000000001,7.94642857142857,15.625000000000002,15.625000000000002,1.7663043478260878,1.7663043478260878,19.261363636363633,8.660714285714286,8.660714285714286,11.28409090909091,0.6250000000000018,0.6250000000000018,0.6250000000000018,0.6250000000000018,0.6250000000000018,0.6250000000000018,0.6250000000000018,0.6250000000000018,0.6250000000000018,0.6250000000000018,0.6250000000000018,0.6250000000000018,0.6250000000000018,0.6250000000000018,0.6250000000000018,0.6250000000000018,0.6250000000000018,0.6250000000000018,0.6250000000000018,0.6250000000000018,0.6250000000000018,0.6250000000000018,0.6250000000000018,0.6250000000000018,0.6250000000000018,0.6250000000000018,0.6250000000000018,0.6250000000000018,0.6250000000000018,0.6250000000000018,0.6250000000000018,0.6250000000000018,0.6250000000000018,0.6250000000000018,0.6250000000000018,0.6250000000000018,0.6250000000000018,0.6250000000000018,0.6250000000000018,0.6250000000000018,0.6250000000000018,0.6250000000000018,0.6250000000000018,0.6250000000000018,0.6250000000000018,0.6250000000000018,0.6250000000000018,0.6250000000000018,0.6250000000000018,0.6250000000000018,0.6250000000000018,0.6250000000000018,0.6250000000000018,0.6250000000000018,0.6250000000000018,0.6250000000000018,0.6250000000000018,0.6250000000000018,5.624999999999998,3.5178571428571455,17.625,3.3493589743589736,9.017857142857142,9.017857142857142,11.041666666666664,10.946428571428571,0.0,0.0,0.0,0.0,0.0,0.0,0.0,0.0,0.0,0.0,0.0,0.0,0.0,0.0,0.0,0.0,0.0,0.0,0.0,0.0,0.0,0.0,0.0,0.0,0.0,0.0,0.0,0.0,0.0,0.0,0.0,0.0,0.0,0.0,0.0,0.0,0.0,0.0,0.0,0.0,0.0,0.0,0.0,0.0,0.0,0.0,0.0,0.0,0.0,0.0,6.875000000000002,6.875000000000002,10.089285714285715,10.089285714285715,10.089285714285715,10.089285714285715,10.089285714285715,10.089285714285715,10.089285714285715,13.375,13.375,13.375,13.375,15.144230769230772,15.144230769230772,15.144230769230772,17.006578947368425,1.875,1.875,1.875,1.875,1.875,1.875,1.875,1.875,1.875,1.875,1.875
20.22500000000001,7.102272727272727,7.102272727272727,8.958333333333334,9.625000000000004,3.124999999999999,1.1249999999999993,1.1249999999999993,1.1249999999999993,1.1249999999999993,1.1249999999999993,5.708333333333332,5.708333333333332,5.708333333333332,10.624999999999998,0.26785714285714257,0.26785714285714257,0.26785714285714257,0.26785714285714257,0.26785714285714257,0.26785714285714257,0.26785714285714257,0.26785714285714257,0.26785714285714257,0.26785714285714257,0.26785714285714257,0.26785714285714257,0.26785714285714257,0.26785714285714257,0.26785714285714257,0.26785714285714257,0.26785714285714257,0.26785714285714257,0.26785714285714257,0.26785714285714257,0.26785714285714257,0.26785714285714257,0.26785714285714257,0.26785714285714257,1.7083333333333335,1.7083333333333335,7.232142857142857,1.875,1.875,1.875,1.875,1.875,1.875,1.875,1.875,1.875,1.875,1.875,1.875,4.375000000000001,7.94642857142857,15.625000000000002,15.625000000000002,1.7663043478260878,1.7663043478260878,19.261363636363633,8.660714285714286,8.660714285714286,11.28409090909091,0.6250000000000018,0.6250000000000018,0.6250000000000018,0.6250000000000018,0.6250000000000018,0.6250000000000018,0.6250000000000018,0.6250000000000018,0.6250000000000018,0.6250000000000018,0.6250000000000018,0.6250000000000018,0.6250000000000018,0.6250000000000018,0.6250000000000018,0.6250000000000018,0.6250000000000018,0.6250000000000018,0.6250000000000018,0.6250000000000018,0.6250000000000018,0.6250000000000018,0.6250000000000018,0.6250000000000018,0.6250000000000018,0.6250000000000018,0.6250000000000018,0.6250000000000018,0.6250000000000018,0.6250000000000018,0.6250000000000018,0.6250000000000018,0.6250000000000018,0.6250000000000018,0.6250000000000018,0.6250000000000018,0.6250000000000018,0.6250000000000018,0.6250000000000018,0.6250000000000018,0.6250000000000018,0.6250000000000018,0.6250000000000018,0.6250000000000018,0.6250000000000018,0.6250000000000018,0.6250000000000018,0.6250000000000018,0.6250000000000018,0.6250000000000018,0.6250000000000018,0.6250000000000018,0.6250000000000018,0.6250000000000018,0.6250000000000018,0.6250000000000018,0.6250000000000018,0.6250000000000018,5.624999999999998,3.5178571428571455,17.625,3.3493589743589736,9.017857142857142,9.017857142857142,11.041666666666664,10.946428571428571,0.0,0.0,0.0,0.0,0.0,0.0,0.0,0.0,0.0,0.0,0.0,0.0,0.0,0.0,0.0,0.0,0.0,0.0,0.0,0.0,0.0,0.0,0.0,0.0,0.0,0.0,0.0,0.0,0.0,0.0,0.0,0.0,0.0,0.0,0.0,0.0,0.0,0.0,0.0,0.0,0.0,0.0,0.0,0.0,0.0,0.0,0.0,0.0,0.0,0.0,6.875000000000002,6.875000000000002,10.089285714285715,10.089285714285715,10.089285714285715,10.089285714285715,10.089285714285715,10.089285714285715,10.089285714285715,13.375,13.375,13.375,13.375,15.144230769230772,15.144230769230772,15.144230769230772,17.006578947368425,1.875,1.875,1.875,1.875,1.875,1.875,1.875,1.875,1.875,1.875,1.875
20.22500000000001,7.102272727272727,7.102272727272727,8.958333333333334,9.625000000000004,3.124999999999999,1.1249999999999993,1.1249999999999993,1.1249999999999993,1.1249999999999993,1.1249999999999993,5.708333333333332,5.708333333333332,5.708333333333332,10.624999999999998,0.26785714285714257,0.26785714285714257,0.26785714285714257,0.26785714285714257,0.26785714285714257,0.26785714285714257,0.26785714285714257,0.26785714285714257,0.26785714285714257,0.26785714285714257,0.26785714285714257,0.26785714285714257,0.26785714285714257,0.26785714285714257,0.26785714285714257,0.26785714285714257,0.26785714285714257,0.26785714285714257,0.26785714285714257,0.26785714285714257,0.26785714285714257,0.26785714285714257,0.26785714285714257,0.26785714285714257,1.7083333333333335,1.7083333333333335,7.232142857142857,1.875,1.875,1.875,1.875,1.875,1.875,1.875,1.875,1.875,1.875,1.875,1.875,4.375000000000001,7.94642857142857,15.625000000000002,15.625000000000002,1.7663043478260878,1.7663043478260878,19.261363636363633,8.660714285714286,8.660714285714286,11.28409090909091,0.6250000000000018,0.6250000000000018,0.6250000000000018,0.6250000000000018,0.6250000000000018,0.6250000000000018,0.6250000000000018,0.6250000000000018,0.6250000000000018,0.6250000000000018,0.6250000000000018,0.6250000000000018,0.6250000000000018,0.6250000000000018,0.6250000000000018,0.6250000000000018,0.6250000000000018,0.6250000000000018,0.6250000000000018,0.6250000000000018,0.6250000000000018,0.6250000000000018,0.6250000000000018,0.6250000000000018,0.6250000000000018,0.6250000000000018,0.6250000000000018,0.6250000000000018,0.6250000000000018,0.6250000000000018,0.6250000000000018,0.6250000000000018,0.6250000000000018,0.6250000000000018,0.6250000000000018,0.6250000000000018,0.6250000000000018,0.6250000000000018,0.6250000000000018,0.6250000000000018,0.6250000000000018,0.6250000000000018,0.6250000000000018,0.6250000000000018,0.6250000000000018,0.6250000000000018,0.6250000000000018,0.6250000000000018,0.6250000000000018,0.6250000000000018,0.6250000000000018,0.6250000000000018,0.6250000000000018,0.6250000000000018,0.6250000000000018,0.6250000000000018,0.6250000000000018,0.6250000000000018,5.624999999999998,3.5178571428571455,17.625,3.3493589743589736,9.017857142857142,9.017857142857142,11.041666666666664,10.946428571428571,0.0,0.0,0.0,0.0,0.0,0.0,0.0,0.0,0.0,0.0,0.0,0.0,0.0,0.0,0.0,0.0,0.0,0.0,0.0,0.0,0.0,0.0,0.0,0.0,0.0,0.0,0.0,0.0,0.0,0.0,0.0,0.0,0.0,0.0,0.0,0.0,0.0,0.0,0.0,0.0,0.0,0.0,0.0,0.0,0.0,0.0,0.0,0.0,0.0,0.0,6.875000000000002,6.875000000000002,10.089285714285715,10.089285714285715,10.089285714285715,10.089285714285715,10.089285714285715,10.089285714285715,10.089285714285715,13.375,13.375,13.375,13.375,15.144230769230772,15.144230769230772,15.144230769230772,17.006578947368425,1.875,1.875,1.875,1.875,1.875,1.875,1.875,1.875,1.875,1.875,1.875
20.22500000000001,7.102272727272727,7.102272727272727,8.958333333333334,9.625000000000004,3.124999999999999,1.1249999999999993,1.1249999999999993,1.1249999999999993,1.1249999999999993,1.1249999999999993,5.708333333333332,5.708333333333332,5.708333333333332,10.624999999999998,0.26785714285714257,0.26785714285714257,0.26785714285714257,0.26785714285714257,0.26785714285714257,0.26785714285714257,0.26785714285714257,0.26785714285714257,0.26785714285714257,0.26785714285714257,0.26785714285714257,0.26785714285714257,0.26785714285714257,0.26785714285714257,0.26785714285714257,0.26785714285714257,0.26785714285714257,0.26785714285714257,0.26785714285714257,0.26785714285714257,0.26785714285714257,0.26785714285714257,0.26785714285714257,0.26785714285714257,1.7083333333333335,1.7083333333333335,7.232142857142857,1.875,1.875,1.875,1.875,1.875,1.875,1.875,1.875,1.875,1.875,1.875,1.875,4.375000000000001,7.94642857142857,15.625000000000002,15.625000000000002,1.7663043478260878,1.7663043478260878,19.261363636363633,8.660714285714286,8.660714285714286,11.28409090909091,0.6250000000000018,0.6250000000000018,0.6250000000000018,0.6250000000000018,0.6250000000000018,0.6250000000000018,0.6250000000000018,0.6250000000000018,0.6250000000000018,0.6250000000000018,0.6250000000000018,0.6250000000000018,0.6250000000000018,0.6250000000000018,0.6250000000000018,0.6250000000000018,0.6250000000000018,0.6250000000000018,0.6250000000000018,0.6250000000000018,0.6250000000000018,0.6250000000000018,0.6250000000000018,0.6250000000000018,0.6250000000000018,0.6250000000000018,0.6250000000000018,0.6250000000000018,0.6250000000000018,0.6250000000000018,0.6250000000000018,0.6250000000000018,0.6250000000000018,0.6250000000000018,0.6250000000000018,0.6250000000000018,0.6250000000000018,0.6250000000000018,0.6250000000000018,0.6250000000000018,0.6250000000000018,0.6250000000000018,0.6250000000000018,0.6250000000000018,0.6250000000000018,0.6250000000000018,0.6250000000000018,0.6250000000000018,0.6250000000000018,0.6250000000000018,0.6250000000000018,0.6250000000000018,0.6250000000000018,0.6250000000000018,0.6250000000000018,0.6250000000000018,0.6250000000000018,0.6250000000000018,5.624999999999998,3.5178571428571455,17.625,3.3493589743589736,9.017857142857142,9.017857142857142,11.041666666666664,10.946428571428571,0.0,0.0,0.0,0.0,0.0,0.0,0.0,0.0,0.0,0.0,0.0,0.0,0.0,0.0,0.0,0.0,0.0,0.0,0.0,0.0,0.0,0.0,0.0,0.0,0.0,0.0,0.0,0.0,0.0,0.0,0.0,0.0,0.0,0.0,0.0,0.0,0.0,0.0,0.0,0.0,0.0,0.0,0.0,0.0,0.0,0.0,0.0,0.0,0.0,0.0,6.875000000000002,6.875000000000002,10.089285714285715,10.089285714285715,10.089285714285715,10.089285714285715,10.089285714285715,10.089285714285715,10.089285714285715,13.375,13.375,13.375,13.375,15.144230769230772,15.144230769230772,15.144230769230772,17.006578947368425,1.875,1.875,1.875,1.875,1.875,1.875,1.875,1.875,1.875,1.875,1.875
20.22500000000001,7.102272727272727,7.102272727272727,8.958333333333334,9.625000000000004,3.124999999999999,1.1249999999999993,1.1249999999999993,1.1249999999999993,1.1249999999999993,1.1249999999999993,5.708333333333332,5.708333333333332,5.708333333333332,10.624999999999998,0.26785714285714257,0.26785714285714257,0.26785714285714257,0.26785714285714257,0.26785714285714257,0.26785714285714257,0.26785714285714257,0.26785714285714257,0.26785714285714257,0.26785714285714257,0.26785714285714257,0.26785714285714257,0.26785714285714257,0.26785714285714257,0.26785714285714257,0.26785714285714257,0.26785714285714257,0.26785714285714257,0.26785714285714257,0.26785714285714257,0.26785714285714257,0.26785714285714257,0.26785714285714257,0.26785714285714257,1.7083333333333335,1.7083333333333335,7.232142857142857,1.875,1.875,1.875,1.875,1.875,1.875,1.875,1.875,1.875,1.875,1.875,1.875,4.375000000000001,7.94642857142857,15.625000000000002,15.625000000000002,1.7663043478260878,1.7663043478260878,19.261363636363633,8.660714285714286,8.660714285714286,11.28409090909091,0.6250000000000018,0.6250000000000018,0.6250000000000018,0.6250000000000018,0.6250000000000018,0.6250000000000018,0.6250000000000018,0.6250000000000018,0.6250000000000018,0.6250000000000018,0.6250000000000018,0.6250000000000018,0.6250000000000018,0.6250000000000018,0.6250000000000018,0.6250000000000018,0.6250000000000018,0.6250000000000018,0.6250000000000018,0.6250000000000018,0.6250000000000018,0.6250000000000018,0.6250000000000018,0.6250000000000018,0.6250000000000018,0.6250000000000018,0.6250000000000018,0.6250000000000018,0.6250000000000018,0.6250000000000018,0.6250000000000018,0.6250000000000018,0.6250000000000018,0.6250000000000018,0.6250000000000018,0.6250000000000018,0.6250000000000018,0.6250000000000018,0.6250000000000018,0.6250000000000018,0.6250000000000018,0.6250000000000018,0.6250000000000018,0.6250000000000018,0.6250000000000018,0.6250000000000018,0.6250000000000018,0.6250000000000018,0.6250000000000018,0.6250000000000018,0.6250000000000018,0.6250000000000018,0.6250000000000018,0.6250000000000018,0.6250000000000018,0.6250000000000018,0.6250000000000018,0.6250000000000018,5.624999999999998,3.5178571428571455,17.625,3.3493589743589736,9.017857142857142,9.017857142857142,11.041666666666664,10.946428571428571,0.0,0.0,0.0,0.0,0.0,0.0,0.0,0.0,0.0,0.0,0.0,0.0,0.0,0.0,0.0,0.0,0.0,0.0,0.0,0.0,0.0,0.0,0.0,0.0,0.0,0.0,0.0,0.0,0.0,0.0,0.0,0.0,0.0,0.0,0.0,0.0,0.0,0.0,0.0,0.0,0.0,0.0,0.0,0.0,0.0,0.0,0.0,0.0,0.0,0.0,6.875000000000002,6.875000000000002,10.089285714285715,10.089285714285715,10.089285714285715,10.089285714285715,10.089285714285715,10.089285714285715,10.089285714285715,13.375,13.375,13.375,13.375,15.144230769230772,15.144230769230772,15.144230769230772,17.006578947368425,1.875,1.875,1.875,1.875,1.875,1.875,1.875,1.875,1.875,1.875,1.875
20.22500000000001,7.102272727272727,7.102272727272727,8.958333333333334,9.625000000000004,3.124999999999999,1.1249999999999993,1.1249999999999993,1.1249999999999993,1.1249999999999993,1.1249999999999993,5.708333333333332,5.708333333333332,5.708333333333332,10.624999999999998,0.26785714285714257,0.26785714285714257,0.26785714285714257,0.26785714285714257,0.26785714285714257,0.26785714285714257,0.26785714285714257,0.26785714285714257,0.26785714285714257,0.26785714285714257,0.26785714285714257,0.26785714285714257,0.26785714285714257,0.26785714285714257,0.26785714285714257,0.26785714285714257,0.26785714285714257,0.26785714285714257,0.26785714285714257,0.26785714285714257,0.26785714285714257,0.26785714285714257,0.26785714285714257,0.26785714285714257,1.7083333333333335,1.7083333333333335,7.232142857142857,1.875,1.875,1.875,1.875,1.875,1.875,1.875,1.875,1.875,1.875,1.875,1.875,4.375000000000001,7.94642857142857,15.625000000000002,15.625000000000002,1.7663043478260878,1.7663043478260878,19.261363636363633,8.660714285714286,8.660714285714286,11.28409090909091,0.6250000000000018,0.6250000000000018,0.6250000000000018,0.6250000000000018,0.6250000000000018,0.6250000000000018,0.6250000000000018,0.6250000000000018,0.6250000000000018,0.6250000000000018,0.6250000000000018,0.6250000000000018,0.6250000000000018,0.6250000000000018,0.6250000000000018,0.6250000000000018,0.6250000000000018,0.6250000000000018,0.6250000000000018,0.6250000000000018,0.6250000000000018,0.6250000000000018,0.6250000000000018,0.6250000000000018,0.6250000000000018,0.6250000000000018,0.6250000000000018,0.6250000000000018,0.6250000000000018,0.6250000000000018,0.6250000000000018,0.6250000000000018,0.6250000000000018,0.6250000000000018,0.6250000000000018,0.6250000000000018,0.6250000000000018,0.6250000000000018,0.6250000000000018,0.6250000000000018,0.6250000000000018,0.6250000000000018,0.6250000000000018,0.6250000000000018,0.6250000000000018,0.6250000000000018,0.6250000000000018,0.6250000000000018,0.6250000000000018,0.6250000000000018,0.6250000000000018,0.6250000000000018,0.6250000000000018,0.6250000000000018,0.6250000000000018,0.6250000000000018,0.6250000000000018,0.6250000000000018,5.624999999999998,3.5178571428571455,17.625,3.3493589743589736,9.017857142857142,9.017857142857142,11.041666666666664,10.946428571428571,0.0,0.0,0.0,0.0,0.0,0.0,0.0,0.0,0.0,0.0,0.0,0.0,0.0,0.0,0.0,0.0,0.0,0.0,0.0,0.0,0.0,0.0,0.0,0.0,0.0,0.0,0.0,0.0,0.0,0.0,0.0,0.0,0.0,0.0,0.0,0.0,0.0,0.0,0.0,0.0,0.0,0.0,0.0,0.0,0.0,0.0,0.0,0.0,0.0,0.0,6.875000000000002,6.875000000000002,10.089285714285715,10.089285714285715,10.089285714285715,10.089285714285715,10.089285714285715,10.089285714285715,10.089285714285715,13.375,13.375,13.375,13.375,15.144230769230772,15.144230769230772,15.144230769230772,17.006578947368425,1.875,1.875,1.875,1.875,1.875,1.875,1.875,1.875,1.875,1.875,1.875
20.22500000000001,7.102272727272727,7.102272727272727,8.958333333333334,9.625000000000004,3.124999999999999,1.1249999999999993,1.1249999999999993,1.1249999999999993,1.1249999999999993,1.1249999999999993,5.708333333333332,5.708333333333332,5.708333333333332,10.624999999999998,0.26785714285714257,0.26785714285714257,0.26785714285714257,0.26785714285714257,0.26785714285714257,0.26785714285714257,0.26785714285714257,0.26785714285714257,0.26785714285714257,0.26785714285714257,0.26785714285714257,0.26785714285714257,0.26785714285714257,0.26785714285714257,0.26785714285714257,0.26785714285714257,0.26785714285714257,0.26785714285714257,0.26785714285714257,0.26785714285714257,0.26785714285714257,0.26785714285714257,0.26785714285714257,0.26785714285714257,1.7083333333333335,1.7083333333333335,7.232142857142857,1.875,1.875,1.875,1.875,1.875,1.875,1.875,1.875,1.875,1.875,1.875,1.875,4.375000000000001,7.94642857142857,15.625000000000002,15.625000000000002,1.7663043478260878,1.7663043478260878,19.261363636363633,8.660714285714286,8.660714285714286,11.28409090909091,0.6250000000000018,0.6250000000000018,0.6250000000000018,0.6250000000000018,0.6250000000000018,0.6250000000000018,0.6250000000000018,0.6250000000000018,0.6250000000000018,0.6250000000000018,0.6250000000000018,0.6250000000000018,0.6250000000000018,0.6250000000000018,0.6250000000000018,0.6250000000000018,0.6250000000000018,0.6250000000000018,0.6250000000000018,0.6250000000000018,0.6250000000000018,0.6250000000000018,0.6250000000000018,0.6250000000000018,0.6250000000000018,0.6250000000000018,0.6250000000000018,0.6250000000000018,0.6250000000000018,0.6250000000000018,0.6250000000000018,0.6250000000000018,0.6250000000000018,0.6250000000000018,0.6250000000000018,0.6250000000000018,0.6250000000000018,0.6250000000000018,0.6250000000000018,0.6250000000000018,0.6250000000000018,0.6250000000000018,0.6250000000000018,0.6250000000000018,0.6250000000000018,0.6250000000000018,0.6250000000000018,0.6250000000000018,0.6250000000000018,0.6250000000000018,0.6250000000000018,0.6250000000000018,0.6250000000000018,0.6250000000000018,0.6250000000000018,0.6250000000000018,0.6250000000000018,0.6250000000000018,5.624999999999998,3.5178571428571455,17.625,3.3493589743589736,9.017857142857142,9.017857142857142,11.041666666666664,10.946428571428571,0.0,0.0,0.0,0.0,0.0,0.0,0.0,0.0,0.0,0.0,0.0,0.0,0.0,0.0,0.0,0.0,0.0,0.0,0.0,0.0,0.0,0.0,0.0,0.0,0.0,0.0,0.0,0.0,0.0,0.0,0.0,0.0,0.0,0.0,0.0,0.0,0.0,0.0,0.0,0.0,0.0,0.0,0.0,0.0,0.0,0.0,0.0,0.0,0.0,0.0,6.875000000000002,6.875000000000002,10.089285714285715,10.089285714285715,10.089285714285715,10.089285714285715,10.089285714285715,10.089285714285715,10.089285714285715,13.375,13.375,13.375,13.375,15.144230769230772,15.144230769230772,15.144230769230772,17.006578947368425,1.875,1.875,1.875,1.875,1.875,1.875,1.875,1.875,1.875,1.875,1.875
20.22500000000001,7.102272727272727,7.102272727272727,8.958333333333334,9.625000000000004,3.124999999999999,1.1249999999999993,1.1249999999999993,1.1249999999999993,1.1249999999999993,1.1249999999999993,5.708333333333332,5.708333333333332,5.708333333333332,10.624999999999998,0.26785714285714257,0.26785714285714257,0.26785714285714257,0.26785714285714257,0.26785714285714257,0.26785714285714257,0.26785714285714257,0.26785714285714257,0.26785714285714257,0.26785714285714257,0.26785714285714257,0.26785714285714257,0.26785714285714257,0.26785714285714257,0.26785714285714257,0.26785714285714257,0.26785714285714257,0.26785714285714257,0.26785714285714257,0.26785714285714257,0.26785714285714257,0.26785714285714257,0.26785714285714257,0.26785714285714257,1.7083333333333335,1.7083333333333335,7.232142857142857,1.875,1.875,1.875,1.875,1.875,1.875,1.875,1.875,1.875,1.875,1.875,1.875,4.375000000000001,7.94642857142857,15.625000000000002,15.625000000000002,1.7663043478260878,1.7663043478260878,19.261363636363633,8.660714285714286,8.660714285714286,11.28409090909091,0.6250000000000018,0.6250000000000018,0.6250000000000018,0.6250000000000018,0.6250000000000018,0.6250000000000018,0.6250000000000018,0.6250000000000018,0.6250000000000018,0.6250000000000018,0.6250000000000018,0.6250000000000018,0.6250000000000018,0.6250000000000018,0.6250000000000018,0.6250000000000018,0.6250000000000018,0.6250000000000018,0.6250000000000018,0.6250000000000018,0.6250000000000018,0.6250000000000018,0.6250000000000018,0.6250000000000018,0.6250000000000018,0.6250000000000018,0.6250000000000018,0.6250000000000018,0.6250000000000018,0.6250000000000018,0.6250000000000018,0.6250000000000018,0.6250000000000018,0.6250000000000018,0.6250000000000018,0.6250000000000018,0.6250000000000018,0.6250000000000018,0.6250000000000018,0.6250000000000018,0.6250000000000018,0.6250000000000018,0.6250000000000018,0.6250000000000018,0.6250000000000018,0.6250000000000018,0.6250000000000018,0.6250000000000018,0.6250000000000018,0.6250000000000018,0.6250000000000018,0.6250000000000018,0.6250000000000018,0.6250000000000018,0.6250000000000018,0.6250000000000018,0.6250000000000018,0.6250000000000018,5.624999999999998,3.5178571428571455,17.625,3.3493589743589736,9.017857142857142,9.017857142857142,11.041666666666664,10.946428571428571,0.0,0.0,0.0,0.0,0.0,0.0,0.0,0.0,0.0,0.0,0.0,0.0,0.0,0.0,0.0,0.0,0.0,0.0,0.0,0.0,0.0,0.0,0.0,0.0,0.0,0.0,0.0,0.0,0.0,0.0,0.0,0.0,0.0,0.0,0.0,0.0,0.0,0.0,0.0,0.0,0.0,0.0,0.0,0.0,0.0,0.0,0.0,0.0,0.0,0.0,6.875000000000002,6.875000000000002,10.089285714285715,10.089285714285715,10.089285714285715,10.089285714285715,10.089285714285715,10.089285714285715,10.089285714285715,13.375,13.375,13.375,13.375,15.144230769230772,15.144230769230772,15.144230769230772,17.006578947368425,1.875,1.875,1.875,1.875,1.875,1.875,1.875,1.875,1.875,1.875,1.875
20.22500000000001,7.102272727272727,7.102272727272727,8.958333333333334,9.625000000000004,3.124999999999999,1.1249999999999993,1.1249999999999993,1.1249999999999993,1.1249999999999993,1.1249999999999993,5.708333333333332,5.708333333333332,5.708333333333332,10.624999999999998,0.26785714285714257,0.26785714285714257,0.26785714285714257,0.26785714285714257,0.26785714285714257,0.26785714285714257,0.26785714285714257,0.26785714285714257,0.26785714285714257,0.26785714285714257,0.26785714285714257,0.26785714285714257,0.26785714285714257,0.26785714285714257,0.26785714285714257,0.26785714285714257,0.26785714285714257,0.26785714285714257,0.26785714285714257,0.26785714285714257,0.26785714285714257,0.26785714285714257,0.26785714285714257,0.26785714285714257,1.7083333333333335,1.7083333333333335,7.232142857142857,1.875,1.875,1.875,1.875,1.875,1.875,1.875,1.875,1.875,1.875,1.875,1.875,4.375000000000001,7.94642857142857,15.625000000000002,15.625000000000002,1.7663043478260878,1.7663043478260878,19.261363636363633,8.660714285714286,8.660714285714286,11.28409090909091,0.6250000000000018,0.6250000000000018,0.6250000000000018,0.6250000000000018,0.6250000000000018,0.6250000000000018,0.6250000000000018,0.6250000000000018,0.6250000000000018,0.6250000000000018,0.6250000000000018,0.6250000000000018,0.6250000000000018,0.6250000000000018,0.6250000000000018,0.6250000000000018,0.6250000000000018,0.6250000000000018,0.6250000000000018,0.6250000000000018,0.6250000000000018,0.6250000000000018,0.6250000000000018,0.6250000000000018,0.6250000000000018,0.6250000000000018,0.6250000000000018,0.6250000000000018,0.6250000000000018,0.6250000000000018,0.6250000000000018,0.6250000000000018,0.6250000000000018,0.6250000000000018,0.6250000000000018,0.6250000000000018,0.6250000000000018,0.6250000000000018,0.6250000000000018,0.6250000000000018,0.6250000000000018,0.6250000000000018,0.6250000000000018,0.6250000000000018,0.6250000000000018,0.6250000000000018,0.6250000000000018,0.6250000000000018,0.6250000000000018,0.6250000000000018,0.6250000000000018,0.6250000000000018,0.6250000000000018,0.6250000000000018,0.6250000000000018,0.6250000000000018,0.6250000000000018,0.6250000000000018,5.624999999999998,3.5178571428571455,17.625,3.3493589743589736,9.017857142857142,9.017857142857142,11.041666666666664,10.946428571428571,0.0,0.0,0.0,0.0,0.0,0.0,0.0,0.0,0.0,0.0,0.0,0.0,0.0,0.0,0.0,0.0,0.0,0.0,0.0,0.0,0.0,0.0,0.0,0.0,0.0,0.0,0.0,0.0,0.0,0.0,0.0,0.0,0.0,0.0,0.0,0.0,0.0,0.0,0.0,0.0,0.0,0.0,0.0,0.0,0.0,0.0,0.0,0.0,0.0,0.0,6.875000000000002,6.875000000000002,10.089285714285715,10.089285714285715,10.089285714285715,10.089285714285715,10.089285714285715,10.089285714285715,10.089285714285715,13.375,13.375,13.375,13.375,15.144230769230772,15.144230769230772,15.144230769230772,17.006578947368425,1.875,1.875,1.875,1.875,1.875,1.875,1.875,1.875,1.875,1.875,1.875
20.22500000000001,7.102272727272727,7.102272727272727,8.958333333333334,9.625000000000004,3.124999999999999,1.1249999999999993,1.1249999999999993,1.1249999999999993,1.1249999999999993,1.1249999999999993,5.708333333333332,5.708333333333332,5.708333333333332,10.624999999999998,0.26785714285714257,0.26785714285714257,0.26785714285714257,0.26785714285714257,0.26785714285714257,0.26785714285714257,0.26785714285714257,0.26785714285714257,0.26785714285714257,0.26785714285714257,0.26785714285714257,0.26785714285714257,0.26785714285714257,0.26785714285714257,0.26785714285714257,0.26785714285714257,0.26785714285714257,0.26785714285714257,0.26785714285714257,0.26785714285714257,0.26785714285714257,0.26785714285714257,0.26785714285714257,0.26785714285714257,1.7083333333333335,1.7083333333333335,7.232142857142857,1.875,1.875,1.875,1.875,1.875,1.875,1.875,1.875,1.875,1.875,1.875,1.875,4.375000000000001,7.94642857142857,15.625000000000002,15.625000000000002,1.7663043478260878,1.7663043478260878,19.261363636363633,8.660714285714286,8.660714285714286,11.28409090909091,0.6250000000000018,0.6250000000000018,0.6250000000000018,0.6250000000000018,0.6250000000000018,0.6250000000000018,0.6250000000000018,0.6250000000000018,0.6250000000000018,0.6250000000000018,0.6250000000000018,0.6250000000000018,0.6250000000000018,0.6250000000000018,0.6250000000000018,0.6250000000000018,0.6250000000000018,0.6250000000000018,0.6250000000000018,0.6250000000000018,0.6250000000000018,0.6250000000000018,0.6250000000000018,0.6250000000000018,0.6250000000000018,0.6250000000000018,0.6250000000000018,0.6250000000000018,0.6250000000000018,0.6250000000000018,0.6250000000000018,0.6250000000000018,0.6250000000000018,0.6250000000000018,0.6250000000000018,0.6250000000000018,0.6250000000000018,0.6250000000000018,0.6250000000000018,0.6250000000000018,0.6250000000000018,0.6250000000000018,0.6250000000000018,0.6250000000000018,0.6250000000000018,0.6250000000000018,0.6250000000000018,0.6250000000000018,0.6250000000000018,0.6250000000000018,0.6250000000000018,0.6250000000000018,0.6250000000000018,0.6250000000000018,0.6250000000000018,0.6250000000000018,0.6250000000000018,0.6250000000000018,5.624999999999998,3.5178571428571455,17.625,3.3493589743589736,9.017857142857142,9.017857142857142,11.041666666666664,10.946428571428571,0.0,0.0,0.0,0.0,0.0,0.0,0.0,0.0,0.0,0.0,0.0,0.0,0.0,0.0,0.0,0.0,0.0,0.0,0.0,0.0,0.0,0.0,0.0,0.0,0.0,0.0,0.0,0.0,0.0,0.0,0.0,0.0,0.0,0.0,0.0,0.0,0.0,0.0,0.0,0.0,0.0,0.0,0.0,0.0,0.0,0.0,0.0,0.0,0.0,0.0,6.875000000000002,6.875000000000002,10.089285714285715,10.089285714285715,10.089285714285715,10.089285714285715,10.089285714285715,10.089285714285715,10.089285714285715,13.375,13.375,13.375,13.375,15.144230769230772,15.144230769230772,15.144230769230772,17.006578947368425,1.875,1.875,1.875,1.875,1.875,1.875,1.875,1.875,1.875,1.875,1.875
20.22500000000001,7.102272727272727,7.102272727272727,8.958333333333334,9.625000000000004,3.124999999999999,1.1249999999999993,1.1249999999999993,1.1249999999999993,1.1249999999999993,1.1249999999999993,5.708333333333332,5.708333333333332,5.708333333333332,10.624999999999998,0.26785714285714257,0.26785714285714257,0.26785714285714257,0.26785714285714257,0.26785714285714257,0.26785714285714257,0.26785714285714257,0.26785714285714257,0.26785714285714257,0.26785714285714257,0.26785714285714257,0.26785714285714257,0.26785714285714257,0.26785714285714257,0.26785714285714257,0.26785714285714257,0.26785714285714257,0.26785714285714257,0.26785714285714257,0.26785714285714257,0.26785714285714257,0.26785714285714257,0.26785714285714257,0.26785714285714257,1.7083333333333335,1.7083333333333335,7.232142857142857,1.875,1.875,1.875,1.875,1.875,1.875,1.875,1.875,1.875,1.875,1.875,1.875,4.375000000000001,7.94642857142857,15.625000000000002,15.625000000000002,1.7663043478260878,1.7663043478260878,19.261363636363633,8.660714285714286,8.660714285714286,11.28409090909091,0.6250000000000018,0.6250000000000018,0.6250000000000018,0.6250000000000018,0.6250000000000018,0.6250000000000018,0.6250000000000018,0.6250000000000018,0.6250000000000018,0.6250000000000018,0.6250000000000018,0.6250000000000018,0.6250000000000018,0.6250000000000018,0.6250000000000018,0.6250000000000018,0.6250000000000018,0.6250000000000018,0.6250000000000018,0.6250000000000018,0.6250000000000018,0.6250000000000018,0.6250000000000018,0.6250000000000018,0.6250000000000018,0.6250000000000018,0.6250000000000018,0.6250000000000018,0.6250000000000018,0.6250000000000018,0.6250000000000018,0.6250000000000018,0.6250000000000018,0.6250000000000018,0.6250000000000018,0.6250000000000018,0.6250000000000018,0.6250000000000018,0.6250000000000018,0.6250000000000018,0.6250000000000018,0.6250000000000018,0.6250000000000018,0.6250000000000018,0.6250000000000018,0.6250000000000018,0.6250000000000018,0.6250000000000018,0.6250000000000018,0.6250000000000018,0.6250000000000018,0.6250000000000018,0.6250000000000018,0.6250000000000018,0.6250000000000018,0.6250000000000018,0.6250000000000018,0.6250000000000018,5.624999999999998,3.5178571428571455,17.625,3.3493589743589736,9.017857142857142,9.017857142857142,11.041666666666664,10.946428571428571,0.0,0.0,0.0,0.0,0.0,0.0,0.0,0.0,0.0,0.0,0.0,0.0,0.0,0.0,0.0,0.0,0.0,0.0,0.0,0.0,0.0,0.0,0.0,0.0,0.0,0.0,0.0,0.0,0.0,0.0,0.0,0.0,0.0,0.0,0.0,0.0,0.0,0.0,0.0,0.0,0.0,0.0,0.0,0.0,0.0,0.0,0.0,0.0,0.0,0.0,6.875000000000002,6.875000000000002,10.089285714285715,10.089285714285715,10.089285714285715,10.089285714285715,10.089285714285715,10.089285714285715,10.089285714285715,13.375,13.375,13.375,13.375,15.144230769230772,15.144230769230772,15.144230769230772,17.006578947368425,1.875,1.875,1.875,1.875,1.875,1.875,1.875,1.875,1.875,1.875,1.875
20.22500000000001,7.102272727272727,7.102272727272727,8.958333333333334,9.625000000000004,3.124999999999999,1.1249999999999993,1.1249999999999993,1.1249999999999993,1.1249999999999993,1.1249999999999993,5.708333333333332,5.708333333333332,5.708333333333332,10.624999999999998,0.26785714285714257,0.26785714285714257,0.26785714285714257,0.26785714285714257,0.26785714285714257,0.26785714285714257,0.26785714285714257,0.26785714285714257,0.26785714285714257,0.26785714285714257,0.26785714285714257,0.26785714285714257,0.26785714285714257,0.26785714285714257,0.26785714285714257,0.26785714285714257,0.26785714285714257,0.26785714285714257,0.26785714285714257,0.26785714285714257,0.26785714285714257,0.26785714285714257,0.26785714285714257,0.26785714285714257,1.7083333333333335,1.7083333333333335,7.232142857142857,1.875,1.875,1.875,1.875,1.875,1.875,1.875,1.875,1.875,1.875,1.875,1.875,4.375000000000001,7.94642857142857,15.625000000000002,15.625000000000002,1.7663043478260878,1.7663043478260878,19.261363636363633,8.660714285714286,8.660714285714286,11.28409090909091,0.6250000000000018,0.6250000000000018,0.6250000000000018,0.6250000000000018,0.6250000000000018,0.6250000000000018,0.6250000000000018,0.6250000000000018,0.6250000000000018,0.6250000000000018,0.6250000000000018,0.6250000000000018,0.6250000000000018,0.6250000000000018,0.6250000000000018,0.6250000000000018,0.6250000000000018,0.6250000000000018,0.6250000000000018,0.6250000000000018,0.6250000000000018,0.6250000000000018,0.6250000000000018,0.6250000000000018,0.6250000000000018,0.6250000000000018,0.6250000000000018,0.6250000000000018,0.6250000000000018,0.6250000000000018,0.6250000000000018,0.6250000000000018,0.6250000000000018,0.6250000000000018,0.6250000000000018,0.6250000000000018,0.6250000000000018,0.6250000000000018,0.6250000000000018,0.6250000000000018,0.6250000000000018,0.6250000000000018,0.6250000000000018,0.6250000000000018,0.6250000000000018,0.6250000000000018,0.6250000000000018,0.6250000000000018,0.6250000000000018,0.6250000000000018,0.6250000000000018,0.6250000000000018,0.6250000000000018,0.6250000000000018,0.6250000000000018,0.6250000000000018,0.6250000000000018,0.6250000000000018,5.624999999999998,3.5178571428571455,17.625,3.3493589743589736,9.017857142857142,9.017857142857142,11.041666666666664,10.946428571428571,0.0,0.0,0.0,0.0,0.0,0.0,0.0,0.0,0.0,0.0,0.0,0.0,0.0,0.0,0.0,0.0,0.0,0.0,0.0,0.0,0.0,0.0,0.0,0.0,0.0,0.0,0.0,0.0,0.0,0.0,0.0,0.0,0.0,0.0,0.0,0.0,0.0,0.0,0.0,0.0,0.0,0.0,0.0,0.0,0.0,0.0,0.0,0.0,0.0,0.0,6.875000000000002,6.875000000000002,10.089285714285715,10.089285714285715,10.089285714285715,10.089285714285715,10.089285714285715,10.089285714285715,10.089285714285715,13.375,13.375,13.375,13.375,15.144230769230772,15.144230769230772,15.144230769230772,17.006578947368425,1.875,1.875,1.875,1.875,1.875,1.875,1.875,1.875,1.875,1.875,1.875
20.22500000000001,7.102272727272727,7.102272727272727,8.958333333333334,9.625000000000004,3.124999999999999,1.1249999999999993,1.1249999999999993,1.1249999999999993,1.1249999999999993,1.1249999999999993,5.708333333333332,5.708333333333332,5.708333333333332,10.624999999999998,0.26785714285714257,0.26785714285714257,0.26785714285714257,0.26785714285714257,0.26785714285714257,0.26785714285714257,0.26785714285714257,0.26785714285714257,0.26785714285714257,0.26785714285714257,0.26785714285714257,0.26785714285714257,0.26785714285714257,0.26785714285714257,0.26785714285714257,0.26785714285714257,0.26785714285714257,0.26785714285714257,0.26785714285714257,0.26785714285714257,0.26785714285714257,0.26785714285714257,0.26785714285714257,0.26785714285714257,1.7083333333333335,1.7083333333333335,7.232142857142857,1.875,1.875,1.875,1.875,1.875,1.875,1.875,1.875,1.875,1.875,1.875,1.875,4.375000000000001,7.94642857142857,15.625000000000002,15.625000000000002,1.7663043478260878,1.7663043478260878,19.261363636363633,8.660714285714286,8.660714285714286,11.28409090909091,0.6250000000000018,0.6250000000000018,0.6250000000000018,0.6250000000000018,0.6250000000000018,0.6250000000000018,0.6250000000000018,0.6250000000000018,0.6250000000000018,0.6250000000000018,0.6250000000000018,0.6250000000000018,0.6250000000000018,0.6250000000000018,0.6250000000000018,0.6250000000000018,0.6250000000000018,0.6250000000000018,0.6250000000000018,0.6250000000000018,0.6250000000000018,0.6250000000000018,0.6250000000000018,0.6250000000000018,0.6250000000000018,0.6250000000000018,0.6250000000000018,0.6250000000000018,0.6250000000000018,0.6250000000000018,0.6250000000000018,0.6250000000000018,0.6250000000000018,0.6250000000000018,0.6250000000000018,0.6250000000000018,0.6250000000000018,0.6250000000000018,0.6250000000000018,0.6250000000000018,0.6250000000000018,0.6250000000000018,0.6250000000000018,0.6250000000000018,0.6250000000000018,0.6250000000000018,0.6250000000000018,0.6250000000000018,0.6250000000000018,0.6250000000000018,0.6250000000000018,0.6250000000000018,0.6250000000000018,0.6250000000000018,0.6250000000000018,0.6250000000000018,0.6250000000000018,0.6250000000000018,5.624999999999998,3.5178571428571455,17.625,3.3493589743589736,9.017857142857142,9.017857142857142,11.041666666666664,10.946428571428571,0.0,0.0,0.0,0.0,0.0,0.0,0.0,0.0,0.0,0.0,0.0,0.0,0.0,0.0,0.0,0.0,0.0,0.0,0.0,0.0,0.0,0.0,0.0,0.0,0.0,0.0,0.0,0.0,0.0,0.0,0.0,0.0,0.0,0.0,0.0,0.0,0.0,0.0,0.0,0.0,0.0,0.0,0.0,0.0,0.0,0.0,0.0,0.0,0.0,0.0,6.875000000000002,6.875000000000002,10.089285714285715,10.089285714285715,10.089285714285715,10.089285714285715,10.089285714285715,10.089285714285715,10.089285714285715,13.375,13.375,13.375,13.375,15.144230769230772,15.144230769230772,15.144230769230772,17.006578947368425,1.875,1.875,1.875,1.875,1.875,1.875,1.875,1.875,1.875,1.875,1.875
20.22500000000001,7.102272727272727,7.102272727272727,8.958333333333334,9.625000000000004,3.124999999999999,1.1249999999999993,1.1249999999999993,1.1249999999999993,1.1249999999999993,1.1249999999999993,5.708333333333332,5.708333333333332,5.708333333333332,10.624999999999998,0.26785714285714257,0.26785714285714257,0.26785714285714257,0.26785714285714257,0.26785714285714257,0.26785714285714257,0.26785714285714257,0.26785714285714257,0.26785714285714257,0.26785714285714257,0.26785714285714257,0.26785714285714257,0.26785714285714257,0.26785714285714257,0.26785714285714257,0.26785714285714257,0.26785714285714257,0.26785714285714257,0.26785714285714257,0.26785714285714257,0.26785714285714257,0.26785714285714257,0.26785714285714257,0.26785714285714257,1.7083333333333335,1.7083333333333335,7.232142857142857,1.875,1.875,1.875,1.875,1.875,1.875,1.875,1.875,1.875,1.875,1.875,1.875,4.375000000000001,7.94642857142857,15.625000000000002,15.625000000000002,1.7663043478260878,1.7663043478260878,19.261363636363633,8.660714285714286,8.660714285714286,11.28409090909091,0.6250000000000018,0.6250000000000018,0.6250000000000018,0.6250000000000018,0.6250000000000018,0.6250000000000018,0.6250000000000018,0.6250000000000018,0.6250000000000018,0.6250000000000018,0.6250000000000018,0.6250000000000018,0.6250000000000018,0.6250000000000018,0.6250000000000018,0.6250000000000018,0.6250000000000018,0.6250000000000018,0.6250000000000018,0.6250000000000018,0.6250000000000018,0.6250000000000018,0.6250000000000018,0.6250000000000018,0.6250000000000018,0.6250000000000018,0.6250000000000018,0.6250000000000018,0.6250000000000018,0.6250000000000018,0.6250000000000018,0.6250000000000018,0.6250000000000018,0.6250000000000018,0.6250000000000018,0.6250000000000018,0.6250000000000018,0.6250000000000018,0.6250000000000018,0.6250000000000018,0.6250000000000018,0.6250000000000018,0.6250000000000018,0.6250000000000018,0.6250000000000018,0.6250000000000018,0.6250000000000018,0.6250000000000018,0.6250000000000018,0.6250000000000018,0.6250000000000018,0.6250000000000018,0.6250000000000018,0.6250000000000018,0.6250000000000018,0.6250000000000018,0.6250000000000018,0.6250000000000018,5.624999999999998,3.5178571428571455,17.625,3.3493589743589736,9.017857142857142,9.017857142857142,11.041666666666664,10.946428571428571,0.0,0.0,0.0,0.0,0.0,0.0,0.0,0.0,0.0,0.0,0.0,0.0,0.0,0.0,0.0,0.0,0.0,0.0,0.0,0.0,0.0,0.0,0.0,0.0,0.0,0.0,0.0,0.0,0.0,0.0,0.0,0.0,0.0,0.0,0.0,0.0,0.0,0.0,0.0,0.0,0.0,0.0,0.0,0.0,0.0,0.0,0.0,0.0,0.0,0.0,6.875000000000002,6.875000000000002,10.089285714285715,10.089285714285715,10.089285714285715,10.089285714285715,10.089285714285715,10.089285714285715,10.089285714285715,13.375,13.375,13.375,13.375,15.144230769230772,15.144230769230772,15.144230769230772,17.006578947368425,1.875,1.875,1.875,1.875,1.875,1.875,1.875,1.875,1.875,1.875,1.875
20.22500000000001,7.102272727272727,7.102272727272727,8.958333333333334,9.625000000000004,3.124999999999999,1.1249999999999993,1.1249999999999993,1.1249999999999993,1.1249999999999993,1.1249999999999993,5.708333333333332,5.708333333333332,5.708333333333332,10.624999999999998,0.26785714285714257,0.26785714285714257,0.26785714285714257,0.26785714285714257,0.26785714285714257,0.26785714285714257,0.26785714285714257,0.26785714285714257,0.26785714285714257,0.26785714285714257,0.26785714285714257,0.26785714285714257,0.26785714285714257,0.26785714285714257,0.26785714285714257,0.26785714285714257,0.26785714285714257,0.26785714285714257,0.26785714285714257,0.26785714285714257,0.26785714285714257,0.26785714285714257,0.26785714285714257,0.26785714285714257,1.7083333333333335,1.7083333333333335,7.232142857142857,1.875,1.875,1.875,1.875,1.875,1.875,1.875,1.875,1.875,1.875,1.875,1.875,4.375000000000001,7.94642857142857,15.625000000000002,15.625000000000002,1.7663043478260878,1.7663043478260878,19.261363636363633,8.660714285714286,8.660714285714286,11.28409090909091,0.6250000000000018,0.6250000000000018,0.6250000000000018,0.6250000000000018,0.6250000000000018,0.6250000000000018,0.6250000000000018,0.6250000000000018,0.6250000000000018,0.6250000000000018,0.6250000000000018,0.6250000000000018,0.6250000000000018,0.6250000000000018,0.6250000000000018,0.6250000000000018,0.6250000000000018,0.6250000000000018,0.6250000000000018,0.6250000000000018,0.6250000000000018,0.6250000000000018,0.6250000000000018,0.6250000000000018,0.6250000000000018,0.6250000000000018,0.6250000000000018,0.6250000000000018,0.6250000000000018,0.6250000000000018,0.6250000000000018,0.6250000000000018,0.6250000000000018,0.6250000000000018,0.6250000000000018,0.6250000000000018,0.6250000000000018,0.6250000000000018,0.6250000000000018,0.6250000000000018,0.6250000000000018,0.6250000000000018,0.6250000000000018,0.6250000000000018,0.6250000000000018,0.6250000000000018,0.6250000000000018,0.6250000000000018,0.6250000000000018,0.6250000000000018,0.6250000000000018,0.6250000000000018,0.6250000000000018,0.6250000000000018,0.6250000000000018,0.6250000000000018,0.6250000000000018,0.6250000000000018,5.624999999999998,3.5178571428571455,17.625,3.3493589743589736,9.017857142857142,9.017857142857142,11.041666666666664,10.946428571428571,0.0,0.0,0.0,0.0,0.0,0.0,0.0,0.0,0.0,0.0,0.0,0.0,0.0,0.0,0.0,0.0,0.0,0.0,0.0,0.0,0.0,0.0,0.0,0.0,0.0,0.0,0.0,0.0,0.0,0.0,0.0,0.0,0.0,0.0,0.0,0.0,0.0,0.0,0.0,0.0,0.0,0.0,0.0,0.0,0.0,0.0,0.0,0.0,0.0,0.0,6.875000000000002,6.875000000000002,10.089285714285715,10.089285714285715,10.089285714285715,10.089285714285715,10.089285714285715,10.089285714285715,10.089285714285715,13.375,13.375,13.375,13.375,15.144230769230772,15.144230769230772,15.144230769230772,17.006578947368425,1.875,1.875,1.875,1.875,1.875,1.875,1.875,1.875,1.875,1.875,1.875
20.22500000000001,7.102272727272727,7.102272727272727,8.958333333333334,9.625000000000004,3.124999999999999,1.1249999999999993,1.1249999999999993,1.1249999999999993,1.1249999999999993,1.1249999999999993,5.708333333333332,5.708333333333332,5.708333333333332,10.624999999999998,0.26785714285714257,0.26785714285714257,0.26785714285714257,0.26785714285714257,0.26785714285714257,0.26785714285714257,0.26785714285714257,0.26785714285714257,0.26785714285714257,0.26785714285714257,0.26785714285714257,0.26785714285714257,0.26785714285714257,0.26785714285714257,0.26785714285714257,0.26785714285714257,0.26785714285714257,0.26785714285714257,0.26785714285714257,0.26785714285714257,0.26785714285714257,0.26785714285714257,0.26785714285714257,0.26785714285714257,1.7083333333333335,1.7083333333333335,7.232142857142857,1.875,1.875,1.875,1.875,1.875,1.875,1.875,1.875,1.875,1.875,1.875,1.875,4.375000000000001,7.94642857142857,15.625000000000002,15.625000000000002,1.7663043478260878,1.7663043478260878,19.261363636363633,8.660714285714286,8.660714285714286,11.28409090909091,0.6250000000000018,0.6250000000000018,0.6250000000000018,0.6250000000000018,0.6250000000000018,0.6250000000000018,0.6250000000000018,0.6250000000000018,0.6250000000000018,0.6250000000000018,0.6250000000000018,0.6250000000000018,0.6250000000000018,0.6250000000000018,0.6250000000000018,0.6250000000000018,0.6250000000000018,0.6250000000000018,0.6250000000000018,0.6250000000000018,0.6250000000000018,0.6250000000000018,0.6250000000000018,0.6250000000000018,0.6250000000000018,0.6250000000000018,0.6250000000000018,0.6250000000000018,0.6250000000000018,0.6250000000000018,0.6250000000000018,0.6250000000000018,0.6250000000000018,0.6250000000000018,0.6250000000000018,0.6250000000000018,0.6250000000000018,0.6250000000000018,0.6250000000000018,0.6250000000000018,0.6250000000000018,0.6250000000000018,0.6250000000000018,0.6250000000000018,0.6250000000000018,0.6250000000000018,0.6250000000000018,0.6250000000000018,0.6250000000000018,0.6250000000000018,0.6250000000000018,0.6250000000000018,0.6250000000000018,0.6250000000000018,0.6250000000000018,0.6250000000000018,0.6250000000000018,0.6250000000000018,5.624999999999998,3.5178571428571455,17.625,3.3493589743589736,9.017857142857142,9.017857142857142,11.041666666666664,10.946428571428571,0.0,0.0,0.0,0.0,0.0,0.0,0.0,0.0,0.0,0.0,0.0,0.0,0.0,0.0,0.0,0.0,0.0,0.0,0.0,0.0,0.0,0.0,0.0,0.0,0.0,0.0,0.0,0.0,0.0,0.0,0.0,0.0,0.0,0.0,0.0,0.0,0.0,0.0,0.0,0.0,0.0,0.0,0.0,0.0,0.0,0.0,0.0,0.0,0.0,0.0,6.875000000000002,6.875000000000002,10.089285714285715,10.089285714285715,10.089285714285715,10.089285714285715,10.089285714285715,10.089285714285715,10.089285714285715,13.375,13.375,13.375,13.375,15.144230769230772,15.144230769230772,15.144230769230772,17.006578947368425,1.875,1.875,1.875,1.875,1.875,1.875,1.875,1.875,1.875,1.875,1.875
20.22500000000001,7.102272727272727,7.102272727272727,8.958333333333334,9.625000000000004,3.124999999999999,1.1249999999999993,1.1249999999999993,1.1249999999999993,1.1249999999999993,1.1249999999999993,5.708333333333332,5.708333333333332,5.708333333333332,10.624999999999998,0.26785714285714257,0.26785714285714257,0.26785714285714257,0.26785714285714257,0.26785714285714257,0.26785714285714257,0.26785714285714257,0.26785714285714257,0.26785714285714257,0.26785714285714257,0.26785714285714257,0.26785714285714257,0.26785714285714257,0.26785714285714257,0.26785714285714257,0.26785714285714257,0.26785714285714257,0.26785714285714257,0.26785714285714257,0.26785714285714257,0.26785714285714257,0.26785714285714257,0.26785714285714257,0.26785714285714257,1.7083333333333335,1.7083333333333335,7.232142857142857,1.875,1.875,1.875,1.875,1.875,1.875,1.875,1.875,1.875,1.875,1.875,1.875,4.375000000000001,7.94642857142857,15.625000000000002,15.625000000000002,1.7663043478260878,1.7663043478260878,19.261363636363633,8.660714285714286,8.660714285714286,11.28409090909091,0.6250000000000018,0.6250000000000018,0.6250000000000018,0.6250000000000018,0.6250000000000018,0.6250000000000018,0.6250000000000018,0.6250000000000018,0.6250000000000018,0.6250000000000018,0.6250000000000018,0.6250000000000018,0.6250000000000018,0.6250000000000018,0.6250000000000018,0.6250000000000018,0.6250000000000018,0.6250000000000018,0.6250000000000018,0.6250000000000018,0.6250000000000018,0.6250000000000018,0.6250000000000018,0.6250000000000018,0.6250000000000018,0.6250000000000018,0.6250000000000018,0.6250000000000018,0.6250000000000018,0.6250000000000018,0.6250000000000018,0.6250000000000018,0.6250000000000018,0.6250000000000018,0.6250000000000018,0.6250000000000018,0.6250000000000018,0.6250000000000018,0.6250000000000018,0.6250000000000018,0.6250000000000018,0.6250000000000018,0.6250000000000018,0.6250000000000018,0.6250000000000018,0.6250000000000018,0.6250000000000018,0.6250000000000018,0.6250000000000018,0.6250000000000018,0.6250000000000018,0.6250000000000018,0.6250000000000018,0.6250000000000018,0.6250000000000018,0.6250000000000018,0.6250000000000018,0.6250000000000018,5.624999999999998,3.5178571428571455,17.625,3.3493589743589736,9.017857142857142,9.017857142857142,11.041666666666664,10.946428571428571,0.0,0.0,0.0,0.0,0.0,0.0,0.0,0.0,0.0,0.0,0.0,0.0,0.0,0.0,0.0,0.0,0.0,0.0,0.0,0.0,0.0,0.0,0.0,0.0,0.0,0.0,0.0,0.0,0.0,0.0,0.0,0.0,0.0,0.0,0.0,0.0,0.0,0.0,0.0,0.0,0.0,0.0,0.0,0.0,0.0,0.0,0.0,0.0,0.0,0.0,6.875000000000002,6.875000000000002,10.089285714285715,10.089285714285715,10.089285714285715,10.089285714285715,10.089285714285715,10.089285714285715,10.089285714285715,13.375,13.375,13.375,13.375,15.144230769230772,15.144230769230772,15.144230769230772,17.006578947368425,1.875,1.875,1.875,1.875,1.875,1.875,1.875,1.875,1.875,1.875,1.875
20.22500000000001,7.102272727272727,7.102272727272727,8.958333333333334,9.625000000000004,3.124999999999999,1.1249999999999993,1.1249999999999993,1.1249999999999993,1.1249999999999993,1.1249999999999993,5.708333333333332,5.708333333333332,5.708333333333332,10.624999999999998,0.26785714285714257,0.26785714285714257,0.26785714285714257,0.26785714285714257,0.26785714285714257,0.26785714285714257,0.26785714285714257,0.26785714285714257,0.26785714285714257,0.26785714285714257,0.26785714285714257,0.26785714285714257,0.26785714285714257,0.26785714285714257,0.26785714285714257,0.26785714285714257,0.26785714285714257,0.26785714285714257,0.26785714285714257,0.26785714285714257,0.26785714285714257,0.26785714285714257,0.26785714285714257,0.26785714285714257,1.7083333333333335,1.7083333333333335,7.232142857142857,1.875,1.875,1.875,1.875,1.875,1.875,1.875,1.875,1.875,1.875,1.875,1.875,4.375000000000001,7.94642857142857,15.625000000000002,15.625000000000002,1.7663043478260878,1.7663043478260878,19.261363636363633,8.660714285714286,8.660714285714286,11.28409090909091,0.6250000000000018,0.6250000000000018,0.6250000000000018,0.6250000000000018,0.6250000000000018,0.6250000000000018,0.6250000000000018,0.6250000000000018,0.6250000000000018,0.6250000000000018,0.6250000000000018,0.6250000000000018,0.6250000000000018,0.6250000000000018,0.6250000000000018,0.6250000000000018,0.6250000000000018,0.6250000000000018,0.6250000000000018,0.6250000000000018,0.6250000000000018,0.6250000000000018,0.6250000000000018,0.6250000000000018,0.6250000000000018,0.6250000000000018,0.6250000000000018,0.6250000000000018,0.6250000000000018,0.6250000000000018,0.6250000000000018,0.6250000000000018,0.6250000000000018,0.6250000000000018,0.6250000000000018,0.6250000000000018,0.6250000000000018,0.6250000000000018,0.6250000000000018,0.6250000000000018,0.6250000000000018,0.6250000000000018,0.6250000000000018,0.6250000000000018,0.6250000000000018,0.6250000000000018,0.6250000000000018,0.6250000000000018,0.6250000000000018,0.6250000000000018,0.6250000000000018,0.6250000000000018,0.6250000000000018,0.6250000000000018,0.6250000000000018,0.6250000000000018,0.6250000000000018,0.6250000000000018,5.624999999999998,3.5178571428571455,17.625,3.3493589743589736,9.017857142857142,9.017857142857142,11.041666666666664,10.946428571428571,0.0,0.0,0.0,0.0,0.0,0.0,0.0,0.0,0.0,0.0,0.0,0.0,0.0,0.0,0.0,0.0,0.0,0.0,0.0,0.0,0.0,0.0,0.0,0.0,0.0,0.0,0.0,0.0,0.0,0.0,0.0,0.0,0.0,0.0,0.0,0.0,0.0,0.0,0.0,0.0,0.0,0.0,0.0,0.0,0.0,0.0,0.0,0.0,0.0,0.0,6.875000000000002,6.875000000000002,10.089285714285715,10.089285714285715,10.089285714285715,10.089285714285715,10.089285714285715,10.089285714285715,10.089285714285715,13.375,13.375,13.375,13.375,15.144230769230772,15.144230769230772,15.144230769230772,17.006578947368425,1.875,1.875,1.875,1.875,1.875,1.875,1.875,1.875,1.875,1.875,1.875
20.22500000000001,7.102272727272727,7.102272727272727,8.958333333333334,9.625000000000004,3.124999999999999,1.1249999999999993,1.1249999999999993,1.1249999999999993,1.1249999999999993,1.1249999999999993,5.708333333333332,5.708333333333332,5.708333333333332,10.624999999999998,0.26785714285714257,0.26785714285714257,0.26785714285714257,0.26785714285714257,0.26785714285714257,0.26785714285714257,0.26785714285714257,0.26785714285714257,0.26785714285714257,0.26785714285714257,0.26785714285714257,0.26785714285714257,0.26785714285714257,0.26785714285714257,0.26785714285714257,0.26785714285714257,0.26785714285714257,0.26785714285714257,0.26785714285714257,0.26785714285714257,0.26785714285714257,0.26785714285714257,0.26785714285714257,0.26785714285714257,1.7083333333333335,1.7083333333333335,7.232142857142857,1.875,1.875,1.875,1.875,1.875,1.875,1.875,1.875,1.875,1.875,1.875,1.875,4.375000000000001,7.94642857142857,15.625000000000002,15.625000000000002,1.7663043478260878,1.7663043478260878,19.261363636363633,8.660714285714286,8.660714285714286,11.28409090909091,0.6250000000000018,0.6250000000000018,0.6250000000000018,0.6250000000000018,0.6250000000000018,0.6250000000000018,0.6250000000000018,0.6250000000000018,0.6250000000000018,0.6250000000000018,0.6250000000000018,0.6250000000000018,0.6250000000000018,0.6250000000000018,0.6250000000000018,0.6250000000000018,0.6250000000000018,0.6250000000000018,0.6250000000000018,0.6250000000000018,0.6250000000000018,0.6250000000000018,0.6250000000000018,0.6250000000000018,0.6250000000000018,0.6250000000000018,0.6250000000000018,0.6250000000000018,0.6250000000000018,0.6250000000000018,0.6250000000000018,0.6250000000000018,0.6250000000000018,0.6250000000000018,0.6250000000000018,0.6250000000000018,0.6250000000000018,0.6250000000000018,0.6250000000000018,0.6250000000000018,0.6250000000000018,0.6250000000000018,0.6250000000000018,0.6250000000000018,0.6250000000000018,0.6250000000000018,0.6250000000000018,0.6250000000000018,0.6250000000000018,0.6250000000000018,0.6250000000000018,0.6250000000000018,0.6250000000000018,0.6250000000000018,0.6250000000000018,0.6250000000000018,0.6250000000000018,0.6250000000000018,5.624999999999998,3.5178571428571455,17.625,3.3493589743589736,9.017857142857142,9.017857142857142,11.041666666666664,10.946428571428571,0.0,0.0,0.0,0.0,0.0,0.0,0.0,0.0,0.0,0.0,0.0,0.0,0.0,0.0,0.0,0.0,0.0,0.0,0.0,0.0,0.0,0.0,0.0,0.0,0.0,0.0,0.0,0.0,0.0,0.0,0.0,0.0,0.0,0.0,0.0,0.0,0.0,0.0,0.0,0.0,0.0,0.0,0.0,0.0,0.0,0.0,0.0,0.0,0.0,0.0,6.875000000000002,6.875000000000002,10.089285714285715,10.089285714285715,10.089285714285715,10.089285714285715,10.089285714285715,10.089285714285715,10.089285714285715,13.375,13.375,13.375,13.375,15.144230769230772,15.144230769230772,15.144230769230772,17.006578947368425,1.875,1.875,1.875,1.875,1.875,1.875,1.875,1.875,1.875,1.875,1.875
20.22500000000001,7.102272727272727,7.102272727272727,8.958333333333334,9.625000000000004,3.124999999999999,1.1249999999999993,1.1249999999999993,1.1249999999999993,1.1249999999999993,1.1249999999999993,5.708333333333332,5.708333333333332,5.708333333333332,10.624999999999998,0.26785714285714257,0.26785714285714257,0.26785714285714257,0.26785714285714257,0.26785714285714257,0.26785714285714257,0.26785714285714257,0.26785714285714257,0.26785714285714257,0.26785714285714257,0.26785714285714257,0.26785714285714257,0.26785714285714257,0.26785714285714257,0.26785714285714257,0.26785714285714257,0.26785714285714257,0.26785714285714257,0.26785714285714257,0.26785714285714257,0.26785714285714257,0.26785714285714257,0.26785714285714257,0.26785714285714257,1.7083333333333335,1.7083333333333335,7.232142857142857,1.875,1.875,1.875,1.875,1.875,1.875,1.875,1.875,1.875,1.875,1.875,1.875,4.375000000000001,7.94642857142857,15.625000000000002,15.625000000000002,1.7663043478260878,1.7663043478260878,19.261363636363633,8.660714285714286,8.660714285714286,11.28409090909091,0.6250000000000018,0.6250000000000018,0.6250000000000018,0.6250000000000018,0.6250000000000018,0.6250000000000018,0.6250000000000018,0.6250000000000018,0.6250000000000018,0.6250000000000018,0.6250000000000018,0.6250000000000018,0.6250000000000018,0.6250000000000018,0.6250000000000018,0.6250000000000018,0.6250000000000018,0.6250000000000018,0.6250000000000018,0.6250000000000018,0.6250000000000018,0.6250000000000018,0.6250000000000018,0.6250000000000018,0.6250000000000018,0.6250000000000018,0.6250000000000018,0.6250000000000018,0.6250000000000018,0.6250000000000018,0.6250000000000018,0.6250000000000018,0.6250000000000018,0.6250000000000018,0.6250000000000018,0.6250000000000018,0.6250000000000018,0.6250000000000018,0.6250000000000018,0.6250000000000018,0.6250000000000018,0.6250000000000018,0.6250000000000018,0.6250000000000018,0.6250000000000018,0.6250000000000018,0.6250000000000018,0.6250000000000018,0.6250000000000018,0.6250000000000018,0.6250000000000018,0.6250000000000018,0.6250000000000018,0.6250000000000018,0.6250000000000018,0.6250000000000018,0.6250000000000018,0.6250000000000018,5.624999999999998,3.5178571428571455,17.625,3.3493589743589736,9.017857142857142,9.017857142857142,11.041666666666664,10.946428571428571,0.0,0.0,0.0,0.0,0.0,0.0,0.0,0.0,0.0,0.0,0.0,0.0,0.0,0.0,0.0,0.0,0.0,0.0,0.0,0.0,0.0,0.0,0.0,0.0,0.0,0.0,0.0,0.0,0.0,0.0,0.0,0.0,0.0,0.0,0.0,0.0,0.0,0.0,0.0,0.0,0.0,0.0,0.0,0.0,0.0,0.0,0.0,0.0,0.0,0.0,6.875000000000002,6.875000000000002,10.089285714285715,10.089285714285715,10.089285714285715,10.089285714285715,10.089285714285715,10.089285714285715,10.089285714285715,13.375,13.375,13.375,13.375,15.144230769230772,15.144230769230772,15.144230769230772,17.006578947368425,1.875,1.875,1.875,1.875,1.875,1.875,1.875,1.875,1.875,1.875,1.875
20.22500000000001,7.102272727272727,7.102272727272727,8.958333333333334,9.625000000000004,3.124999999999999,1.1249999999999993,1.1249999999999993,1.1249999999999993,1.1249999999999993,1.1249999999999993,5.708333333333332,5.708333333333332,5.708333333333332,10.624999999999998,0.26785714285714257,0.26785714285714257,0.26785714285714257,0.26785714285714257,0.26785714285714257,0.26785714285714257,0.26785714285714257,0.26785714285714257,0.26785714285714257,0.26785714285714257,0.26785714285714257,0.26785714285714257,0.26785714285714257,0.26785714285714257,0.26785714285714257,0.26785714285714257,0.26785714285714257,0.26785714285714257,0.26785714285714257,0.26785714285714257,0.26785714285714257,0.26785714285714257,0.26785714285714257,0.26785714285714257,1.7083333333333335,1.7083333333333335,7.232142857142857,1.875,1.875,1.875,1.875,1.875,1.875,1.875,1.875,1.875,1.875,1.875,1.875,4.375000000000001,7.94642857142857,15.625000000000002,15.625000000000002,1.7663043478260878,1.7663043478260878,19.261363636363633,8.660714285714286,8.660714285714286,11.28409090909091,0.6250000000000018,0.6250000000000018,0.6250000000000018,0.6250000000000018,0.6250000000000018,0.6250000000000018,0.6250000000000018,0.6250000000000018,0.6250000000000018,0.6250000000000018,0.6250000000000018,0.6250000000000018,0.6250000000000018,0.6250000000000018,0.6250000000000018,0.6250000000000018,0.6250000000000018,0.6250000000000018,0.6250000000000018,0.6250000000000018,0.6250000000000018,0.6250000000000018,0.6250000000000018,0.6250000000000018,0.6250000000000018,0.6250000000000018,0.6250000000000018,0.6250000000000018,0.6250000000000018,0.6250000000000018,0.6250000000000018,0.6250000000000018,0.6250000000000018,0.6250000000000018,0.6250000000000018,0.6250000000000018,0.6250000000000018,0.6250000000000018,0.6250000000000018,0.6250000000000018,0.6250000000000018,0.6250000000000018,0.6250000000000018,0.6250000000000018,0.6250000000000018,0.6250000000000018,0.6250000000000018,0.6250000000000018,0.6250000000000018,0.6250000000000018,0.6250000000000018,0.6250000000000018,0.6250000000000018,0.6250000000000018,0.6250000000000018,0.6250000000000018,0.6250000000000018,0.6250000000000018,5.624999999999998,3.5178571428571455,17.625,3.3493589743589736,9.017857142857142,9.017857142857142,11.041666666666664,10.946428571428571,0.0,0.0,0.0,0.0,0.0,0.0,0.0,0.0,0.0,0.0,0.0,0.0,0.0,0.0,0.0,0.0,0.0,0.0,0.0,0.0,0.0,0.0,0.0,0.0,0.0,0.0,0.0,0.0,0.0,0.0,0.0,0.0,0.0,0.0,0.0,0.0,0.0,0.0,0.0,0.0,0.0,0.0,0.0,0.0,0.0,0.0,0.0,0.0,0.0,0.0,6.875000000000002,6.875000000000002,10.089285714285715,10.089285714285715,10.089285714285715,10.089285714285715,10.089285714285715,10.089285714285715,10.089285714285715,13.375,13.375,13.375,13.375,15.144230769230772,15.144230769230772,15.144230769230772,17.006578947368425,1.875,1.875,1.875,1.875,1.875,1.875,1.875,1.875,1.875,1.875,1.875
20.22500000000001,7.102272727272727,7.102272727272727,8.958333333333334,9.625000000000004,3.124999999999999,1.1249999999999993,1.1249999999999993,1.1249999999999993,1.1249999999999993,1.1249999999999993,5.708333333333332,5.708333333333332,5.708333333333332,10.624999999999998,0.26785714285714257,0.26785714285714257,0.26785714285714257,0.26785714285714257,0.26785714285714257,0.26785714285714257,0.26785714285714257,0.26785714285714257,0.26785714285714257,0.26785714285714257,0.26785714285714257,0.26785714285714257,0.26785714285714257,0.26785714285714257,0.26785714285714257,0.26785714285714257,0.26785714285714257,0.26785714285714257,0.26785714285714257,0.26785714285714257,0.26785714285714257,0.26785714285714257,0.26785714285714257,0.26785714285714257,1.7083333333333335,1.7083333333333335,7.232142857142857,1.875,1.875,1.875,1.875,1.875,1.875,1.875,1.875,1.875,1.875,1.875,1.875,4.375000000000001,7.94642857142857,15.625000000000002,15.625000000000002,1.7663043478260878,1.7663043478260878,19.261363636363633,8.660714285714286,8.660714285714286,11.28409090909091,0.6250000000000018,0.6250000000000018,0.6250000000000018,0.6250000000000018,0.6250000000000018,0.6250000000000018,0.6250000000000018,0.6250000000000018,0.6250000000000018,0.6250000000000018,0.6250000000000018,0.6250000000000018,0.6250000000000018,0.6250000000000018,0.6250000000000018,0.6250000000000018,0.6250000000000018,0.6250000000000018,0.6250000000000018,0.6250000000000018,0.6250000000000018,0.6250000000000018,0.6250000000000018,0.6250000000000018,0.6250000000000018,0.6250000000000018,0.6250000000000018,0.6250000000000018,0.6250000000000018,0.6250000000000018,0.6250000000000018,0.6250000000000018,0.6250000000000018,0.6250000000000018,0.6250000000000018,0.6250000000000018,0.6250000000000018,0.6250000000000018,0.6250000000000018,0.6250000000000018,0.6250000000000018,0.6250000000000018,0.6250000000000018,0.6250000000000018,0.6250000000000018,0.6250000000000018,0.6250000000000018,0.6250000000000018,0.6250000000000018,0.6250000000000018,0.6250000000000018,0.6250000000000018,0.6250000000000018,0.6250000000000018,0.6250000000000018,0.6250000000000018,0.6250000000000018,0.6250000000000018,5.624999999999998,3.5178571428571455,17.625,3.3493589743589736,9.017857142857142,9.017857142857142,11.041666666666664,10.946428571428571,0.0,0.0,0.0,0.0,0.0,0.0,0.0,0.0,0.0,0.0,0.0,0.0,0.0,0.0,0.0,0.0,0.0,0.0,0.0,0.0,0.0,0.0,0.0,0.0,0.0,0.0,0.0,0.0,0.0,0.0,0.0,0.0,0.0,0.0,0.0,0.0,0.0,0.0,0.0,0.0,0.0,0.0,0.0,0.0,0.0,0.0,0.0,0.0,0.0,0.0,6.875000000000002,6.875000000000002,10.089285714285715,10.089285714285715,10.089285714285715,10.089285714285715,10.089285714285715,10.089285714285715,10.089285714285715,13.375,13.375,13.375,13.375,15.144230769230772,15.144230769230772,15.144230769230772,17.006578947368425,1.875,1.875,1.875,1.875,1.875,1.875,1.875,1.875,1.875,1.875,1.875
20.22500000000001,7.102272727272727,7.102272727272727,8.958333333333334,9.625000000000004,3.124999999999999,1.1249999999999993,1.1249999999999993,1.1249999999999993,1.1249999999999993,1.1249999999999993,5.708333333333332,5.708333333333332,5.708333333333332,10.624999999999998,0.26785714285714257,0.26785714285714257,0.26785714285714257,0.26785714285714257,0.26785714285714257,0.26785714285714257,0.26785714285714257,0.26785714285714257,0.26785714285714257,0.26785714285714257,0.26785714285714257,0.26785714285714257,0.26785714285714257,0.26785714285714257,0.26785714285714257,0.26785714285714257,0.26785714285714257,0.26785714285714257,0.26785714285714257,0.26785714285714257,0.26785714285714257,0.26785714285714257,0.26785714285714257,0.26785714285714257,1.7083333333333335,1.7083333333333335,7.232142857142857,1.875,1.875,1.875,1.875,1.875,1.875,1.875,1.875,1.875,1.875,1.875,1.875,4.375000000000001,7.94642857142857,15.625000000000002,15.625000000000002,1.7663043478260878,1.7663043478260878,19.261363636363633,8.660714285714286,8.660714285714286,11.28409090909091,0.6250000000000018,0.6250000000000018,0.6250000000000018,0.6250000000000018,0.6250000000000018,0.6250000000000018,0.6250000000000018,0.6250000000000018,0.6250000000000018,0.6250000000000018,0.6250000000000018,0.6250000000000018,0.6250000000000018,0.6250000000000018,0.6250000000000018,0.6250000000000018,0.6250000000000018,0.6250000000000018,0.6250000000000018,0.6250000000000018,0.6250000000000018,0.6250000000000018,0.6250000000000018,0.6250000000000018,0.6250000000000018,0.6250000000000018,0.6250000000000018,0.6250000000000018,0.6250000000000018,0.6250000000000018,0.6250000000000018,0.6250000000000018,0.6250000000000018,0.6250000000000018,0.6250000000000018,0.6250000000000018,0.6250000000000018,0.6250000000000018,0.6250000000000018,0.6250000000000018,0.6250000000000018,0.6250000000000018,0.6250000000000018,0.6250000000000018,0.6250000000000018,0.6250000000000018,0.6250000000000018,0.6250000000000018,0.6250000000000018,0.6250000000000018,0.6250000000000018,0.6250000000000018,0.6250000000000018,0.6250000000000018,0.6250000000000018,0.6250000000000018,0.6250000000000018,0.6250000000000018,5.624999999999998,3.5178571428571455,17.625,3.3493589743589736,9.017857142857142,9.017857142857142,11.041666666666664,10.946428571428571,0.0,0.0,0.0,0.0,0.0,0.0,0.0,0.0,0.0,0.0,0.0,0.0,0.0,0.0,0.0,0.0,0.0,0.0,0.0,0.0,0.0,0.0,0.0,0.0,0.0,0.0,0.0,0.0,0.0,0.0,0.0,0.0,0.0,0.0,0.0,0.0,0.0,0.0,0.0,0.0,0.0,0.0,0.0,0.0,0.0,0.0,0.0,0.0,0.0,0.0,6.875000000000002,6.875000000000002,10.089285714285715,10.089285714285715,10.089285714285715,10.089285714285715,10.089285714285715,10.089285714285715,10.089285714285715,13.375,13.375,13.375,13.375,15.144230769230772,15.144230769230772,15.144230769230772,17.006578947368425,1.875,1.875,1.875,1.875,1.875,1.875,1.875,1.875,1.875,1.875,1.875
20.22500000000001,7.102272727272727,7.102272727272727,8.958333333333334,9.625000000000004,3.124999999999999,1.1249999999999993,1.1249999999999993,1.1249999999999993,1.1249999999999993,1.1249999999999993,5.708333333333332,5.708333333333332,5.708333333333332,10.624999999999998,0.26785714285714257,0.26785714285714257,0.26785714285714257,0.26785714285714257,0.26785714285714257,0.26785714285714257,0.26785714285714257,0.26785714285714257,0.26785714285714257,0.26785714285714257,0.26785714285714257,0.26785714285714257,0.26785714285714257,0.26785714285714257,0.26785714285714257,0.26785714285714257,0.26785714285714257,0.26785714285714257,0.26785714285714257,0.26785714285714257,0.26785714285714257,0.26785714285714257,0.26785714285714257,0.26785714285714257,1.7083333333333335,1.7083333333333335,7.232142857142857,1.875,1.875,1.875,1.875,1.875,1.875,1.875,1.875,1.875,1.875,1.875,1.875,4.375000000000001,7.94642857142857,15.625000000000002,15.625000000000002,1.7663043478260878,1.7663043478260878,19.261363636363633,8.660714285714286,8.660714285714286,11.28409090909091,0.6250000000000018,0.6250000000000018,0.6250000000000018,0.6250000000000018,0.6250000000000018,0.6250000000000018,0.6250000000000018,0.6250000000000018,0.6250000000000018,0.6250000000000018,0.6250000000000018,0.6250000000000018,0.6250000000000018,0.6250000000000018,0.6250000000000018,0.6250000000000018,0.6250000000000018,0.6250000000000018,0.6250000000000018,0.6250000000000018,0.6250000000000018,0.6250000000000018,0.6250000000000018,0.6250000000000018,0.6250000000000018,0.6250000000000018,0.6250000000000018,0.6250000000000018,0.6250000000000018,0.6250000000000018,0.6250000000000018,0.6250000000000018,0.6250000000000018,0.6250000000000018,0.6250000000000018,0.6250000000000018,0.6250000000000018,0.6250000000000018,0.6250000000000018,0.6250000000000018,0.6250000000000018,0.6250000000000018,0.6250000000000018,0.6250000000000018,0.6250000000000018,0.6250000000000018,0.6250000000000018,0.6250000000000018,0.6250000000000018,0.6250000000000018,0.6250000000000018,0.6250000000000018,0.6250000000000018,0.6250000000000018,0.6250000000000018,0.6250000000000018,0.6250000000000018,0.6250000000000018,5.624999999999998,3.5178571428571455,17.625,3.3493589743589736,9.017857142857142,9.017857142857142,11.041666666666664,10.946428571428571,0.0,0.0,0.0,0.0,0.0,0.0,0.0,0.0,0.0,0.0,0.0,0.0,0.0,0.0,0.0,0.0,0.0,0.0,0.0,0.0,0.0,0.0,0.0,0.0,0.0,0.0,0.0,0.0,0.0,0.0,0.0,0.0,0.0,0.0,0.0,0.0,0.0,0.0,0.0,0.0,0.0,0.0,0.0,0.0,0.0,0.0,0.0,0.0,0.0,0.0,6.875000000000002,6.875000000000002,10.089285714285715,10.089285714285715,10.089285714285715,10.089285714285715,10.089285714285715,10.089285714285715,10.089285714285715,13.375,13.375,13.375,13.375,15.144230769230772,15.144230769230772,15.144230769230772,17.006578947368425,1.875,1.875,1.875,1.875,1.875,1.875,1.875,1.875,1.875,1.875,1.875
20.22500000000001,7.102272727272727,7.102272727272727,8.958333333333334,9.625000000000004,3.124999999999999,1.1249999999999993,1.1249999999999993,1.1249999999999993,1.1249999999999993,1.1249999999999993,5.708333333333332,5.708333333333332,5.708333333333332,10.624999999999998,0.26785714285714257,0.26785714285714257,0.26785714285714257,0.26785714285714257,0.26785714285714257,0.26785714285714257,0.26785714285714257,0.26785714285714257,0.26785714285714257,0.26785714285714257,0.26785714285714257,0.26785714285714257,0.26785714285714257,0.26785714285714257,0.26785714285714257,0.26785714285714257,0.26785714285714257,0.26785714285714257,0.26785714285714257,0.26785714285714257,0.26785714285714257,0.26785714285714257,0.26785714285714257,0.26785714285714257,1.7083333333333335,1.7083333333333335,7.232142857142857,1.875,1.875,1.875,1.875,1.875,1.875,1.875,1.875,1.875,1.875,1.875,1.875,4.375000000000001,7.94642857142857,15.625000000000002,15.625000000000002,1.7663043478260878,1.7663043478260878,19.261363636363633,8.660714285714286,8.660714285714286,11.28409090909091,0.6250000000000018,0.6250000000000018,0.6250000000000018,0.6250000000000018,0.6250000000000018,0.6250000000000018,0.6250000000000018,0.6250000000000018,0.6250000000000018,0.6250000000000018,0.6250000000000018,0.6250000000000018,0.6250000000000018,0.6250000000000018,0.6250000000000018,0.6250000000000018,0.6250000000000018,0.6250000000000018,0.6250000000000018,0.6250000000000018,0.6250000000000018,0.6250000000000018,0.6250000000000018,0.6250000000000018,0.6250000000000018,0.6250000000000018,0.6250000000000018,0.6250000000000018,0.6250000000000018,0.6250000000000018,0.6250000000000018,0.6250000000000018,0.6250000000000018,0.6250000000000018,0.6250000000000018,0.6250000000000018,0.6250000000000018,0.6250000000000018,0.6250000000000018,0.6250000000000018,0.6250000000000018,0.6250000000000018,0.6250000000000018,0.6250000000000018,0.6250000000000018,0.6250000000000018,0.6250000000000018,0.6250000000000018,0.6250000000000018,0.6250000000000018,0.6250000000000018,0.6250000000000018,0.6250000000000018,0.6250000000000018,0.6250000000000018,0.6250000000000018,0.6250000000000018,0.6250000000000018,5.624999999999998,3.5178571428571455,17.625,3.3493589743589736,9.017857142857142,9.017857142857142,11.041666666666664,10.946428571428571,0.0,0.0,0.0,0.0,0.0,0.0,0.0,0.0,0.0,0.0,0.0,0.0,0.0,0.0,0.0,0.0,0.0,0.0,0.0,0.0,0.0,0.0,0.0,0.0,0.0,0.0,0.0,0.0,0.0,0.0,0.0,0.0,0.0,0.0,0.0,0.0,0.0,0.0,0.0,0.0,0.0,0.0,0.0,0.0,0.0,0.0,0.0,0.0,0.0,0.0,6.875000000000002,6.875000000000002,10.089285714285715,10.089285714285715,10.089285714285715,10.089285714285715,10.089285714285715,10.089285714285715,10.089285714285715,13.375,13.375,13.375,13.375,15.144230769230772,15.144230769230772,15.144230769230772,17.006578947368425,1.875,1.875,1.875,1.875,1.875,1.875,1.875,1.875,1.875,1.875,1.875
20.22500000000001,7.102272727272727,7.102272727272727,8.958333333333334,9.625000000000004,3.124999999999999,1.1249999999999993,1.1249999999999993,1.1249999999999993,1.1249999999999993,1.1249999999999993,5.708333333333332,5.708333333333332,5.708333333333332,10.624999999999998,0.26785714285714257,0.26785714285714257,0.26785714285714257,0.26785714285714257,0.26785714285714257,0.26785714285714257,0.26785714285714257,0.26785714285714257,0.26785714285714257,0.26785714285714257,0.26785714285714257,0.26785714285714257,0.26785714285714257,0.26785714285714257,0.26785714285714257,0.26785714285714257,0.26785714285714257,0.26785714285714257,0.26785714285714257,0.26785714285714257,0.26785714285714257,0.26785714285714257,0.26785714285714257,0.26785714285714257,1.7083333333333335,1.7083333333333335,7.232142857142857,1.875,1.875,1.875,1.875,1.875,1.875,1.875,1.875,1.875,1.875,1.875,1.875,4.375000000000001,7.94642857142857,15.625000000000002,15.625000000000002,1.7663043478260878,1.7663043478260878,19.261363636363633,8.660714285714286,8.660714285714286,11.28409090909091,0.6250000000000018,0.6250000000000018,0.6250000000000018,0.6250000000000018,0.6250000000000018,0.6250000000000018,0.6250000000000018,0.6250000000000018,0.6250000000000018,0.6250000000000018,0.6250000000000018,0.6250000000000018,0.6250000000000018,0.6250000000000018,0.6250000000000018,0.6250000000000018,0.6250000000000018,0.6250000000000018,0.6250000000000018,0.6250000000000018,0.6250000000000018,0.6250000000000018,0.6250000000000018,0.6250000000000018,0.6250000000000018,0.6250000000000018,0.6250000000000018,0.6250000000000018,0.6250000000000018,0.6250000000000018,0.6250000000000018,0.6250000000000018,0.6250000000000018,0.6250000000000018,0.6250000000000018,0.6250000000000018,0.6250000000000018,0.6250000000000018,0.6250000000000018,0.6250000000000018,0.6250000000000018,0.6250000000000018,0.6250000000000018,0.6250000000000018,0.6250000000000018,0.6250000000000018,0.6250000000000018,0.6250000000000018,0.6250000000000018,0.6250000000000018,0.6250000000000018,0.6250000000000018,0.6250000000000018,0.6250000000000018,0.6250000000000018,0.6250000000000018,0.6250000000000018,0.6250000000000018,5.624999999999998,3.5178571428571455,17.625,3.3493589743589736,9.017857142857142,9.017857142857142,11.041666666666664,10.946428571428571,0.0,0.0,0.0,0.0,0.0,0.0,0.0,0.0,0.0,0.0,0.0,0.0,0.0,0.0,0.0,0.0,0.0,0.0,0.0,0.0,0.0,0.0,0.0,0.0,0.0,0.0,0.0,0.0,0.0,0.0,0.0,0.0,0.0,0.0,0.0,0.0,0.0,0.0,0.0,0.0,0.0,0.0,0.0,0.0,0.0,0.0,0.0,0.0,0.0,0.0,6.875000000000002,6.875000000000002,10.089285714285715,10.089285714285715,10.089285714285715,10.089285714285715,10.089285714285715,10.089285714285715,10.089285714285715,13.375,13.375,13.375,13.375,15.144230769230772,15.144230769230772,15.144230769230772,17.006578947368425,1.875,1.875,1.875,1.875,1.875,1.875,1.875,1.875,1.875,1.875,1.875
20.22500000000001,7.102272727272727,7.102272727272727,8.958333333333334,9.625000000000004,3.124999999999999,1.1249999999999993,1.1249999999999993,1.1249999999999993,1.1249999999999993,1.1249999999999993,5.708333333333332,5.708333333333332,5.708333333333332,10.624999999999998,0.26785714285714257,0.26785714285714257,0.26785714285714257,0.26785714285714257,0.26785714285714257,0.26785714285714257,0.26785714285714257,0.26785714285714257,0.26785714285714257,0.26785714285714257,0.26785714285714257,0.26785714285714257,0.26785714285714257,0.26785714285714257,0.26785714285714257,0.26785714285714257,0.26785714285714257,0.26785714285714257,0.26785714285714257,0.26785714285714257,0.26785714285714257,0.26785714285714257,0.26785714285714257,0.26785714285714257,1.7083333333333335,1.7083333333333335,7.232142857142857,1.875,1.875,1.875,1.875,1.875,1.875,1.875,1.875,1.875,1.875,1.875,1.875,4.375000000000001,7.94642857142857,15.625000000000002,15.625000000000002,1.7663043478260878,1.7663043478260878,19.261363636363633,8.660714285714286,8.660714285714286,11.28409090909091,0.6250000000000018,0.6250000000000018,0.6250000000000018,0.6250000000000018,0.6250000000000018,0.6250000000000018,0.6250000000000018,0.6250000000000018,0.6250000000000018,0.6250000000000018,0.6250000000000018,0.6250000000000018,0.6250000000000018,0.6250000000000018,0.6250000000000018,0.6250000000000018,0.6250000000000018,0.6250000000000018,0.6250000000000018,0.6250000000000018,0.6250000000000018,0.6250000000000018,0.6250000000000018,0.6250000000000018,0.6250000000000018,0.6250000000000018,0.6250000000000018,0.6250000000000018,0.6250000000000018,0.6250000000000018,0.6250000000000018,0.6250000000000018,0.6250000000000018,0.6250000000000018,0.6250000000000018,0.6250000000000018,0.6250000000000018,0.6250000000000018,0.6250000000000018,0.6250000000000018,0.6250000000000018,0.6250000000000018,0.6250000000000018,0.6250000000000018,0.6250000000000018,0.6250000000000018,0.6250000000000018,0.6250000000000018,0.6250000000000018,0.6250000000000018,0.6250000000000018,0.6250000000000018,0.6250000000000018,0.6250000000000018,0.6250000000000018,0.6250000000000018,0.6250000000000018,0.6250000000000018,5.624999999999998,3.5178571428571455,17.625,3.3493589743589736,9.017857142857142,9.017857142857142,11.041666666666664,10.946428571428571,0.0,0.0,0.0,0.0,0.0,0.0,0.0,0.0,0.0,0.0,0.0,0.0,0.0,0.0,0.0,0.0,0.0,0.0,0.0,0.0,0.0,0.0,0.0,0.0,0.0,0.0,0.0,0.0,0.0,0.0,0.0,0.0,0.0,0.0,0.0,0.0,0.0,0.0,0.0,0.0,0.0,0.0,0.0,0.0,0.0,0.0,0.0,0.0,0.0,0.0,6.875000000000002,6.875000000000002,10.089285714285715,10.089285714285715,10.089285714285715,10.089285714285715,10.089285714285715,10.089285714285715,10.089285714285715,13.375,13.375,13.375,13.375,15.144230769230772,15.144230769230772,15.144230769230772,17.006578947368425,1.875,1.875,1.875,1.875,1.875,1.875,1.875,1.875,1.875,1.875,1.875
20.22500000000001,7.102272727272727,7.102272727272727,8.958333333333334,9.625000000000004,3.124999999999999,1.1249999999999993,1.1249999999999993,1.1249999999999993,1.1249999999999993,1.1249999999999993,5.708333333333332,5.708333333333332,5.708333333333332,10.624999999999998,0.26785714285714257,0.26785714285714257,0.26785714285714257,0.26785714285714257,0.26785714285714257,0.26785714285714257,0.26785714285714257,0.26785714285714257,0.26785714285714257,0.26785714285714257,0.26785714285714257,0.26785714285714257,0.26785714285714257,0.26785714285714257,0.26785714285714257,0.26785714285714257,0.26785714285714257,0.26785714285714257,0.26785714285714257,0.26785714285714257,0.26785714285714257,0.26785714285714257,0.26785714285714257,0.26785714285714257,1.7083333333333335,1.7083333333333335,7.232142857142857,1.875,1.875,1.875,1.875,1.875,1.875,1.875,1.875,1.875,1.875,1.875,1.875,4.375000000000001,7.94642857142857,15.625000000000002,15.625000000000002,1.7663043478260878,1.7663043478260878,19.261363636363633,8.660714285714286,8.660714285714286,11.28409090909091,0.6250000000000018,0.6250000000000018,0.6250000000000018,0.6250000000000018,0.6250000000000018,0.6250000000000018,0.6250000000000018,0.6250000000000018,0.6250000000000018,0.6250000000000018,0.6250000000000018,0.6250000000000018,0.6250000000000018,0.6250000000000018,0.6250000000000018,0.6250000000000018,0.6250000000000018,0.6250000000000018,0.6250000000000018,0.6250000000000018,0.6250000000000018,0.6250000000000018,0.6250000000000018,0.6250000000000018,0.6250000000000018,0.6250000000000018,0.6250000000000018,0.6250000000000018,0.6250000000000018,0.6250000000000018,0.6250000000000018,0.6250000000000018,0.6250000000000018,0.6250000000000018,0.6250000000000018,0.6250000000000018,0.6250000000000018,0.6250000000000018,0.6250000000000018,0.6250000000000018,0.6250000000000018,0.6250000000000018,0.6250000000000018,0.6250000000000018,0.6250000000000018,0.6250000000000018,0.6250000000000018,0.6250000000000018,0.6250000000000018,0.6250000000000018,0.6250000000000018,0.6250000000000018,0.6250000000000018,0.6250000000000018,0.6250000000000018,0.6250000000000018,0.6250000000000018,0.6250000000000018,5.624999999999998,3.5178571428571455,17.625,3.3493589743589736,9.017857142857142,9.017857142857142,11.041666666666664,10.946428571428571,0.0,0.0,0.0,0.0,0.0,0.0,0.0,0.0,0.0,0.0,0.0,0.0,0.0,0.0,0.0,0.0,0.0,0.0,0.0,0.0,0.0,0.0,0.0,0.0,0.0,0.0,0.0,0.0,0.0,0.0,0.0,0.0,0.0,0.0,0.0,0.0,0.0,0.0,0.0,0.0,0.0,0.0,0.0,0.0,0.0,0.0,0.0,0.0,0.0,0.0,6.875000000000002,6.875000000000002,10.089285714285715,10.089285714285715,10.089285714285715,10.089285714285715,10.089285714285715,10.089285714285715,10.089285714285715,13.375,13.375,13.375,13.375,15.144230769230772,15.144230769230772,15.144230769230772,17.006578947368425,1.875,1.875,1.875,1.875,1.875,1.875,1.875,1.875,1.875,1.875,1.875
20.22500000000001,7.102272727272727,7.102272727272727,8.958333333333334,9.625000000000004,3.124999999999999,1.1249999999999993,1.1249999999999993,1.1249999999999993,1.1249999999999993,1.1249999999999993,5.708333333333332,5.708333333333332,5.708333333333332,10.624999999999998,0.26785714285714257,0.26785714285714257,0.26785714285714257,0.26785714285714257,0.26785714285714257,0.26785714285714257,0.26785714285714257,0.26785714285714257,0.26785714285714257,0.26785714285714257,0.26785714285714257,0.26785714285714257,0.26785714285714257,0.26785714285714257,0.26785714285714257,0.26785714285714257,0.26785714285714257,0.26785714285714257,0.26785714285714257,0.26785714285714257,0.26785714285714257,0.26785714285714257,0.26785714285714257,0.26785714285714257,1.7083333333333335,1.7083333333333335,7.232142857142857,1.875,1.875,1.875,1.875,1.875,1.875,1.875,1.875,1.875,1.875,1.875,1.875,4.375000000000001,7.94642857142857,15.625000000000002,15.625000000000002,1.7663043478260878,1.7663043478260878,19.261363636363633,8.660714285714286,8.660714285714286,11.28409090909091,0.6250000000000018,0.6250000000000018,0.6250000000000018,0.6250000000000018,0.6250000000000018,0.6250000000000018,0.6250000000000018,0.6250000000000018,0.6250000000000018,0.6250000000000018,0.6250000000000018,0.6250000000000018,0.6250000000000018,0.6250000000000018,0.6250000000000018,0.6250000000000018,0.6250000000000018,0.6250000000000018,0.6250000000000018,0.6250000000000018,0.6250000000000018,0.6250000000000018,0.6250000000000018,0.6250000000000018,0.6250000000000018,0.6250000000000018,0.6250000000000018,0.6250000000000018,0.6250000000000018,0.6250000000000018,0.6250000000000018,0.6250000000000018,0.6250000000000018,0.6250000000000018,0.6250000000000018,0.6250000000000018,0.6250000000000018,0.6250000000000018,0.6250000000000018,0.6250000000000018,0.6250000000000018,0.6250000000000018,0.6250000000000018,0.6250000000000018,0.6250000000000018,0.6250000000000018,0.6250000000000018,0.6250000000000018,0.6250000000000018,0.6250000000000018,0.6250000000000018,0.6250000000000018,0.6250000000000018,0.6250000000000018,0.6250000000000018,0.6250000000000018,0.6250000000000018,0.6250000000000018,5.624999999999998,3.5178571428571455,17.625,3.3493589743589736,9.017857142857142,9.017857142857142,11.041666666666664,10.946428571428571,0.0,0.0,0.0,0.0,0.0,0.0,0.0,0.0,0.0,0.0,0.0,0.0,0.0,0.0,0.0,0.0,0.0,0.0,0.0,0.0,0.0,0.0,0.0,0.0,0.0,0.0,0.0,0.0,0.0,0.0,0.0,0.0,0.0,0.0,0.0,0.0,0.0,0.0,0.0,0.0,0.0,0.0,0.0,0.0,0.0,0.0,0.0,0.0,0.0,0.0,6.875000000000002,6.875000000000002,10.089285714285715,10.089285714285715,10.089285714285715,10.089285714285715,10.089285714285715,10.089285714285715,10.089285714285715,13.375,13.375,13.375,13.375,15.144230769230772,15.144230769230772,15.144230769230772,17.006578947368425,1.875,1.875,1.875,1.875,1.875,1.875,1.875,1.875,1.875,1.875,1.875
20.22500000000001,7.102272727272727,7.102272727272727,8.958333333333334,9.625000000000004,3.124999999999999,1.1249999999999993,1.1249999999999993,1.1249999999999993,1.1249999999999993,1.1249999999999993,5.708333333333332,5.708333333333332,5.708333333333332,10.624999999999998,0.26785714285714257,0.26785714285714257,0.26785714285714257,0.26785714285714257,0.26785714285714257,0.26785714285714257,0.26785714285714257,0.26785714285714257,0.26785714285714257,0.26785714285714257,0.26785714285714257,0.26785714285714257,0.26785714285714257,0.26785714285714257,0.26785714285714257,0.26785714285714257,0.26785714285714257,0.26785714285714257,0.26785714285714257,0.26785714285714257,0.26785714285714257,0.26785714285714257,0.26785714285714257,0.26785714285714257,1.7083333333333335,1.7083333333333335,7.232142857142857,1.875,1.875,1.875,1.875,1.875,1.875,1.875,1.875,1.875,1.875,1.875,1.875,4.375000000000001,7.94642857142857,15.625000000000002,15.625000000000002,1.7663043478260878,1.7663043478260878,19.261363636363633,8.660714285714286,8.660714285714286,11.28409090909091,0.6250000000000018,0.6250000000000018,0.6250000000000018,0.6250000000000018,0.6250000000000018,0.6250000000000018,0.6250000000000018,0.6250000000000018,0.6250000000000018,0.6250000000000018,0.6250000000000018,0.6250000000000018,0.6250000000000018,0.6250000000000018,0.6250000000000018,0.6250000000000018,0.6250000000000018,0.6250000000000018,0.6250000000000018,0.6250000000000018,0.6250000000000018,0.6250000000000018,0.6250000000000018,0.6250000000000018,0.6250000000000018,0.6250000000000018,0.6250000000000018,0.6250000000000018,0.6250000000000018,0.6250000000000018,0.6250000000000018,0.6250000000000018,0.6250000000000018,0.6250000000000018,0.6250000000000018,0.6250000000000018,0.6250000000000018,0.6250000000000018,0.6250000000000018,0.6250000000000018,0.6250000000000018,0.6250000000000018,0.6250000000000018,0.6250000000000018,0.6250000000000018,0.6250000000000018,0.6250000000000018,0.6250000000000018,0.6250000000000018,0.6250000000000018,0.6250000000000018,0.6250000000000018,0.6250000000000018,0.6250000000000018,0.6250000000000018,0.6250000000000018,0.6250000000000018,0.6250000000000018,5.624999999999998,3.5178571428571455,17.625,3.3493589743589736,9.017857142857142,9.017857142857142,11.041666666666664,10.946428571428571,0.0,0.0,0.0,0.0,0.0,0.0,0.0,0.0,0.0,0.0,0.0,0.0,0.0,0.0,0.0,0.0,0.0,0.0,0.0,0.0,0.0,0.0,0.0,0.0,0.0,0.0,0.0,0.0,0.0,0.0,0.0,0.0,0.0,0.0,0.0,0.0,0.0,0.0,0.0,0.0,0.0,0.0,0.0,0.0,0.0,0.0,0.0,0.0,0.0,0.0,6.875000000000002,6.875000000000002,10.089285714285715,10.089285714285715,10.089285714285715,10.089285714285715,10.089285714285715,10.089285714285715,10.089285714285715,13.375,13.375,13.375,13.375,15.144230769230772,15.144230769230772,15.144230769230772,17.006578947368425,1.875,1.875,1.875,1.875,1.875,1.875,1.875,1.875,1.875,1.875,1.875
20.22500000000001,7.102272727272727,7.102272727272727,8.958333333333334,9.625000000000004,3.124999999999999,1.1249999999999993,1.1249999999999993,1.1249999999999993,1.1249999999999993,1.1249999999999993,5.708333333333332,5.708333333333332,5.708333333333332,10.624999999999998,0.26785714285714257,0.26785714285714257,0.26785714285714257,0.26785714285714257,0.26785714285714257,0.26785714285714257,0.26785714285714257,0.26785714285714257,0.26785714285714257,0.26785714285714257,0.26785714285714257,0.26785714285714257,0.26785714285714257,0.26785714285714257,0.26785714285714257,0.26785714285714257,0.26785714285714257,0.26785714285714257,0.26785714285714257,0.26785714285714257,0.26785714285714257,0.26785714285714257,0.26785714285714257,0.26785714285714257,1.7083333333333335,1.7083333333333335,7.232142857142857,1.875,1.875,1.875,1.875,1.875,1.875,1.875,1.875,1.875,1.875,1.875,1.875,4.375000000000001,7.94642857142857,15.625000000000002,15.625000000000002,1.7663043478260878,1.7663043478260878,19.261363636363633,8.660714285714286,8.660714285714286,11.28409090909091,0.6250000000000018,0.6250000000000018,0.6250000000000018,0.6250000000000018,0.6250000000000018,0.6250000000000018,0.6250000000000018,0.6250000000000018,0.6250000000000018,0.6250000000000018,0.6250000000000018,0.6250000000000018,0.6250000000000018,0.6250000000000018,0.6250000000000018,0.6250000000000018,0.6250000000000018,0.6250000000000018,0.6250000000000018,0.6250000000000018,0.6250000000000018,0.6250000000000018,0.6250000000000018,0.6250000000000018,0.6250000000000018,0.6250000000000018,0.6250000000000018,0.6250000000000018,0.6250000000000018,0.6250000000000018,0.6250000000000018,0.6250000000000018,0.6250000000000018,0.6250000000000018,0.6250000000000018,0.6250000000000018,0.6250000000000018,0.6250000000000018,0.6250000000000018,0.6250000000000018,0.6250000000000018,0.6250000000000018,0.6250000000000018,0.6250000000000018,0.6250000000000018,0.6250000000000018,0.6250000000000018,0.6250000000000018,0.6250000000000018,0.6250000000000018,0.6250000000000018,0.6250000000000018,0.6250000000000018,0.6250000000000018,0.6250000000000018,0.6250000000000018,0.6250000000000018,0.6250000000000018,5.624999999999998,3.5178571428571455,17.625,3.3493589743589736,9.017857142857142,9.017857142857142,11.041666666666664,10.946428571428571,0.0,0.0,0.0,0.0,0.0,0.0,0.0,0.0,0.0,0.0,0.0,0.0,0.0,0.0,0.0,0.0,0.0,0.0,0.0,0.0,0.0,0.0,0.0,0.0,0.0,0.0,0.0,0.0,0.0,0.0,0.0,0.0,0.0,0.0,0.0,0.0,0.0,0.0,0.0,0.0,0.0,0.0,0.0,0.0,0.0,0.0,0.0,0.0,0.0,0.0,6.875000000000002,6.875000000000002,10.089285714285715,10.089285714285715,10.089285714285715,10.089285714285715,10.089285714285715,10.089285714285715,10.089285714285715,13.375,13.375,13.375,13.375,15.144230769230772,15.144230769230772,15.144230769230772,17.006578947368425,1.875,1.875,1.875,1.875,1.875,1.875,1.875,1.875,1.875,1.875,1.875
20.22500000000001,7.102272727272727,7.102272727272727,8.958333333333334,9.625000000000004,3.124999999999999,1.1249999999999993,1.1249999999999993,1.1249999999999993,1.1249999999999993,1.1249999999999993,5.708333333333332,5.708333333333332,5.708333333333332,10.624999999999998,0.26785714285714257,0.26785714285714257,0.26785714285714257,0.26785714285714257,0.26785714285714257,0.26785714285714257,0.26785714285714257,0.26785714285714257,0.26785714285714257,0.26785714285714257,0.26785714285714257,0.26785714285714257,0.26785714285714257,0.26785714285714257,0.26785714285714257,0.26785714285714257,0.26785714285714257,0.26785714285714257,0.26785714285714257,0.26785714285714257,0.26785714285714257,0.26785714285714257,0.26785714285714257,0.26785714285714257,1.7083333333333335,1.7083333333333335,7.232142857142857,1.875,1.875,1.875,1.875,1.875,1.875,1.875,1.875,1.875,1.875,1.875,1.875,4.375000000000001,7.94642857142857,15.625000000000002,15.625000000000002,1.7663043478260878,1.7663043478260878,19.261363636363633,8.660714285714286,8.660714285714286,11.28409090909091,0.6250000000000018,0.6250000000000018,0.6250000000000018,0.6250000000000018,0.6250000000000018,0.6250000000000018,0.6250000000000018,0.6250000000000018,0.6250000000000018,0.6250000000000018,0.6250000000000018,0.6250000000000018,0.6250000000000018,0.6250000000000018,0.6250000000000018,0.6250000000000018,0.6250000000000018,0.6250000000000018,0.6250000000000018,0.6250000000000018,0.6250000000000018,0.6250000000000018,0.6250000000000018,0.6250000000000018,0.6250000000000018,0.6250000000000018,0.6250000000000018,0.6250000000000018,0.6250000000000018,0.6250000000000018,0.6250000000000018,0.6250000000000018,0.6250000000000018,0.6250000000000018,0.6250000000000018,0.6250000000000018,0.6250000000000018,0.6250000000000018,0.6250000000000018,0.6250000000000018,0.6250000000000018,0.6250000000000018,0.6250000000000018,0.6250000000000018,0.6250000000000018,0.6250000000000018,0.6250000000000018,0.6250000000000018,0.6250000000000018,0.6250000000000018,0.6250000000000018,0.6250000000000018,0.6250000000000018,0.6250000000000018,0.6250000000000018,0.6250000000000018,0.6250000000000018,0.6250000000000018,5.624999999999998,3.5178571428571455,17.625,3.3493589743589736,9.017857142857142,9.017857142857142,11.041666666666664,10.946428571428571,0.0,0.0,0.0,0.0,0.0,0.0,0.0,0.0,0.0,0.0,0.0,0.0,0.0,0.0,0.0,0.0,0.0,0.0,0.0,0.0,0.0,0.0,0.0,0.0,0.0,0.0,0.0,0.0,0.0,0.0,0.0,0.0,0.0,0.0,0.0,0.0,0.0,0.0,0.0,0.0,0.0,0.0,0.0,0.0,0.0,0.0,0.0,0.0,0.0,0.0,6.875000000000002,6.875000000000002,10.089285714285715,10.089285714285715,10.089285714285715,10.089285714285715,10.089285714285715,10.089285714285715,10.089285714285715,13.375,13.375,13.375,13.375,15.144230769230772,15.144230769230772,15.144230769230772,17.006578947368425,1.875,1.875,1.875,1.875,1.875,1.875,1.875,1.875,1.875,1.875,1.875
20.22500000000001,7.102272727272727,7.102272727272727,8.958333333333334,9.625000000000004,3.124999999999999,1.1249999999999993,1.1249999999999993,1.1249999999999993,1.1249999999999993,1.1249999999999993,5.708333333333332,5.708333333333332,5.708333333333332,10.624999999999998,0.26785714285714257,0.26785714285714257,0.26785714285714257,0.26785714285714257,0.26785714285714257,0.26785714285714257,0.26785714285714257,0.26785714285714257,0.26785714285714257,0.26785714285714257,0.26785714285714257,0.26785714285714257,0.26785714285714257,0.26785714285714257,0.26785714285714257,0.26785714285714257,0.26785714285714257,0.26785714285714257,0.26785714285714257,0.26785714285714257,0.26785714285714257,0.26785714285714257,0.26785714285714257,0.26785714285714257,1.7083333333333335,1.7083333333333335,7.232142857142857,1.875,1.875,1.875,1.875,1.875,1.875,1.875,1.875,1.875,1.875,1.875,1.875,4.375000000000001,7.94642857142857,15.625000000000002,15.625000000000002,1.7663043478260878,1.7663043478260878,19.261363636363633,8.660714285714286,8.660714285714286,11.28409090909091,0.6250000000000018,0.6250000000000018,0.6250000000000018,0.6250000000000018,0.6250000000000018,0.6250000000000018,0.6250000000000018,0.6250000000000018,0.6250000000000018,0.6250000000000018,0.6250000000000018,0.6250000000000018,0.6250000000000018,0.6250000000000018,0.6250000000000018,0.6250000000000018,0.6250000000000018,0.6250000000000018,0.6250000000000018,0.6250000000000018,0.6250000000000018,0.6250000000000018,0.6250000000000018,0.6250000000000018,0.6250000000000018,0.6250000000000018,0.6250000000000018,0.6250000000000018,0.6250000000000018,0.6250000000000018,0.6250000000000018,0.6250000000000018,0.6250000000000018,0.6250000000000018,0.6250000000000018,0.6250000000000018,0.6250000000000018,0.6250000000000018,0.6250000000000018,0.6250000000000018,0.6250000000000018,0.6250000000000018,0.6250000000000018,0.6250000000000018,0.6250000000000018,0.6250000000000018,0.6250000000000018,0.6250000000000018,0.6250000000000018,0.6250000000000018,0.6250000000000018,0.6250000000000018,0.6250000000000018,0.6250000000000018,0.6250000000000018,0.6250000000000018,0.6250000000000018,0.6250000000000018,5.624999999999998,3.5178571428571455,17.625,3.3493589743589736,9.017857142857142,9.017857142857142,11.041666666666664,10.946428571428571,0.0,0.0,0.0,0.0,0.0,0.0,0.0,0.0,0.0,0.0,0.0,0.0,0.0,0.0,0.0,0.0,0.0,0.0,0.0,0.0,0.0,0.0,0.0,0.0,0.0,0.0,0.0,0.0,0.0,0.0,0.0,0.0,0.0,0.0,0.0,0.0,0.0,0.0,0.0,0.0,0.0,0.0,0.0,0.0,0.0,0.0,0.0,0.0,0.0,0.0,6.875000000000002,6.875000000000002,10.089285714285715,10.089285714285715,10.089285714285715,10.089285714285715,10.089285714285715,10.089285714285715,10.089285714285715,13.375,13.375,13.375,13.375,15.144230769230772,15.144230769230772,15.144230769230772,17.006578947368425,1.875,1.875,1.875,1.875,1.875,1.875,1.875,1.875,1.875,1.875,1.875
20.22500000000001,7.102272727272727,7.102272727272727,8.958333333333334,9.625000000000004,3.124999999999999,1.1249999999999993,1.1249999999999993,1.1249999999999993,1.1249999999999993,1.1249999999999993,5.708333333333332,5.708333333333332,5.708333333333332,10.624999999999998,0.26785714285714257,0.26785714285714257,0.26785714285714257,0.26785714285714257,0.26785714285714257,0.26785714285714257,0.26785714285714257,0.26785714285714257,0.26785714285714257,0.26785714285714257,0.26785714285714257,0.26785714285714257,0.26785714285714257,0.26785714285714257,0.26785714285714257,0.26785714285714257,0.26785714285714257,0.26785714285714257,0.26785714285714257,0.26785714285714257,0.26785714285714257,0.26785714285714257,0.26785714285714257,0.26785714285714257,1.7083333333333335,1.7083333333333335,7.232142857142857,1.875,1.875,1.875,1.875,1.875,1.875,1.875,1.875,1.875,1.875,1.875,1.875,4.375000000000001,7.94642857142857,15.625000000000002,15.625000000000002,1.7663043478260878,1.7663043478260878,19.261363636363633,8.660714285714286,8.660714285714286,11.28409090909091,0.6250000000000018,0.6250000000000018,0.6250000000000018,0.6250000000000018,0.6250000000000018,0.6250000000000018,0.6250000000000018,0.6250000000000018,0.6250000000000018,0.6250000000000018,0.6250000000000018,0.6250000000000018,0.6250000000000018,0.6250000000000018,0.6250000000000018,0.6250000000000018,0.6250000000000018,0.6250000000000018,0.6250000000000018,0.6250000000000018,0.6250000000000018,0.6250000000000018,0.6250000000000018,0.6250000000000018,0.6250000000000018,0.6250000000000018,0.6250000000000018,0.6250000000000018,0.6250000000000018,0.6250000000000018,0.6250000000000018,0.6250000000000018,0.6250000000000018,0.6250000000000018,0.6250000000000018,0.6250000000000018,0.6250000000000018,0.6250000000000018,0.6250000000000018,0.6250000000000018,0.6250000000000018,0.6250000000000018,0.6250000000000018,0.6250000000000018,0.6250000000000018,0.6250000000000018,0.6250000000000018,0.6250000000000018,0.6250000000000018,0.6250000000000018,0.6250000000000018,0.6250000000000018,0.6250000000000018,0.6250000000000018,0.6250000000000018,0.6250000000000018,0.6250000000000018,0.6250000000000018,5.624999999999998,3.5178571428571455,17.625,3.3493589743589736,9.017857142857142,9.017857142857142,11.041666666666664,10.946428571428571,0.0,0.0,0.0,0.0,0.0,0.0,0.0,0.0,0.0,0.0,0.0,0.0,0.0,0.0,0.0,0.0,0.0,0.0,0.0,0.0,0.0,0.0,0.0,0.0,0.0,0.0,0.0,0.0,0.0,0.0,0.0,0.0,0.0,0.0,0.0,0.0,0.0,0.0,0.0,0.0,0.0,0.0,0.0,0.0,0.0,0.0,0.0,0.0,0.0,0.0,6.875000000000002,6.875000000000002,10.089285714285715,10.089285714285715,10.089285714285715,10.089285714285715,10.089285714285715,10.089285714285715,10.089285714285715,13.375,13.375,13.375,13.375,15.144230769230772,15.144230769230772,15.144230769230772,17.006578947368425,1.875,1.875,1.875,1.875,1.875,1.875,1.875,1.875,1.875,1.875,1.875
20.22500000000001,7.102272727272727,7.102272727272727,8.958333333333334,9.625000000000004,3.124999999999999,1.1249999999999993,1.1249999999999993,1.1249999999999993,1.1249999999999993,1.1249999999999993,5.708333333333332,5.708333333333332,5.708333333333332,10.624999999999998,0.26785714285714257,0.26785714285714257,0.26785714285714257,0.26785714285714257,0.26785714285714257,0.26785714285714257,0.26785714285714257,0.26785714285714257,0.26785714285714257,0.26785714285714257,0.26785714285714257,0.26785714285714257,0.26785714285714257,0.26785714285714257,0.26785714285714257,0.26785714285714257,0.26785714285714257,0.26785714285714257,0.26785714285714257,0.26785714285714257,0.26785714285714257,0.26785714285714257,0.26785714285714257,0.26785714285714257,1.7083333333333335,1.7083333333333335,7.232142857142857,1.875,1.875,1.875,1.875,1.875,1.875,1.875,1.875,1.875,1.875,1.875,1.875,4.375000000000001,7.94642857142857,15.625000000000002,15.625000000000002,1.7663043478260878,1.7663043478260878,19.261363636363633,8.660714285714286,8.660714285714286,11.28409090909091,0.6250000000000018,0.6250000000000018,0.6250000000000018,0.6250000000000018,0.6250000000000018,0.6250000000000018,0.6250000000000018,0.6250000000000018,0.6250000000000018,0.6250000000000018,0.6250000000000018,0.6250000000000018,0.6250000000000018,0.6250000000000018,0.6250000000000018,0.6250000000000018,0.6250000000000018,0.6250000000000018,0.6250000000000018,0.6250000000000018,0.6250000000000018,0.6250000000000018,0.6250000000000018,0.6250000000000018,0.6250000000000018,0.6250000000000018,0.6250000000000018,0.6250000000000018,0.6250000000000018,0.6250000000000018,0.6250000000000018,0.6250000000000018,0.6250000000000018,0.6250000000000018,0.6250000000000018,0.6250000000000018,0.6250000000000018,0.6250000000000018,0.6250000000000018,0.6250000000000018,0.6250000000000018,0.6250000000000018,0.6250000000000018,0.6250000000000018,0.6250000000000018,0.6250000000000018,0.6250000000000018,0.6250000000000018,0.6250000000000018,0.6250000000000018,0.6250000000000018,0.6250000000000018,0.6250000000000018,0.6250000000000018,0.6250000000000018,0.6250000000000018,0.6250000000000018,0.6250000000000018,5.624999999999998,3.5178571428571455,17.625,3.3493589743589736,9.017857142857142,9.017857142857142,11.041666666666664,10.946428571428571,0.0,0.0,0.0,0.0,0.0,0.0,0.0,0.0,0.0,0.0,0.0,0.0,0.0,0.0,0.0,0.0,0.0,0.0,0.0,0.0,0.0,0.0,0.0,0.0,0.0,0.0,0.0,0.0,0.0,0.0,0.0,0.0,0.0,0.0,0.0,0.0,0.0,0.0,0.0,0.0,0.0,0.0,0.0,0.0,0.0,0.0,0.0,0.0,0.0,0.0,6.875000000000002,6.875000000000002,10.089285714285715,10.089285714285715,10.089285714285715,10.089285714285715,10.089285714285715,10.089285714285715,10.089285714285715,13.375,13.375,13.375,13.375,15.144230769230772,15.144230769230772,15.144230769230772,17.006578947368425,1.875,1.875,1.875,1.875,1.875,1.875,1.875,1.875,1.875,1.875,1.875
20.22500000000001,7.102272727272727,7.102272727272727,8.958333333333334,9.625000000000004,3.124999999999999,1.1249999999999993,1.1249999999999993,1.1249999999999993,1.1249999999999993,1.1249999999999993,5.708333333333332,5.708333333333332,5.708333333333332,10.624999999999998,0.26785714285714257,0.26785714285714257,0.26785714285714257,0.26785714285714257,0.26785714285714257,0.26785714285714257,0.26785714285714257,0.26785714285714257,0.26785714285714257,0.26785714285714257,0.26785714285714257,0.26785714285714257,0.26785714285714257,0.26785714285714257,0.26785714285714257,0.26785714285714257,0.26785714285714257,0.26785714285714257,0.26785714285714257,0.26785714285714257,0.26785714285714257,0.26785714285714257,0.26785714285714257,0.26785714285714257,1.7083333333333335,1.7083333333333335,7.232142857142857,1.875,1.875,1.875,1.875,1.875,1.875,1.875,1.875,1.875,1.875,1.875,1.875,4.375000000000001,7.94642857142857,15.625000000000002,15.625000000000002,1.7663043478260878,1.7663043478260878,19.261363636363633,8.660714285714286,8.660714285714286,11.28409090909091,0.6250000000000018,0.6250000000000018,0.6250000000000018,0.6250000000000018,0.6250000000000018,0.6250000000000018,0.6250000000000018,0.6250000000000018,0.6250000000000018,0.6250000000000018,0.6250000000000018,0.6250000000000018,0.6250000000000018,0.6250000000000018,0.6250000000000018,0.6250000000000018,0.6250000000000018,0.6250000000000018,0.6250000000000018,0.6250000000000018,0.6250000000000018,0.6250000000000018,0.6250000000000018,0.6250000000000018,0.6250000000000018,0.6250000000000018,0.6250000000000018,0.6250000000000018,0.6250000000000018,0.6250000000000018,0.6250000000000018,0.6250000000000018,0.6250000000000018,0.6250000000000018,0.6250000000000018,0.6250000000000018,0.6250000000000018,0.6250000000000018,0.6250000000000018,0.6250000000000018,0.6250000000000018,0.6250000000000018,0.6250000000000018,0.6250000000000018,0.6250000000000018,0.6250000000000018,0.6250000000000018,0.6250000000000018,0.6250000000000018,0.6250000000000018,0.6250000000000018,0.6250000000000018,0.6250000000000018,0.6250000000000018,0.6250000000000018,0.6250000000000018,0.6250000000000018,0.6250000000000018,5.624999999999998,3.5178571428571455,17.625,3.3493589743589736,9.017857142857142,9.017857142857142,11.041666666666664,10.946428571428571,0.0,0.0,0.0,0.0,0.0,0.0,0.0,0.0,0.0,0.0,0.0,0.0,0.0,0.0,0.0,0.0,0.0,0.0,0.0,0.0,0.0,0.0,0.0,0.0,0.0,0.0,0.0,0.0,0.0,0.0,0.0,0.0,0.0,0.0,0.0,0.0,0.0,0.0,0.0,0.0,0.0,0.0,0.0,0.0,0.0,0.0,0.0,0.0,0.0,0.0,6.875000000000002,6.875000000000002,10.089285714285715,10.089285714285715,10.089285714285715,10.089285714285715,10.089285714285715,10.089285714285715,10.089285714285715,13.375,13.375,13.375,13.375,15.144230769230772,15.144230769230772,15.144230769230772,17.006578947368425,1.875,1.875,1.875,1.875,1.875,1.875,1.875,1.875,1.875,1.875,1.875
20.22500000000001,7.102272727272727,7.102272727272727,8.958333333333334,9.625000000000004,3.124999999999999,1.1249999999999993,1.1249999999999993,1.1249999999999993,1.1249999999999993,1.1249999999999993,5.708333333333332,5.708333333333332,5.708333333333332,10.624999999999998,0.26785714285714257,0.26785714285714257,0.26785714285714257,0.26785714285714257,0.26785714285714257,0.26785714285714257,0.26785714285714257,0.26785714285714257,0.26785714285714257,0.26785714285714257,0.26785714285714257,0.26785714285714257,0.26785714285714257,0.26785714285714257,0.26785714285714257,0.26785714285714257,0.26785714285714257,0.26785714285714257,0.26785714285714257,0.26785714285714257,0.26785714285714257,0.26785714285714257,0.26785714285714257,0.26785714285714257,1.7083333333333335,1.7083333333333335,7.232142857142857,1.875,1.875,1.875,1.875,1.875,1.875,1.875,1.875,1.875,1.875,1.875,1.875,4.375000000000001,7.94642857142857,15.625000000000002,15.625000000000002,1.7663043478260878,1.7663043478260878,19.261363636363633,8.660714285714286,8.660714285714286,11.28409090909091,0.6250000000000018,0.6250000000000018,0.6250000000000018,0.6250000000000018,0.6250000000000018,0.6250000000000018,0.6250000000000018,0.6250000000000018,0.6250000000000018,0.6250000000000018,0.6250000000000018,0.6250000000000018,0.6250000000000018,0.6250000000000018,0.6250000000000018,0.6250000000000018,0.6250000000000018,0.6250000000000018,0.6250000000000018,0.6250000000000018,0.6250000000000018,0.6250000000000018,0.6250000000000018,0.6250000000000018,0.6250000000000018,0.6250000000000018,0.6250000000000018,0.6250000000000018,0.6250000000000018,0.6250000000000018,0.6250000000000018,0.6250000000000018,0.6250000000000018,0.6250000000000018,0.6250000000000018,0.6250000000000018,0.6250000000000018,0.6250000000000018,0.6250000000000018,0.6250000000000018,0.6250000000000018,0.6250000000000018,0.6250000000000018,0.6250000000000018,0.6250000000000018,0.6250000000000018,0.6250000000000018,0.6250000000000018,0.6250000000000018,0.6250000000000018,0.6250000000000018,0.6250000000000018,0.6250000000000018,0.6250000000000018,0.6250000000000018,0.6250000000000018,0.6250000000000018,0.6250000000000018,5.624999999999998,3.5178571428571455,17.625,3.3493589743589736,9.017857142857142,9.017857142857142,11.041666666666664,10.946428571428571,0.0,0.0,0.0,0.0,0.0,0.0,0.0,0.0,0.0,0.0,0.0,0.0,0.0,0.0,0.0,0.0,0.0,0.0,0.0,0.0,0.0,0.0,0.0,0.0,0.0,0.0,0.0,0.0,0.0,0.0,0.0,0.0,0.0,0.0,0.0,0.0,0.0,0.0,0.0,0.0,0.0,0.0,0.0,0.0,0.0,0.0,0.0,0.0,0.0,0.0,6.875000000000002,6.875000000000002,10.089285714285715,10.089285714285715,10.089285714285715,10.089285714285715,10.089285714285715,10.089285714285715,10.089285714285715,13.375,13.375,13.375,13.375,15.144230769230772,15.144230769230772,15.144230769230772,17.006578947368425,1.875,1.875,1.875,1.875,1.875,1.875,1.875,1.875,1.875,1.875,1.875
20.22500000000001,7.102272727272727,7.102272727272727,8.958333333333334,9.625000000000004,3.124999999999999,1.1249999999999993,1.1249999999999993,1.1249999999999993,1.1249999999999993,1.1249999999999993,5.708333333333332,5.708333333333332,5.708333333333332,10.624999999999998,0.26785714285714257,0.26785714285714257,0.26785714285714257,0.26785714285714257,0.26785714285714257,0.26785714285714257,0.26785714285714257,0.26785714285714257,0.26785714285714257,0.26785714285714257,0.26785714285714257,0.26785714285714257,0.26785714285714257,0.26785714285714257,0.26785714285714257,0.26785714285714257,0.26785714285714257,0.26785714285714257,0.26785714285714257,0.26785714285714257,0.26785714285714257,0.26785714285714257,0.26785714285714257,0.26785714285714257,1.7083333333333335,1.7083333333333335,7.232142857142857,1.875,1.875,1.875,1.875,1.875,1.875,1.875,1.875,1.875,1.875,1.875,1.875,4.375000000000001,7.94642857142857,15.625000000000002,15.625000000000002,1.7663043478260878,1.7663043478260878,19.261363636363633,8.660714285714286,8.660714285714286,11.28409090909091,0.6250000000000018,0.6250000000000018,0.6250000000000018,0.6250000000000018,0.6250000000000018,0.6250000000000018,0.6250000000000018,0.6250000000000018,0.6250000000000018,0.6250000000000018,0.6250000000000018,0.6250000000000018,0.6250000000000018,0.6250000000000018,0.6250000000000018,0.6250000000000018,0.6250000000000018,0.6250000000000018,0.6250000000000018,0.6250000000000018,0.6250000000000018,0.6250000000000018,0.6250000000000018,0.6250000000000018,0.6250000000000018,0.6250000000000018,0.6250000000000018,0.6250000000000018,0.6250000000000018,0.6250000000000018,0.6250000000000018,0.6250000000000018,0.6250000000000018,0.6250000000000018,0.6250000000000018,0.6250000000000018,0.6250000000000018,0.6250000000000018,0.6250000000000018,0.6250000000000018,0.6250000000000018,0.6250000000000018,0.6250000000000018,0.6250000000000018,0.6250000000000018,0.6250000000000018,0.6250000000000018,0.6250000000000018,0.6250000000000018,0.6250000000000018,0.6250000000000018,0.6250000000000018,0.6250000000000018,0.6250000000000018,0.6250000000000018,0.6250000000000018,0.6250000000000018,0.6250000000000018,5.624999999999998,3.5178571428571455,17.625,3.3493589743589736,9.017857142857142,9.017857142857142,11.041666666666664,10.946428571428571,0.0,0.0,0.0,0.0,0.0,0.0,0.0,0.0,0.0,0.0,0.0,0.0,0.0,0.0,0.0,0.0,0.0,0.0,0.0,0.0,0.0,0.0,0.0,0.0,0.0,0.0,0.0,0.0,0.0,0.0,0.0,0.0,0.0,0.0,0.0,0.0,0.0,0.0,0.0,0.0,0.0,0.0,0.0,0.0,0.0,0.0,0.0,0.0,0.0,0.0,6.875000000000002,6.875000000000002,10.089285714285715,10.089285714285715,10.089285714285715,10.089285714285715,10.089285714285715,10.089285714285715,10.089285714285715,13.375,13.375,13.375,13.375,15.144230769230772,15.144230769230772,15.144230769230772,17.006578947368425,1.875,1.875,1.875,1.875,1.875,1.875,1.875,1.875,1.875,1.875,1.875
20.22500000000001,7.102272727272727,7.102272727272727,8.958333333333334,9.625000000000004,3.124999999999999,1.1249999999999993,1.1249999999999993,1.1249999999999993,1.1249999999999993,1.1249999999999993,5.708333333333332,5.708333333333332,5.708333333333332,10.624999999999998,0.26785714285714257,0.26785714285714257,0.26785714285714257,0.26785714285714257,0.26785714285714257,0.26785714285714257,0.26785714285714257,0.26785714285714257,0.26785714285714257,0.26785714285714257,0.26785714285714257,0.26785714285714257,0.26785714285714257,0.26785714285714257,0.26785714285714257,0.26785714285714257,0.26785714285714257,0.26785714285714257,0.26785714285714257,0.26785714285714257,0.26785714285714257,0.26785714285714257,0.26785714285714257,0.26785714285714257,1.7083333333333335,1.7083333333333335,7.232142857142857,1.875,1.875,1.875,1.875,1.875,1.875,1.875,1.875,1.875,1.875,1.875,1.875,4.375000000000001,7.94642857142857,15.625000000000002,15.625000000000002,1.7663043478260878,1.7663043478260878,19.261363636363633,8.660714285714286,8.660714285714286,11.28409090909091,0.6250000000000018,0.6250000000000018,0.6250000000000018,0.6250000000000018,0.6250000000000018,0.6250000000000018,0.6250000000000018,0.6250000000000018,0.6250000000000018,0.6250000000000018,0.6250000000000018,0.6250000000000018,0.6250000000000018,0.6250000000000018,0.6250000000000018,0.6250000000000018,0.6250000000000018,0.6250000000000018,0.6250000000000018,0.6250000000000018,0.6250000000000018,0.6250000000000018,0.6250000000000018,0.6250000000000018,0.6250000000000018,0.6250000000000018,0.6250000000000018,0.6250000000000018,0.6250000000000018,0.6250000000000018,0.6250000000000018,0.6250000000000018,0.6250000000000018,0.6250000000000018,0.6250000000000018,0.6250000000000018,0.6250000000000018,0.6250000000000018,0.6250000000000018,0.6250000000000018,0.6250000000000018,0.6250000000000018,0.6250000000000018,0.6250000000000018,0.6250000000000018,0.6250000000000018,0.6250000000000018,0.6250000000000018,0.6250000000000018,0.6250000000000018,0.6250000000000018,0.6250000000000018,0.6250000000000018,0.6250000000000018,0.6250000000000018,0.6250000000000018,0.6250000000000018,0.6250000000000018,5.624999999999998,3.5178571428571455,17.625,3.3493589743589736,9.017857142857142,9.017857142857142,11.041666666666664,10.946428571428571,0.0,0.0,0.0,0.0,0.0,0.0,0.0,0.0,0.0,0.0,0.0,0.0,0.0,0.0,0.0,0.0,0.0,0.0,0.0,0.0,0.0,0.0,0.0,0.0,0.0,0.0,0.0,0.0,0.0,0.0,0.0,0.0,0.0,0.0,0.0,0.0,0.0,0.0,0.0,0.0,0.0,0.0,0.0,0.0,0.0,0.0,0.0,0.0,0.0,0.0,6.875000000000002,6.875000000000002,10.089285714285715,10.089285714285715,10.089285714285715,10.089285714285715,10.089285714285715,10.089285714285715,10.089285714285715,13.375,13.375,13.375,13.375,15.144230769230772,15.144230769230772,15.144230769230772,17.006578947368425,1.875,1.875,1.875,1.875,1.875,1.875,1.875,1.875,1.875,1.875,1.875
20.22500000000001,7.102272727272727,7.102272727272727,8.958333333333334,9.625000000000004,3.124999999999999,1.1249999999999993,1.1249999999999993,1.1249999999999993,1.1249999999999993,1.1249999999999993,5.708333333333332,5.708333333333332,5.708333333333332,10.624999999999998,0.26785714285714257,0.26785714285714257,0.26785714285714257,0.26785714285714257,0.26785714285714257,0.26785714285714257,0.26785714285714257,0.26785714285714257,0.26785714285714257,0.26785714285714257,0.26785714285714257,0.26785714285714257,0.26785714285714257,0.26785714285714257,0.26785714285714257,0.26785714285714257,0.26785714285714257,0.26785714285714257,0.26785714285714257,0.26785714285714257,0.26785714285714257,0.26785714285714257,0.26785714285714257,0.26785714285714257,1.7083333333333335,1.7083333333333335,7.232142857142857,1.875,1.875,1.875,1.875,1.875,1.875,1.875,1.875,1.875,1.875,1.875,1.875,4.375000000000001,7.94642857142857,15.625000000000002,15.625000000000002,1.7663043478260878,1.7663043478260878,19.261363636363633,8.660714285714286,8.660714285714286,11.28409090909091,0.6250000000000018,0.6250000000000018,0.6250000000000018,0.6250000000000018,0.6250000000000018,0.6250000000000018,0.6250000000000018,0.6250000000000018,0.6250000000000018,0.6250000000000018,0.6250000000000018,0.6250000000000018,0.6250000000000018,0.6250000000000018,0.6250000000000018,0.6250000000000018,0.6250000000000018,0.6250000000000018,0.6250000000000018,0.6250000000000018,0.6250000000000018,0.6250000000000018,0.6250000000000018,0.6250000000000018,0.6250000000000018,0.6250000000000018,0.6250000000000018,0.6250000000000018,0.6250000000000018,0.6250000000000018,0.6250000000000018,0.6250000000000018,0.6250000000000018,0.6250000000000018,0.6250000000000018,0.6250000000000018,0.6250000000000018,0.6250000000000018,0.6250000000000018,0.6250000000000018,0.6250000000000018,0.6250000000000018,0.6250000000000018,0.6250000000000018,0.6250000000000018,0.6250000000000018,0.6250000000000018,0.6250000000000018,0.6250000000000018,0.6250000000000018,0.6250000000000018,0.6250000000000018,0.6250000000000018,0.6250000000000018,0.6250000000000018,0.6250000000000018,0.6250000000000018,0.6250000000000018,5.624999999999998,3.5178571428571455,17.625,3.3493589743589736,9.017857142857142,9.017857142857142,11.041666666666664,10.946428571428571,0.0,0.0,0.0,0.0,0.0,0.0,0.0,0.0,0.0,0.0,0.0,0.0,0.0,0.0,0.0,0.0,0.0,0.0,0.0,0.0,0.0,0.0,0.0,0.0,0.0,0.0,0.0,0.0,0.0,0.0,0.0,0.0,0.0,0.0,0.0,0.0,0.0,0.0,0.0,0.0,0.0,0.0,0.0,0.0,0.0,0.0,0.0,0.0,0.0,0.0,6.875000000000002,6.875000000000002,10.089285714285715,10.089285714285715,10.089285714285715,10.089285714285715,10.089285714285715,10.089285714285715,10.089285714285715,13.375,13.375,13.375,13.375,15.144230769230772,15.144230769230772,15.144230769230772,17.006578947368425,1.875,1.875,1.875,1.875,1.875,1.875,1.875,1.875,1.875,1.875,1.875
20.22500000000001,7.102272727272727,7.102272727272727,8.958333333333334,9.625000000000004,3.124999999999999,1.1249999999999993,1.1249999999999993,1.1249999999999993,1.1249999999999993,1.1249999999999993,5.708333333333332,5.708333333333332,5.708333333333332,10.624999999999998,0.26785714285714257,0.26785714285714257,0.26785714285714257,0.26785714285714257,0.26785714285714257,0.26785714285714257,0.26785714285714257,0.26785714285714257,0.26785714285714257,0.26785714285714257,0.26785714285714257,0.26785714285714257,0.26785714285714257,0.26785714285714257,0.26785714285714257,0.26785714285714257,0.26785714285714257,0.26785714285714257,0.26785714285714257,0.26785714285714257,0.26785714285714257,0.26785714285714257,0.26785714285714257,0.26785714285714257,1.7083333333333335,1.7083333333333335,7.232142857142857,1.875,1.875,1.875,1.875,1.875,1.875,1.875,1.875,1.875,1.875,1.875,1.875,4.375000000000001,7.94642857142857,15.625000000000002,15.625000000000002,1.7663043478260878,1.7663043478260878,19.261363636363633,8.660714285714286,8.660714285714286,11.28409090909091,0.6250000000000018,0.6250000000000018,0.6250000000000018,0.6250000000000018,0.6250000000000018,0.6250000000000018,0.6250000000000018,0.6250000000000018,0.6250000000000018,0.6250000000000018,0.6250000000000018,0.6250000000000018,0.6250000000000018,0.6250000000000018,0.6250000000000018,0.6250000000000018,0.6250000000000018,0.6250000000000018,0.6250000000000018,0.6250000000000018,0.6250000000000018,0.6250000000000018,0.6250000000000018,0.6250000000000018,0.6250000000000018,0.6250000000000018,0.6250000000000018,0.6250000000000018,0.6250000000000018,0.6250000000000018,0.6250000000000018,0.6250000000000018,0.6250000000000018,0.6250000000000018,0.6250000000000018,0.6250000000000018,0.6250000000000018,0.6250000000000018,0.6250000000000018,0.6250000000000018,0.6250000000000018,0.6250000000000018,0.6250000000000018,0.6250000000000018,0.6250000000000018,0.6250000000000018,0.6250000000000018,0.6250000000000018,0.6250000000000018,0.6250000000000018,0.6250000000000018,0.6250000000000018,0.6250000000000018,0.6250000000000018,0.6250000000000018,0.6250000000000018,0.6250000000000018,0.6250000000000018,5.624999999999998,3.5178571428571455,17.625,3.3493589743589736,9.017857142857142,9.017857142857142,11.041666666666664,10.946428571428571,0.0,0.0,0.0,0.0,0.0,0.0,0.0,0.0,0.0,0.0,0.0,0.0,0.0,0.0,0.0,0.0,0.0,0.0,0.0,0.0,0.0,0.0,0.0,0.0,0.0,0.0,0.0,0.0,0.0,0.0,0.0,0.0,0.0,0.0,0.0,0.0,0.0,0.0,0.0,0.0,0.0,0.0,0.0,0.0,0.0,0.0,0.0,0.0,0.0,0.0,6.875000000000002,6.875000000000002,10.089285714285715,10.089285714285715,10.089285714285715,10.089285714285715,10.089285714285715,10.089285714285715,10.089285714285715,13.375,13.375,13.375,13.375,15.144230769230772,15.144230769230772,15.144230769230772,17.006578947368425,1.875,1.875,1.875,1.875,1.875,1.875,1.875,1.875,1.875,1.875,1.875
20.22500000000001,7.102272727272727,7.102272727272727,8.958333333333334,9.625000000000004,3.124999999999999,1.1249999999999993,1.1249999999999993,1.1249999999999993,1.1249999999999993,1.1249999999999993,5.708333333333332,5.708333333333332,5.708333333333332,10.624999999999998,0.26785714285714257,0.26785714285714257,0.26785714285714257,0.26785714285714257,0.26785714285714257,0.26785714285714257,0.26785714285714257,0.26785714285714257,0.26785714285714257,0.26785714285714257,0.26785714285714257,0.26785714285714257,0.26785714285714257,0.26785714285714257,0.26785714285714257,0.26785714285714257,0.26785714285714257,0.26785714285714257,0.26785714285714257,0.26785714285714257,0.26785714285714257,0.26785714285714257,0.26785714285714257,0.26785714285714257,1.7083333333333335,1.7083333333333335,7.232142857142857,1.875,1.875,1.875,1.875,1.875,1.875,1.875,1.875,1.875,1.875,1.875,1.875,4.375000000000001,7.94642857142857,15.625000000000002,15.625000000000002,1.7663043478260878,1.7663043478260878,19.261363636363633,8.660714285714286,8.660714285714286,11.28409090909091,0.6250000000000018,0.6250000000000018,0.6250000000000018,0.6250000000000018,0.6250000000000018,0.6250000000000018,0.6250000000000018,0.6250000000000018,0.6250000000000018,0.6250000000000018,0.6250000000000018,0.6250000000000018,0.6250000000000018,0.6250000000000018,0.6250000000000018,0.6250000000000018,0.6250000000000018,0.6250000000000018,0.6250000000000018,0.6250000000000018,0.6250000000000018,0.6250000000000018,0.6250000000000018,0.6250000000000018,0.6250000000000018,0.6250000000000018,0.6250000000000018,0.6250000000000018,0.6250000000000018,0.6250000000000018,0.6250000000000018,0.6250000000000018,0.6250000000000018,0.6250000000000018,0.6250000000000018,0.6250000000000018,0.6250000000000018,0.6250000000000018,0.6250000000000018,0.6250000000000018,0.6250000000000018,0.6250000000000018,0.6250000000000018,0.6250000000000018,0.6250000000000018,0.6250000000000018,0.6250000000000018,0.6250000000000018,0.6250000000000018,0.6250000000000018,0.6250000000000018,0.6250000000000018,0.6250000000000018,0.6250000000000018,0.6250000000000018,0.6250000000000018,0.6250000000000018,0.6250000000000018,5.624999999999998,3.5178571428571455,17.625,3.3493589743589736,9.017857142857142,9.017857142857142,11.041666666666664,10.946428571428571,0.0,0.0,0.0,0.0,0.0,0.0,0.0,0.0,0.0,0.0,0.0,0.0,0.0,0.0,0.0,0.0,0.0,0.0,0.0,0.0,0.0,0.0,0.0,0.0,0.0,0.0,0.0,0.0,0.0,0.0,0.0,0.0,0.0,0.0,0.0,0.0,0.0,0.0,0.0,0.0,0.0,0.0,0.0,0.0,0.0,0.0,0.0,0.0,0.0,0.0,6.875000000000002,6.875000000000002,10.089285714285715,10.089285714285715,10.089285714285715,10.089285714285715,10.089285714285715,10.089285714285715,10.089285714285715,13.375,13.375,13.375,13.375,15.144230769230772,15.144230769230772,15.144230769230772,17.006578947368425,1.875,1.875,1.875,1.875,1.875,1.875,1.875,1.875,1.875,1.875,1.875
20.22500000000001,7.102272727272727,7.102272727272727,8.958333333333334,9.625000000000004,3.124999999999999,1.1249999999999993,1.1249999999999993,1.1249999999999993,1.1249999999999993,1.1249999999999993,5.708333333333332,5.708333333333332,5.708333333333332,10.624999999999998,0.26785714285714257,0.26785714285714257,0.26785714285714257,0.26785714285714257,0.26785714285714257,0.26785714285714257,0.26785714285714257,0.26785714285714257,0.26785714285714257,0.26785714285714257,0.26785714285714257,0.26785714285714257,0.26785714285714257,0.26785714285714257,0.26785714285714257,0.26785714285714257,0.26785714285714257,0.26785714285714257,0.26785714285714257,0.26785714285714257,0.26785714285714257,0.26785714285714257,0.26785714285714257,0.26785714285714257,1.7083333333333335,1.7083333333333335,7.232142857142857,1.875,1.875,1.875,1.875,1.875,1.875,1.875,1.875,1.875,1.875,1.875,1.875,4.375000000000001,7.94642857142857,15.625000000000002,15.625000000000002,1.7663043478260878,1.7663043478260878,19.261363636363633,8.660714285714286,8.660714285714286,11.28409090909091,0.6250000000000018,0.6250000000000018,0.6250000000000018,0.6250000000000018,0.6250000000000018,0.6250000000000018,0.6250000000000018,0.6250000000000018,0.6250000000000018,0.6250000000000018,0.6250000000000018,0.6250000000000018,0.6250000000000018,0.6250000000000018,0.6250000000000018,0.6250000000000018,0.6250000000000018,0.6250000000000018,0.6250000000000018,0.6250000000000018,0.6250000000000018,0.6250000000000018,0.6250000000000018,0.6250000000000018,0.6250000000000018,0.6250000000000018,0.6250000000000018,0.6250000000000018,0.6250000000000018,0.6250000000000018,0.6250000000000018,0.6250000000000018,0.6250000000000018,0.6250000000000018,0.6250000000000018,0.6250000000000018,0.6250000000000018,0.6250000000000018,0.6250000000000018,0.6250000000000018,0.6250000000000018,0.6250000000000018,0.6250000000000018,0.6250000000000018,0.6250000000000018,0.6250000000000018,0.6250000000000018,0.6250000000000018,0.6250000000000018,0.6250000000000018,0.6250000000000018,0.6250000000000018,0.6250000000000018,0.6250000000000018,0.6250000000000018,0.6250000000000018,0.6250000000000018,0.6250000000000018,5.624999999999998,3.5178571428571455,17.625,3.3493589743589736,9.017857142857142,9.017857142857142,11.041666666666664,10.946428571428571,0.0,0.0,0.0,0.0,0.0,0.0,0.0,0.0,0.0,0.0,0.0,0.0,0.0,0.0,0.0,0.0,0.0,0.0,0.0,0.0,0.0,0.0,0.0,0.0,0.0,0.0,0.0,0.0,0.0,0.0,0.0,0.0,0.0,0.0,0.0,0.0,0.0,0.0,0.0,0.0,0.0,0.0,0.0,0.0,0.0,0.0,0.0,0.0,0.0,0.0,6.875000000000002,6.875000000000002,10.089285714285715,10.089285714285715,10.089285714285715,10.089285714285715,10.089285714285715,10.089285714285715,10.089285714285715,13.375,13.375,13.375,13.375,15.144230769230772,15.144230769230772,15.144230769230772,17.006578947368425,1.875,1.875,1.875,1.875,1.875,1.875,1.875,1.875,1.875,1.875,1.875
20.22500000000001,7.102272727272727,7.102272727272727,8.958333333333334,9.625000000000004,3.124999999999999,1.1249999999999993,1.1249999999999993,1.1249999999999993,1.1249999999999993,1.1249999999999993,5.708333333333332,5.708333333333332,5.708333333333332,10.624999999999998,0.26785714285714257,0.26785714285714257,0.26785714285714257,0.26785714285714257,0.26785714285714257,0.26785714285714257,0.26785714285714257,0.26785714285714257,0.26785714285714257,0.26785714285714257,0.26785714285714257,0.26785714285714257,0.26785714285714257,0.26785714285714257,0.26785714285714257,0.26785714285714257,0.26785714285714257,0.26785714285714257,0.26785714285714257,0.26785714285714257,0.26785714285714257,0.26785714285714257,0.26785714285714257,0.26785714285714257,1.7083333333333335,1.7083333333333335,7.232142857142857,1.875,1.875,1.875,1.875,1.875,1.875,1.875,1.875,1.875,1.875,1.875,1.875,4.375000000000001,7.94642857142857,15.625000000000002,15.625000000000002,1.7663043478260878,1.7663043478260878,19.261363636363633,8.660714285714286,8.660714285714286,11.28409090909091,0.6250000000000018,0.6250000000000018,0.6250000000000018,0.6250000000000018,0.6250000000000018,0.6250000000000018,0.6250000000000018,0.6250000000000018,0.6250000000000018,0.6250000000000018,0.6250000000000018,0.6250000000000018,0.6250000000000018,0.6250000000000018,0.6250000000000018,0.6250000000000018,0.6250000000000018,0.6250000000000018,0.6250000000000018,0.6250000000000018,0.6250000000000018,0.6250000000000018,0.6250000000000018,0.6250000000000018,0.6250000000000018,0.6250000000000018,0.6250000000000018,0.6250000000000018,0.6250000000000018,0.6250000000000018,0.6250000000000018,0.6250000000000018,0.6250000000000018,0.6250000000000018,0.6250000000000018,0.6250000000000018,0.6250000000000018,0.6250000000000018,0.6250000000000018,0.6250000000000018,0.6250000000000018,0.6250000000000018,0.6250000000000018,0.6250000000000018,0.6250000000000018,0.6250000000000018,0.6250000000000018,0.6250000000000018,0.6250000000000018,0.6250000000000018,0.6250000000000018,0.6250000000000018,0.6250000000000018,0.6250000000000018,0.6250000000000018,0.6250000000000018,0.6250000000000018,0.6250000000000018,5.624999999999998,3.5178571428571455,17.625,3.3493589743589736,9.017857142857142,9.017857142857142,11.041666666666664,10.946428571428571,0.0,0.0,0.0,0.0,0.0,0.0,0.0,0.0,0.0,0.0,0.0,0.0,0.0,0.0,0.0,0.0,0.0,0.0,0.0,0.0,0.0,0.0,0.0,0.0,0.0,0.0,0.0,0.0,0.0,0.0,0.0,0.0,0.0,0.0,0.0,0.0,0.0,0.0,0.0,0.0,0.0,0.0,0.0,0.0,0.0,0.0,0.0,0.0,0.0,0.0,6.875000000000002,6.875000000000002,10.089285714285715,10.089285714285715,10.089285714285715,10.089285714285715,10.089285714285715,10.089285714285715,10.089285714285715,13.375,13.375,13.375,13.375,15.144230769230772,15.144230769230772,15.144230769230772,17.006578947368425,1.875,1.875,1.875,1.875,1.875,1.875,1.875,1.875,1.875,1.875,1.875
20.22500000000001,7.102272727272727,7.102272727272727,8.958333333333334,9.625000000000004,3.124999999999999,1.1249999999999993,1.1249999999999993,1.1249999999999993,1.1249999999999993,1.1249999999999993,5.708333333333332,5.708333333333332,5.708333333333332,10.624999999999998,0.26785714285714257,0.26785714285714257,0.26785714285714257,0.26785714285714257,0.26785714285714257,0.26785714285714257,0.26785714285714257,0.26785714285714257,0.26785714285714257,0.26785714285714257,0.26785714285714257,0.26785714285714257,0.26785714285714257,0.26785714285714257,0.26785714285714257,0.26785714285714257,0.26785714285714257,0.26785714285714257,0.26785714285714257,0.26785714285714257,0.26785714285714257,0.26785714285714257,0.26785714285714257,0.26785714285714257,1.7083333333333335,1.7083333333333335,7.232142857142857,1.875,1.875,1.875,1.875,1.875,1.875,1.875,1.875,1.875,1.875,1.875,1.875,4.375000000000001,7.94642857142857,15.625000000000002,15.625000000000002,1.7663043478260878,1.7663043478260878,19.261363636363633,8.660714285714286,8.660714285714286,11.28409090909091,0.6250000000000018,0.6250000000000018,0.6250000000000018,0.6250000000000018,0.6250000000000018,0.6250000000000018,0.6250000000000018,0.6250000000000018,0.6250000000000018,0.6250000000000018,0.6250000000000018,0.6250000000000018,0.6250000000000018,0.6250000000000018,0.6250000000000018,0.6250000000000018,0.6250000000000018,0.6250000000000018,0.6250000000000018,0.6250000000000018,0.6250000000000018,0.6250000000000018,0.6250000000000018,0.6250000000000018,0.6250000000000018,0.6250000000000018,0.6250000000000018,0.6250000000000018,0.6250000000000018,0.6250000000000018,0.6250000000000018,0.6250000000000018,0.6250000000000018,0.6250000000000018,0.6250000000000018,0.6250000000000018,0.6250000000000018,0.6250000000000018,0.6250000000000018,0.6250000000000018,0.6250000000000018,0.6250000000000018,0.6250000000000018,0.6250000000000018,0.6250000000000018,0.6250000000000018,0.6250000000000018,0.6250000000000018,0.6250000000000018,0.6250000000000018,0.6250000000000018,0.6250000000000018,0.6250000000000018,0.6250000000000018,0.6250000000000018,0.6250000000000018,0.6250000000000018,0.6250000000000018,5.624999999999998,3.5178571428571455,17.625,3.3493589743589736,9.017857142857142,9.017857142857142,11.041666666666664,10.946428571428571,0.0,0.0,0.0,0.0,0.0,0.0,0.0,0.0,0.0,0.0,0.0,0.0,0.0,0.0,0.0,0.0,0.0,0.0,0.0,0.0,0.0,0.0,0.0,0.0,0.0,0.0,0.0,0.0,0.0,0.0,0.0,0.0,0.0,0.0,0.0,0.0,0.0,0.0,0.0,0.0,0.0,0.0,0.0,0.0,0.0,0.0,0.0,0.0,0.0,0.0,6.875000000000002,6.875000000000002,10.089285714285715,10.089285714285715,10.089285714285715,10.089285714285715,10.089285714285715,10.089285714285715,10.089285714285715,13.375,13.375,13.375,13.375,15.144230769230772,15.144230769230772,15.144230769230772,17.006578947368425,1.875,1.875,1.875,1.875,1.875,1.875,1.875,1.875,1.875,1.875,1.875
20.22500000000001,7.102272727272727,7.102272727272727,8.958333333333334,9.625000000000004,3.124999999999999,1.1249999999999993,1.1249999999999993,1.1249999999999993,1.1249999999999993,1.1249999999999993,5.708333333333332,5.708333333333332,5.708333333333332,10.624999999999998,0.26785714285714257,0.26785714285714257,0.26785714285714257,0.26785714285714257,0.26785714285714257,0.26785714285714257,0.26785714285714257,0.26785714285714257,0.26785714285714257,0.26785714285714257,0.26785714285714257,0.26785714285714257,0.26785714285714257,0.26785714285714257,0.26785714285714257,0.26785714285714257,0.26785714285714257,0.26785714285714257,0.26785714285714257,0.26785714285714257,0.26785714285714257,0.26785714285714257,0.26785714285714257,0.26785714285714257,1.7083333333333335,1.7083333333333335,7.232142857142857,1.875,1.875,1.875,1.875,1.875,1.875,1.875,1.875,1.875,1.875,1.875,1.875,4.375000000000001,7.94642857142857,15.625000000000002,15.625000000000002,1.7663043478260878,1.7663043478260878,19.261363636363633,8.660714285714286,8.660714285714286,11.28409090909091,0.6250000000000018,0.6250000000000018,0.6250000000000018,0.6250000000000018,0.6250000000000018,0.6250000000000018,0.6250000000000018,0.6250000000000018,0.6250000000000018,0.6250000000000018,0.6250000000000018,0.6250000000000018,0.6250000000000018,0.6250000000000018,0.6250000000000018,0.6250000000000018,0.6250000000000018,0.6250000000000018,0.6250000000000018,0.6250000000000018,0.6250000000000018,0.6250000000000018,0.6250000000000018,0.6250000000000018,0.6250000000000018,0.6250000000000018,0.6250000000000018,0.6250000000000018,0.6250000000000018,0.6250000000000018,0.6250000000000018,0.6250000000000018,0.6250000000000018,0.6250000000000018,0.6250000000000018,0.6250000000000018,0.6250000000000018,0.6250000000000018,0.6250000000000018,0.6250000000000018,0.6250000000000018,0.6250000000000018,0.6250000000000018,0.6250000000000018,0.6250000000000018,0.6250000000000018,0.6250000000000018,0.6250000000000018,0.6250000000000018,0.6250000000000018,0.6250000000000018,0.6250000000000018,0.6250000000000018,0.6250000000000018,0.6250000000000018,0.6250000000000018,0.6250000000000018,0.6250000000000018,5.624999999999998,3.5178571428571455,17.625,3.3493589743589736,9.017857142857142,9.017857142857142,11.041666666666664,10.946428571428571,0.0,0.0,0.0,0.0,0.0,0.0,0.0,0.0,0.0,0.0,0.0,0.0,0.0,0.0,0.0,0.0,0.0,0.0,0.0,0.0,0.0,0.0,0.0,0.0,0.0,0.0,0.0,0.0,0.0,0.0,0.0,0.0,0.0,0.0,0.0,0.0,0.0,0.0,0.0,0.0,0.0,0.0,0.0,0.0,0.0,0.0,0.0,0.0,0.0,0.0,6.875000000000002,6.875000000000002,10.089285714285715,10.089285714285715,10.089285714285715,10.089285714285715,10.089285714285715,10.089285714285715,10.089285714285715,13.375,13.375,13.375,13.375,15.144230769230772,15.144230769230772,15.144230769230772,17.006578947368425,1.875,1.875,1.875,1.875,1.875,1.875,1.875,1.875,1.875,1.875,1.875
20.22500000000001,7.102272727272727,7.102272727272727,8.958333333333334,9.625000000000004,3.124999999999999,1.1249999999999993,1.1249999999999993,1.1249999999999993,1.1249999999999993,1.1249999999999993,5.708333333333332,5.708333333333332,5.708333333333332,10.624999999999998,0.26785714285714257,0.26785714285714257,0.26785714285714257,0.26785714285714257,0.26785714285714257,0.26785714285714257,0.26785714285714257,0.26785714285714257,0.26785714285714257,0.26785714285714257,0.26785714285714257,0.26785714285714257,0.26785714285714257,0.26785714285714257,0.26785714285714257,0.26785714285714257,0.26785714285714257,0.26785714285714257,0.26785714285714257,0.26785714285714257,0.26785714285714257,0.26785714285714257,0.26785714285714257,0.26785714285714257,1.7083333333333335,1.7083333333333335,7.232142857142857,1.875,1.875,1.875,1.875,1.875,1.875,1.875,1.875,1.875,1.875,1.875,1.875,4.375000000000001,7.94642857142857,15.625000000000002,15.625000000000002,1.7663043478260878,1.7663043478260878,19.261363636363633,8.660714285714286,8.660714285714286,11.28409090909091,0.6250000000000018,0.6250000000000018,0.6250000000000018,0.6250000000000018,0.6250000000000018,0.6250000000000018,0.6250000000000018,0.6250000000000018,0.6250000000000018,0.6250000000000018,0.6250000000000018,0.6250000000000018,0.6250000000000018,0.6250000000000018,0.6250000000000018,0.6250000000000018,0.6250000000000018,0.6250000000000018,0.6250000000000018,0.6250000000000018,0.6250000000000018,0.6250000000000018,0.6250000000000018,0.6250000000000018,0.6250000000000018,0.6250000000000018,0.6250000000000018,0.6250000000000018,0.6250000000000018,0.6250000000000018,0.6250000000000018,0.6250000000000018,0.6250000000000018,0.6250000000000018,0.6250000000000018,0.6250000000000018,0.6250000000000018,0.6250000000000018,0.6250000000000018,0.6250000000000018,0.6250000000000018,0.6250000000000018,0.6250000000000018,0.6250000000000018,0.6250000000000018,0.6250000000000018,0.6250000000000018,0.6250000000000018,0.6250000000000018,0.6250000000000018,0.6250000000000018,0.6250000000000018,0.6250000000000018,0.6250000000000018,0.6250000000000018,0.6250000000000018,0.6250000000000018,0.6250000000000018,5.624999999999998,3.5178571428571455,17.625,3.3493589743589736,9.017857142857142,9.017857142857142,11.041666666666664,10.946428571428571,0.0,0.0,0.0,0.0,0.0,0.0,0.0,0.0,0.0,0.0,0.0,0.0,0.0,0.0,0.0,0.0,0.0,0.0,0.0,0.0,0.0,0.0,0.0,0.0,0.0,0.0,0.0,0.0,0.0,0.0,0.0,0.0,0.0,0.0,0.0,0.0,0.0,0.0,0.0,0.0,0.0,0.0,0.0,0.0,0.0,0.0,0.0,0.0,0.0,0.0,6.875000000000002,6.875000000000002,10.089285714285715,10.089285714285715,10.089285714285715,10.089285714285715,10.089285714285715,10.089285714285715,10.089285714285715,13.375,13.375,13.375,13.375,15.144230769230772,15.144230769230772,15.144230769230772,17.006578947368425,1.875,1.875,1.875,1.875,1.875,1.875,1.875,1.875,1.875,1.875,1.875
20.22500000000001,7.102272727272727,7.102272727272727,8.958333333333334,9.625000000000004,3.124999999999999,1.1249999999999993,1.1249999999999993,1.1249999999999993,1.1249999999999993,1.1249999999999993,5.708333333333332,5.708333333333332,5.708333333333332,10.624999999999998,0.26785714285714257,0.26785714285714257,0.26785714285714257,0.26785714285714257,0.26785714285714257,0.26785714285714257,0.26785714285714257,0.26785714285714257,0.26785714285714257,0.26785714285714257,0.26785714285714257,0.26785714285714257,0.26785714285714257,0.26785714285714257,0.26785714285714257,0.26785714285714257,0.26785714285714257,0.26785714285714257,0.26785714285714257,0.26785714285714257,0.26785714285714257,0.26785714285714257,0.26785714285714257,0.26785714285714257,1.7083333333333335,1.7083333333333335,7.232142857142857,1.875,1.875,1.875,1.875,1.875,1.875,1.875,1.875,1.875,1.875,1.875,1.875,4.375000000000001,7.94642857142857,15.625000000000002,15.625000000000002,1.7663043478260878,1.7663043478260878,19.261363636363633,8.660714285714286,8.660714285714286,11.28409090909091,0.6250000000000018,0.6250000000000018,0.6250000000000018,0.6250000000000018,0.6250000000000018,0.6250000000000018,0.6250000000000018,0.6250000000000018,0.6250000000000018,0.6250000000000018,0.6250000000000018,0.6250000000000018,0.6250000000000018,0.6250000000000018,0.6250000000000018,0.6250000000000018,0.6250000000000018,0.6250000000000018,0.6250000000000018,0.6250000000000018,0.6250000000000018,0.6250000000000018,0.6250000000000018,0.6250000000000018,0.6250000000000018,0.6250000000000018,0.6250000000000018,0.6250000000000018,0.6250000000000018,0.6250000000000018,0.6250000000000018,0.6250000000000018,0.6250000000000018,0.6250000000000018,0.6250000000000018,0.6250000000000018,0.6250000000000018,0.6250000000000018,0.6250000000000018,0.6250000000000018,0.6250000000000018,0.6250000000000018,0.6250000000000018,0.6250000000000018,0.6250000000000018,0.6250000000000018,0.6250000000000018,0.6250000000000018,0.6250000000000018,0.6250000000000018,0.6250000000000018,0.6250000000000018,0.6250000000000018,0.6250000000000018,0.6250000000000018,0.6250000000000018,0.6250000000000018,0.6250000000000018,5.624999999999998,3.5178571428571455,17.625,3.3493589743589736,9.017857142857142,9.017857142857142,11.041666666666664,10.946428571428571,0.0,0.0,0.0,0.0,0.0,0.0,0.0,0.0,0.0,0.0,0.0,0.0,0.0,0.0,0.0,0.0,0.0,0.0,0.0,0.0,0.0,0.0,0.0,0.0,0.0,0.0,0.0,0.0,0.0,0.0,0.0,0.0,0.0,0.0,0.0,0.0,0.0,0.0,0.0,0.0,0.0,0.0,0.0,0.0,0.0,0.0,0.0,0.0,0.0,0.0,6.875000000000002,6.875000000000002,10.089285714285715,10.089285714285715,10.089285714285715,10.089285714285715,10.089285714285715,10.089285714285715,10.089285714285715,13.375,13.375,13.375,13.375,15.144230769230772,15.144230769230772,15.144230769230772,17.006578947368425,1.875,1.875,1.875,1.875,1.875,1.875,1.875,1.875,1.875,1.875,1.875
27.100000000000012,2.0454545454545463,2.0454545454545463,2.083333333333333,16.500000000000004,10.0,7.999999999999999,7.999999999999999,7.999999999999999,7.999999999999999,7.999999999999999,2.833333333333334,2.833333333333334,2.833333333333334,17.499999999999993,7.142857142857143,7.142857142857143,7.142857142857143,7.142857142857143,7.142857142857143,7.142857142857143,7.142857142857143,7.142857142857143,7.142857142857143,7.142857142857143,7.142857142857143,7.142857142857143,7.142857142857143,7.142857142857143,7.142857142857143,7.142857142857143,7.142857142857143,7.142857142857143,7.142857142857143,7.142857142857143,7.142857142857143,7.142857142857143,7.142857142857143,7.142857142857143,6.833333333333333,6.833333333333333,3.2142857142857135,8.75,8.75,8.75,8.75,8.75,8.75,8.75,8.75,8.75,8.75,8.75,8.75,3.58695652173913,2.5,22.500000000000007,22.500000000000007,6.195652173913043,6.195652173913043,26.136363636363637,1.785714285714285,1.785714285714285,4.409090909090908,7.500000000000002,7.500000000000002,7.500000000000002,7.500000000000002,7.500000000000002,7.500000000000002,7.500000000000002,7.500000000000002,7.500000000000002,7.500000000000002,7.500000000000002,7.500000000000002,7.500000000000002,7.500000000000002,7.500000000000002,7.500000000000002,7.500000000000002,7.500000000000002,7.500000000000002,7.500000000000002,7.500000000000002,7.500000000000002,7.500000000000002,7.500000000000002,7.500000000000002,7.500000000000002,7.500000000000002,7.500000000000002,7.500000000000002,7.500000000000002,7.500000000000002,7.500000000000002,7.500000000000002,7.500000000000002,7.500000000000002,7.500000000000002,7.500000000000002,7.500000000000002,7.500000000000002,7.500000000000002,7.500000000000002,7.500000000000002,7.500000000000002,7.500000000000002,7.500000000000002,7.500000000000002,7.500000000000002,7.500000000000002,7.500000000000002,7.500000000000002,7.500000000000002,7.500000000000002,7.500000000000002,7.500000000000002,7.500000000000002,7.500000000000002,7.500000000000002,7.500000000000002,12.5,4.071428571428571,24.500000000000004,4.166666666666666,2.1428571428571406,2.1428571428571406,4.166666666666666,4.071428571428571,6.875000000000002,6.875000000000002,6.875000000000002,6.875000000000002,6.875000000000002,6.875000000000002,6.875000000000002,6.875000000000002,6.875000000000002,6.875000000000002,6.875000000000002,6.875000000000002,6.875000000000002,6.875000000000002,6.875000000000002,6.875000000000002,6.875000000000002,6.875000000000002,6.875000000000002,6.875000000000002,6.875000000000002,6.875000000000002,6.875000000000002,6.875000000000002,6.875000000000002,6.875000000000002,6.875000000000002,6.875000000000002,6.875000000000002,6.875000000000002,6.875000000000002,6.875000000000002,6.875000000000002,6.875000000000002,6.875000000000002,6.875000000000002,6.875000000000002,6.875000000000002,6.875000000000002,6.875000000000002,6.875000000000002,6.875000000000002,6.875000000000002,6.875000000000002,6.875000000000002,6.875000000000002,6.875000000000002,6.875000000000002,6.875000000000002,6.875000000000002,0.0,0.0,3.2142857142857135,3.2142857142857135,3.2142857142857135,3.2142857142857135,3.2142857142857135,3.2142857142857135,3.2142857142857135,6.499999999999999,6.499999999999999,6.499999999999999,6.499999999999999,8.269230769230766,8.269230769230766,8.269230769230766,10.131578947368421,5.000000000000002,5.000000000000002,5.000000000000002,5.000000000000002,5.000000000000002,5.000000000000002,5.000000000000002,5.000000000000002,5.000000000000002,5.000000000000002,5.000000000000002
27.100000000000012,2.0454545454545463,2.0454545454545463,2.083333333333333,16.500000000000004,10.0,7.999999999999999,7.999999999999999,7.999999999999999,7.999999999999999,7.999999999999999,2.833333333333334,2.833333333333334,2.833333333333334,17.499999999999993,7.142857142857143,7.142857142857143,7.142857142857143,7.142857142857143,7.142857142857143,7.142857142857143,7.142857142857143,7.142857142857143,7.142857142857143,7.142857142857143,7.142857142857143,7.142857142857143,7.142857142857143,7.142857142857143,7.142857142857143,7.142857142857143,7.142857142857143,7.142857142857143,7.142857142857143,7.142857142857143,7.142857142857143,7.142857142857143,7.142857142857143,7.142857142857143,6.833333333333333,6.833333333333333,3.2142857142857135,8.75,8.75,8.75,8.75,8.75,8.75,8.75,8.75,8.75,8.75,8.75,8.75,3.58695652173913,2.5,22.500000000000007,22.500000000000007,6.195652173913043,6.195652173913043,26.136363636363637,1.785714285714285,1.785714285714285,4.409090909090908,7.500000000000002,7.500000000000002,7.500000000000002,7.500000000000002,7.500000000000002,7.500000000000002,7.500000000000002,7.500000000000002,7.500000000000002,7.500000000000002,7.500000000000002,7.500000000000002,7.500000000000002,7.500000000000002,7.500000000000002,7.500000000000002,7.500000000000002,7.500000000000002,7.500000000000002,7.500000000000002,7.500000000000002,7.500000000000002,7.500000000000002,7.500000000000002,7.500000000000002,7.500000000000002,7.500000000000002,7.500000000000002,7.500000000000002,7.500000000000002,7.500000000000002,7.500000000000002,7.500000000000002,7.500000000000002,7.500000000000002,7.500000000000002,7.500000000000002,7.500000000000002,7.500000000000002,7.500000000000002,7.500000000000002,7.500000000000002,7.500000000000002,7.500000000000002,7.500000000000002,7.500000000000002,7.500000000000002,7.500000000000002,7.500000000000002,7.500000000000002,7.500000000000002,7.500000000000002,7.500000000000002,7.500000000000002,7.500000000000002,7.500000000000002,7.500000000000002,7.500000000000002,12.5,4.071428571428571,24.500000000000004,4.166666666666666,2.1428571428571406,2.1428571428571406,4.166666666666666,4.071428571428571,6.875000000000002,6.875000000000002,6.875000000000002,6.875000000000002,6.875000000000002,6.875000000000002,6.875000000000002,6.875000000000002,6.875000000000002,6.875000000000002,6.875000000000002,6.875000000000002,6.875000000000002,6.875000000000002,6.875000000000002,6.875000000000002,6.875000000000002,6.875000000000002,6.875000000000002,6.875000000000002,6.875000000000002,6.875000000000002,6.875000000000002,6.875000000000002,6.875000000000002,6.875000000000002,6.875000000000002,6.875000000000002,6.875000000000002,6.875000000000002,6.875000000000002,6.875000000000002,6.875000000000002,6.875000000000002,6.875000000000002,6.875000000000002,6.875000000000002,6.875000000000002,6.875000000000002,6.875000000000002,6.875000000000002,6.875000000000002,6.875000000000002,6.875000000000002,6.875000000000002,6.875000000000002,6.875000000000002,6.875000000000002,6.875000000000002,6.875000000000002,0.0,0.0,3.2142857142857135,3.2142857142857135,3.2142857142857135,3.2142857142857135,3.2142857142857135,3.2142857142857135,3.2142857142857135,6.499999999999999,6.499999999999999,6.499999999999999,6.499999999999999,8.269230769230766,8.269230769230766,8.269230769230766,10.131578947368421,5.000000000000002,5.000000000000002,5.000000000000002,5.000000000000002,5.000000000000002,5.000000000000002,5.000000000000002,5.000000000000002,5.000000000000002,5.000000000000002,5.000000000000002
30.31428571428572,2.987012987012988,2.987012987012988,1.7261904761904758,19.71428571428572,13.214285714285712,11.214285714285714,11.214285714285714,11.214285714285714,11.214285714285714,11.214285714285714,4.380952380952382,4.380952380952382,4.380952380952382,20.714285714285708,10.357142857142854,10.357142857142854,10.357142857142854,10.357142857142854,10.357142857142854,10.357142857142854,10.357142857142854,10.357142857142854,10.357142857142854,10.357142857142854,10.357142857142854,10.357142857142854,10.357142857142854,10.357142857142854,10.357142857142854,10.357142857142854,10.357142857142854,10.357142857142854,10.357142857142854,10.357142857142854,10.357142857142854,10.357142857142854,10.357142857142854,10.357142857142854,8.380952380952383,8.380952380952383,2.8571428571428568,11.964285714285715,11.964285714285715,11.964285714285715,11.964285714285715,11.964285714285715,11.964285714285715,11.964285714285715,11.964285714285715,11.964285714285715,11.964285714285715,11.964285714285715,11.964285714285715,5.714285714285715,2.1428571428571437,25.714285714285708,25.714285714285708,8.322981366459627,8.322981366459627,29.35064935064935,1.4285714285714293,1.4285714285714293,1.1948051948051952,10.714285714285715,10.714285714285715,10.714285714285715,10.714285714285715,10.714285714285715,10.714285714285715,10.714285714285715,10.714285714285715,10.714285714285715,10.714285714285715,10.714285714285715,10.714285714285715,10.714285714285715,10.714285714285715,10.714285714285715,10.714285714285715,10.714285714285715,10.714285714285715,10.714285714285715,10.714285714285715,10.714285714285715,10.714285714285715,10.714285714285715,10.714285714285715,10.714285714285715,10.714285714285715,10.714285714285715,10.714285714285715,10.714285714285715,10.714285714285715,10.714285714285715,10.714285714285715,10.714285714285715,10.714285714285715,10.714285714285715,10.714285714285715,10.714285714285715,10.714285714285715,10.714285714285715,10.714285714285715,10.714285714285715,10.714285714285715,10.714285714285715,10.714285714285715,10.714285714285715,10.714285714285715,10.714285714285715,10.714285714285715,10.714285714285715,10.714285714285715,10.714285714285715,10.714285714285715,10.714285714285715,10.714285714285715,10.714285714285715,10.714285714285715,10.714285714285715,10.714285714285715,15.714285714285715,6.571428571428573,27.71428571428571,6.739926739926742,1.0714285714285734,1.0714285714285734,0.9523809523809522,0.8571428571428574,10.089285714285715,10.089285714285715,10.089285714285715,10.089285714285715,10.089285714285715,10.089285714285715,10.089285714285715,10.089285714285715,10.089285714285715,10.089285714285715,10.089285714285715,10.089285714285715,10.089285714285715,10.089285714285715,10.089285714285715,10.089285714285715,10.089285714285715,10.089285714285715,10.089285714285715,10.089285714285715,10.089285714285715,10.089285714285715,10.089285714285715,10.089285714285715,10.089285714285715,10.089285714285715,10.089285714285715,10.089285714285715,10.089285714285715,10.089285714285715,10.089285714285715,10.089285714285715,10.089285714285715,10.089285714285715,10.089285714285715,10.089285714285715,10.089285714285715,10.089285714285715,10.089285714285715,10.089285714285715,10.089285714285715,10.089285714285715,10.089285714285715,10.089285714285715,10.089285714285715,10.089285714285715,10.089285714285715,10.089285714285715,10.089285714285715,10.089285714285715,3.2142857142857135,3.2142857142857135,0.0,0.0,0.0,0.0,0.0,0.0,0.0,3.285714285714285,3.285714285714285,3.285714285714285,3.285714285714285,5.054945054945053,5.054945054945053,5.054945054945053,6.917293233082706,8.214285714285715,8.214285714285715,8.214285714285715,8.214285714285715,8.214285714285715,8.214285714285715,8.214285714285715,8.214285714285715,8.214285714285715,8.214285714285715,8.214285714285715
30.31428571428572,2.987012987012988,2.987012987012988,1.7261904761904758,19.71428571428572,13.214285714285712,11.214285714285714,11.214285714285714,11.214285714285714,11.214285714285714,11.214285714285714,4.380952380952382,4.380952380952382,4.380952380952382,20.714285714285708,10.357142857142854,10.357142857142854,10.357142857142854,10.357142857142854,10.357142857142854,10.357142857142854,10.357142857142854,10.357142857142854,10.357142857142854,10.357142857142854,10.357142857142854,10.357142857142854,10.357142857142854,10.357142857142854,10.357142857142854,10.357142857142854,10.357142857142854,10.357142857142854,10.357142857142854,10.357142857142854,10.357142857142854,10.357142857142854,10.357142857142854,10.357142857142854,8.380952380952383,8.380952380952383,2.8571428571428568,11.964285714285715,11.964285714285715,11.964285714285715,11.964285714285715,11.964285714285715,11.964285714285715,11.964285714285715,11.964285714285715,11.964285714285715,11.964285714285715,11.964285714285715,11.964285714285715,5.714285714285715,2.1428571428571437,25.714285714285708,25.714285714285708,8.322981366459627,8.322981366459627,29.35064935064935,1.4285714285714293,1.4285714285714293,1.1948051948051952,10.714285714285715,10.714285714285715,10.714285714285715,10.714285714285715,10.714285714285715,10.714285714285715,10.714285714285715,10.714285714285715,10.714285714285715,10.714285714285715,10.714285714285715,10.714285714285715,10.714285714285715,10.714285714285715,10.714285714285715,10.714285714285715,10.714285714285715,10.714285714285715,10.714285714285715,10.714285714285715,10.714285714285715,10.714285714285715,10.714285714285715,10.714285714285715,10.714285714285715,10.714285714285715,10.714285714285715,10.714285714285715,10.714285714285715,10.714285714285715,10.714285714285715,10.714285714285715,10.714285714285715,10.714285714285715,10.714285714285715,10.714285714285715,10.714285714285715,10.714285714285715,10.714285714285715,10.714285714285715,10.714285714285715,10.714285714285715,10.714285714285715,10.714285714285715,10.714285714285715,10.714285714285715,10.714285714285715,10.714285714285715,10.714285714285715,10.714285714285715,10.714285714285715,10.714285714285715,10.714285714285715,10.714285714285715,10.714285714285715,10.714285714285715,10.714285714285715,10.714285714285715,15.714285714285715,6.571428571428573,27.71428571428571,6.739926739926742,1.0714285714285734,1.0714285714285734,0.9523809523809522,0.8571428571428574,10.089285714285715,10.089285714285715,10.089285714285715,10.089285714285715,10.089285714285715,10.089285714285715,10.089285714285715,10.089285714285715,10.089285714285715,10.089285714285715,10.089285714285715,10.089285714285715,10.089285714285715,10.089285714285715,10.089285714285715,10.089285714285715,10.089285714285715,10.089285714285715,10.089285714285715,10.089285714285715,10.089285714285715,10.089285714285715,10.089285714285715,10.089285714285715,10.089285714285715,10.089285714285715,10.089285714285715,10.089285714285715,10.089285714285715,10.089285714285715,10.089285714285715,10.089285714285715,10.089285714285715,10.089285714285715,10.089285714285715,10.089285714285715,10.089285714285715,10.089285714285715,10.089285714285715,10.089285714285715,10.089285714285715,10.089285714285715,10.089285714285715,10.089285714285715,10.089285714285715,10.089285714285715,10.089285714285715,10.089285714285715,10.089285714285715,10.089285714285715,3.2142857142857135,3.2142857142857135,0.0,0.0,0.0,0.0,0.0,0.0,0.0,3.285714285714285,3.285714285714285,3.285714285714285,3.285714285714285,5.054945054945053,5.054945054945053,5.054945054945053,6.917293233082706,8.214285714285715,8.214285714285715,8.214285714285715,8.214285714285715,8.214285714285715,8.214285714285715,8.214285714285715,8.214285714285715,8.214285714285715,8.214285714285715,8.214285714285715
30.31428571428572,2.987012987012988,2.987012987012988,1.7261904761904758,19.71428571428572,13.214285714285712,11.214285714285714,11.214285714285714,11.214285714285714,11.214285714285714,11.214285714285714,4.380952380952382,4.380952380952382,4.380952380952382,20.714285714285708,10.357142857142854,10.357142857142854,10.357142857142854,10.357142857142854,10.357142857142854,10.357142857142854,10.357142857142854,10.357142857142854,10.357142857142854,10.357142857142854,10.357142857142854,10.357142857142854,10.357142857142854,10.357142857142854,10.357142857142854,10.357142857142854,10.357142857142854,10.357142857142854,10.357142857142854,10.357142857142854,10.357142857142854,10.357142857142854,10.357142857142854,10.357142857142854,8.380952380952383,8.380952380952383,2.8571428571428568,11.964285714285715,11.964285714285715,11.964285714285715,11.964285714285715,11.964285714285715,11.964285714285715,11.964285714285715,11.964285714285715,11.964285714285715,11.964285714285715,11.964285714285715,11.964285714285715,5.714285714285715,2.1428571428571437,25.714285714285708,25.714285714285708,8.322981366459627,8.322981366459627,29.35064935064935,1.4285714285714293,1.4285714285714293,1.1948051948051952,10.714285714285715,10.714285714285715,10.714285714285715,10.714285714285715,10.714285714285715,10.714285714285715,10.714285714285715,10.714285714285715,10.714285714285715,10.714285714285715,10.714285714285715,10.714285714285715,10.714285714285715,10.714285714285715,10.714285714285715,10.714285714285715,10.714285714285715,10.714285714285715,10.714285714285715,10.714285714285715,10.714285714285715,10.714285714285715,10.714285714285715,10.714285714285715,10.714285714285715,10.714285714285715,10.714285714285715,10.714285714285715,10.714285714285715,10.714285714285715,10.714285714285715,10.714285714285715,10.714285714285715,10.714285714285715,10.714285714285715,10.714285714285715,10.714285714285715,10.714285714285715,10.714285714285715,10.714285714285715,10.714285714285715,10.714285714285715,10.714285714285715,10.714285714285715,10.714285714285715,10.714285714285715,10.714285714285715,10.714285714285715,10.714285714285715,10.714285714285715,10.714285714285715,10.714285714285715,10.714285714285715,10.714285714285715,10.714285714285715,10.714285714285715,10.714285714285715,10.714285714285715,15.714285714285715,6.571428571428573,27.71428571428571,6.739926739926742,1.0714285714285734,1.0714285714285734,0.9523809523809522,0.8571428571428574,10.089285714285715,10.089285714285715,10.089285714285715,10.089285714285715,10.089285714285715,10.089285714285715,10.089285714285715,10.089285714285715,10.089285714285715,10.089285714285715,10.089285714285715,10.089285714285715,10.089285714285715,10.089285714285715,10.089285714285715,10.089285714285715,10.089285714285715,10.089285714285715,10.089285714285715,10.089285714285715,10.089285714285715,10.089285714285715,10.089285714285715,10.089285714285715,10.089285714285715,10.089285714285715,10.089285714285715,10.089285714285715,10.089285714285715,10.089285714285715,10.089285714285715,10.089285714285715,10.089285714285715,10.089285714285715,10.089285714285715,10.089285714285715,10.089285714285715,10.089285714285715,10.089285714285715,10.089285714285715,10.089285714285715,10.089285714285715,10.089285714285715,10.089285714285715,10.089285714285715,10.089285714285715,10.089285714285715,10.089285714285715,10.089285714285715,10.089285714285715,3.2142857142857135,3.2142857142857135,0.0,0.0,0.0,0.0,0.0,0.0,0.0,3.285714285714285,3.285714285714285,3.285714285714285,3.285714285714285,5.054945054945053,5.054945054945053,5.054945054945053,6.917293233082706,8.214285714285715,8.214285714285715,8.214285714285715,8.214285714285715,8.214285714285715,8.214285714285715,8.214285714285715,8.214285714285715,8.214285714285715,8.214285714285715,8.214285714285715
30.31428571428572,2.987012987012988,2.987012987012988,1.7261904761904758,19.71428571428572,13.214285714285712,11.214285714285714,11.214285714285714,11.214285714285714,11.214285714285714,11.214285714285714,4.380952380952382,4.380952380952382,4.380952380952382,20.714285714285708,10.357142857142854,10.357142857142854,10.357142857142854,10.357142857142854,10.357142857142854,10.357142857142854,10.357142857142854,10.357142857142854,10.357142857142854,10.357142857142854,10.357142857142854,10.357142857142854,10.357142857142854,10.357142857142854,10.357142857142854,10.357142857142854,10.357142857142854,10.357142857142854,10.357142857142854,10.357142857142854,10.357142857142854,10.357142857142854,10.357142857142854,10.357142857142854,8.380952380952383,8.380952380952383,2.8571428571428568,11.964285714285715,11.964285714285715,11.964285714285715,11.964285714285715,11.964285714285715,11.964285714285715,11.964285714285715,11.964285714285715,11.964285714285715,11.964285714285715,11.964285714285715,11.964285714285715,5.714285714285715,2.1428571428571437,25.714285714285708,25.714285714285708,8.322981366459627,8.322981366459627,29.35064935064935,1.4285714285714293,1.4285714285714293,1.1948051948051952,10.714285714285715,10.714285714285715,10.714285714285715,10.714285714285715,10.714285714285715,10.714285714285715,10.714285714285715,10.714285714285715,10.714285714285715,10.714285714285715,10.714285714285715,10.714285714285715,10.714285714285715,10.714285714285715,10.714285714285715,10.714285714285715,10.714285714285715,10.714285714285715,10.714285714285715,10.714285714285715,10.714285714285715,10.714285714285715,10.714285714285715,10.714285714285715,10.714285714285715,10.714285714285715,10.714285714285715,10.714285714285715,10.714285714285715,10.714285714285715,10.714285714285715,10.714285714285715,10.714285714285715,10.714285714285715,10.714285714285715,10.714285714285715,10.714285714285715,10.714285714285715,10.714285714285715,10.714285714285715,10.714285714285715,10.714285714285715,10.714285714285715,10.714285714285715,10.714285714285715,10.714285714285715,10.714285714285715,10.714285714285715,10.714285714285715,10.714285714285715,10.714285714285715,10.714285714285715,10.714285714285715,10.714285714285715,10.714285714285715,10.714285714285715,10.714285714285715,10.714285714285715,15.714285714285715,6.571428571428573,27.71428571428571,6.739926739926742,1.0714285714285734,1.0714285714285734,0.9523809523809522,0.8571428571428574,10.089285714285715,10.089285714285715,10.089285714285715,10.089285714285715,10.089285714285715,10.089285714285715,10.089285714285715,10.089285714285715,10.089285714285715,10.089285714285715,10.089285714285715,10.089285714285715,10.089285714285715,10.089285714285715,10.089285714285715,10.089285714285715,10.089285714285715,10.089285714285715,10.089285714285715,10.089285714285715,10.089285714285715,10.089285714285715,10.089285714285715,10.089285714285715,10.089285714285715,10.089285714285715,10.089285714285715,10.089285714285715,10.089285714285715,10.089285714285715,10.089285714285715,10.089285714285715,10.089285714285715,10.089285714285715,10.089285714285715,10.089285714285715,10.089285714285715,10.089285714285715,10.089285714285715,10.089285714285715,10.089285714285715,10.089285714285715,10.089285714285715,10.089285714285715,10.089285714285715,10.089285714285715,10.089285714285715,10.089285714285715,10.089285714285715,10.089285714285715,3.2142857142857135,3.2142857142857135,0.0,0.0,0.0,0.0,0.0,0.0,0.0,3.285714285714285,3.285714285714285,3.285714285714285,3.285714285714285,5.054945054945053,5.054945054945053,5.054945054945053,6.917293233082706,8.214285714285715,8.214285714285715,8.214285714285715,8.214285714285715,8.214285714285715,8.214285714285715,8.214285714285715,8.214285714285715,8.214285714285715,8.214285714285715,8.214285714285715
30.31428571428572,2.987012987012988,2.987012987012988,1.7261904761904758,19.71428571428572,13.214285714285712,11.214285714285714,11.214285714285714,11.214285714285714,11.214285714285714,11.214285714285714,4.380952380952382,4.380952380952382,4.380952380952382,20.714285714285708,10.357142857142854,10.357142857142854,10.357142857142854,10.357142857142854,10.357142857142854,10.357142857142854,10.357142857142854,10.357142857142854,10.357142857142854,10.357142857142854,10.357142857142854,10.357142857142854,10.357142857142854,10.357142857142854,10.357142857142854,10.357142857142854,10.357142857142854,10.357142857142854,10.357142857142854,10.357142857142854,10.357142857142854,10.357142857142854,10.357142857142854,10.357142857142854,8.380952380952383,8.380952380952383,2.8571428571428568,11.964285714285715,11.964285714285715,11.964285714285715,11.964285714285715,11.964285714285715,11.964285714285715,11.964285714285715,11.964285714285715,11.964285714285715,11.964285714285715,11.964285714285715,11.964285714285715,5.714285714285715,2.1428571428571437,25.714285714285708,25.714285714285708,8.322981366459627,8.322981366459627,29.35064935064935,1.4285714285714293,1.4285714285714293,1.1948051948051952,10.714285714285715,10.714285714285715,10.714285714285715,10.714285714285715,10.714285714285715,10.714285714285715,10.714285714285715,10.714285714285715,10.714285714285715,10.714285714285715,10.714285714285715,10.714285714285715,10.714285714285715,10.714285714285715,10.714285714285715,10.714285714285715,10.714285714285715,10.714285714285715,10.714285714285715,10.714285714285715,10.714285714285715,10.714285714285715,10.714285714285715,10.714285714285715,10.714285714285715,10.714285714285715,10.714285714285715,10.714285714285715,10.714285714285715,10.714285714285715,10.714285714285715,10.714285714285715,10.714285714285715,10.714285714285715,10.714285714285715,10.714285714285715,10.714285714285715,10.714285714285715,10.714285714285715,10.714285714285715,10.714285714285715,10.714285714285715,10.714285714285715,10.714285714285715,10.714285714285715,10.714285714285715,10.714285714285715,10.714285714285715,10.714285714285715,10.714285714285715,10.714285714285715,10.714285714285715,10.714285714285715,10.714285714285715,10.714285714285715,10.714285714285715,10.714285714285715,10.714285714285715,15.714285714285715,6.571428571428573,27.71428571428571,6.739926739926742,1.0714285714285734,1.0714285714285734,0.9523809523809522,0.8571428571428574,10.089285714285715,10.089285714285715,10.089285714285715,10.089285714285715,10.089285714285715,10.089285714285715,10.089285714285715,10.089285714285715,10.089285714285715,10.089285714285715,10.089285714285715,10.089285714285715,10.089285714285715,10.089285714285715,10.089285714285715,10.089285714285715,10.089285714285715,10.089285714285715,10.089285714285715,10.089285714285715,10.089285714285715,10.089285714285715,10.089285714285715,10.089285714285715,10.089285714285715,10.089285714285715,10.089285714285715,10.089285714285715,10.089285714285715,10.089285714285715,10.089285714285715,10.089285714285715,10.089285714285715,10.089285714285715,10.089285714285715,10.089285714285715,10.089285714285715,10.089285714285715,10.089285714285715,10.089285714285715,10.089285714285715,10.089285714285715,10.089285714285715,10.089285714285715,10.089285714285715,10.089285714285715,10.089285714285715,10.089285714285715,10.089285714285715,10.089285714285715,3.2142857142857135,3.2142857142857135,0.0,0.0,0.0,0.0,0.0,0.0,0.0,3.285714285714285,3.285714285714285,3.285714285714285,3.285714285714285,5.054945054945053,5.054945054945053,5.054945054945053,6.917293233082706,8.214285714285715,8.214285714285715,8.214285714285715,8.214285714285715,8.214285714285715,8.214285714285715,8.214285714285715,8.214285714285715,8.214285714285715,8.214285714285715,8.214285714285715
30.31428571428572,2.987012987012988,2.987012987012988,1.7261904761904758,19.71428571428572,13.214285714285712,11.214285714285714,11.214285714285714,11.214285714285714,11.214285714285714,11.214285714285714,4.380952380952382,4.380952380952382,4.380952380952382,20.714285714285708,10.357142857142854,10.357142857142854,10.357142857142854,10.357142857142854,10.357142857142854,10.357142857142854,10.357142857142854,10.357142857142854,10.357142857142854,10.357142857142854,10.357142857142854,10.357142857142854,10.357142857142854,10.357142857142854,10.357142857142854,10.357142857142854,10.357142857142854,10.357142857142854,10.357142857142854,10.357142857142854,10.357142857142854,10.357142857142854,10.357142857142854,10.357142857142854,8.380952380952383,8.380952380952383,2.8571428571428568,11.964285714285715,11.964285714285715,11.964285714285715,11.964285714285715,11.964285714285715,11.964285714285715,11.964285714285715,11.964285714285715,11.964285714285715,11.964285714285715,11.964285714285715,11.964285714285715,5.714285714285715,2.1428571428571437,25.714285714285708,25.714285714285708,8.322981366459627,8.322981366459627,29.35064935064935,1.4285714285714293,1.4285714285714293,1.1948051948051952,10.714285714285715,10.714285714285715,10.714285714285715,10.714285714285715,10.714285714285715,10.714285714285715,10.714285714285715,10.714285714285715,10.714285714285715,10.714285714285715,10.714285714285715,10.714285714285715,10.714285714285715,10.714285714285715,10.714285714285715,10.714285714285715,10.714285714285715,10.714285714285715,10.714285714285715,10.714285714285715,10.714285714285715,10.714285714285715,10.714285714285715,10.714285714285715,10.714285714285715,10.714285714285715,10.714285714285715,10.714285714285715,10.714285714285715,10.714285714285715,10.714285714285715,10.714285714285715,10.714285714285715,10.714285714285715,10.714285714285715,10.714285714285715,10.714285714285715,10.714285714285715,10.714285714285715,10.714285714285715,10.714285714285715,10.714285714285715,10.714285714285715,10.714285714285715,10.714285714285715,10.714285714285715,10.714285714285715,10.714285714285715,10.714285714285715,10.714285714285715,10.714285714285715,10.714285714285715,10.714285714285715,10.714285714285715,10.714285714285715,10.714285714285715,10.714285714285715,10.714285714285715,15.714285714285715,6.571428571428573,27.71428571428571,6.739926739926742,1.0714285714285734,1.0714285714285734,0.9523809523809522,0.8571428571428574,10.089285714285715,10.089285714285715,10.089285714285715,10.089285714285715,10.089285714285715,10.089285714285715,10.089285714285715,10.089285714285715,10.089285714285715,10.089285714285715,10.089285714285715,10.089285714285715,10.089285714285715,10.089285714285715,10.089285714285715,10.089285714285715,10.089285714285715,10.089285714285715,10.089285714285715,10.089285714285715,10.089285714285715,10.089285714285715,10.089285714285715,10.089285714285715,10.089285714285715,10.089285714285715,10.089285714285715,10.089285714285715,10.089285714285715,10.089285714285715,10.089285714285715,10.089285714285715,10.089285714285715,10.089285714285715,10.089285714285715,10.089285714285715,10.089285714285715,10.089285714285715,10.089285714285715,10.089285714285715,10.089285714285715,10.089285714285715,10.089285714285715,10.089285714285715,10.089285714285715,10.089285714285715,10.089285714285715,10.089285714285715,10.089285714285715,10.089285714285715,3.2142857142857135,3.2142857142857135,0.0,0.0,0.0,0.0,0.0,0.0,0.0,3.285714285714285,3.285714285714285,3.285714285714285,3.285714285714285,5.054945054945053,5.054945054945053,5.054945054945053,6.917293233082706,8.214285714285715,8.214285714285715,8.214285714285715,8.214285714285715,8.214285714285715,8.214285714285715,8.214285714285715,8.214285714285715,8.214285714285715,8.214285714285715,8.214285714285715
30.31428571428572,2.987012987012988,2.987012987012988,1.7261904761904758,19.71428571428572,13.214285714285712,11.214285714285714,11.214285714285714,11.214285714285714,11.214285714285714,11.214285714285714,4.380952380952382,4.380952380952382,4.380952380952382,20.714285714285708,10.357142857142854,10.357142857142854,10.357142857142854,10.357142857142854,10.357142857142854,10.357142857142854,10.357142857142854,10.357142857142854,10.357142857142854,10.357142857142854,10.357142857142854,10.357142857142854,10.357142857142854,10.357142857142854,10.357142857142854,10.357142857142854,10.357142857142854,10.357142857142854,10.357142857142854,10.357142857142854,10.357142857142854,10.357142857142854,10.357142857142854,10.357142857142854,8.380952380952383,8.380952380952383,2.8571428571428568,11.964285714285715,11.964285714285715,11.964285714285715,11.964285714285715,11.964285714285715,11.964285714285715,11.964285714285715,11.964285714285715,11.964285714285715,11.964285714285715,11.964285714285715,11.964285714285715,5.714285714285715,2.1428571428571437,25.714285714285708,25.714285714285708,8.322981366459627,8.322981366459627,29.35064935064935,1.4285714285714293,1.4285714285714293,1.1948051948051952,10.714285714285715,10.714285714285715,10.714285714285715,10.714285714285715,10.714285714285715,10.714285714285715,10.714285714285715,10.714285714285715,10.714285714285715,10.714285714285715,10.714285714285715,10.714285714285715,10.714285714285715,10.714285714285715,10.714285714285715,10.714285714285715,10.714285714285715,10.714285714285715,10.714285714285715,10.714285714285715,10.714285714285715,10.714285714285715,10.714285714285715,10.714285714285715,10.714285714285715,10.714285714285715,10.714285714285715,10.714285714285715,10.714285714285715,10.714285714285715,10.714285714285715,10.714285714285715,10.714285714285715,10.714285714285715,10.714285714285715,10.714285714285715,10.714285714285715,10.714285714285715,10.714285714285715,10.714285714285715,10.714285714285715,10.714285714285715,10.714285714285715,10.714285714285715,10.714285714285715,10.714285714285715,10.714285714285715,10.714285714285715,10.714285714285715,10.714285714285715,10.714285714285715,10.714285714285715,10.714285714285715,10.714285714285715,10.714285714285715,10.714285714285715,10.714285714285715,10.714285714285715,15.714285714285715,6.571428571428573,27.71428571428571,6.739926739926742,1.0714285714285734,1.0714285714285734,0.9523809523809522,0.8571428571428574,10.089285714285715,10.089285714285715,10.089285714285715,10.089285714285715,10.089285714285715,10.089285714285715,10.089285714285715,10.089285714285715,10.089285714285715,10.089285714285715,10.089285714285715,10.089285714285715,10.089285714285715,10.089285714285715,10.089285714285715,10.089285714285715,10.089285714285715,10.089285714285715,10.089285714285715,10.089285714285715,10.089285714285715,10.089285714285715,10.089285714285715,10.089285714285715,10.089285714285715,10.089285714285715,10.089285714285715,10.089285714285715,10.089285714285715,10.089285714285715,10.089285714285715,10.089285714285715,10.089285714285715,10.089285714285715,10.089285714285715,10.089285714285715,10.089285714285715,10.089285714285715,10.089285714285715,10.089285714285715,10.089285714285715,10.089285714285715,10.089285714285715,10.089285714285715,10.089285714285715,10.089285714285715,10.089285714285715,10.089285714285715,10.089285714285715,10.089285714285715,3.2142857142857135,3.2142857142857135,0.0,0.0,0.0,0.0,0.0,0.0,0.0,3.285714285714285,3.285714285714285,3.285714285714285,3.285714285714285,5.054945054945053,5.054945054945053,5.054945054945053,6.917293233082706,8.214285714285715,8.214285714285715,8.214285714285715,8.214285714285715,8.214285714285715,8.214285714285715,8.214285714285715,8.214285714285715,8.214285714285715,8.214285714285715,8.214285714285715
33.60000000000001,6.2727272727272725,6.2727272727272725,4.416666666666665,23.000000000000007,16.500000000000004,14.5,14.5,14.5,14.5,14.5,7.666666666666666,7.666666666666666,7.666666666666666,23.999999999999993,13.642857142857142,13.642857142857142,13.642857142857142,13.642857142857142,13.642857142857142,13.642857142857142,13.642857142857142,13.642857142857142,13.642857142857142,13.642857142857142,13.642857142857142,13.642857142857142,13.642857142857142,13.642857142857142,13.642857142857142,13.642857142857142,13.642857142857142,13.642857142857142,13.642857142857142,13.642857142857142,13.642857142857142,13.642857142857142,13.642857142857142,13.642857142857142,11.666666666666666,11.666666666666666,6.142857142857143,15.25,15.25,15.25,15.25,15.25,15.25,15.25,15.25,15.25,15.25,15.25,15.25,9.0,5.428571428571429,29.0,29.0,11.608695652173912,11.608695652173912,32.63636363636364,4.7142857142857135,4.7142857142857135,2.090909090909089,14.000000000000004,14.000000000000004,14.000000000000004,14.000000000000004,14.000000000000004,14.000000000000004,14.000000000000004,14.000000000000004,14.000000000000004,14.000000000000004,14.000000000000004,14.000000000000004,14.000000000000004,14.000000000000004,14.000000000000004,14.000000000000004,14.000000000000004,14.000000000000004,14.000000000000004,14.000000000000004,14.000000000000004,14.000000000000004,14.000000000000004,14.000000000000004,14.000000000000004,14.000000000000004,14.000000000000004,14.000000000000004,14.000000000000004,14.000000000000004,14.000000000000004,14.000000000000004,14.000000000000004,14.000000000000004,14.000000000000004,14.000000000000004,14.000000000000004,14.000000000000004,14.000000000000004,14.000000000000004,14.000000000000004,14.000000000000004,14.000000000000004,14.000000000000004,14.000000000000004,14.000000000000004,14.000000000000004,14.000000000000004,14.000000000000004,14.000000000000004,14.000000000000004,14.000000000000004,14.000000000000004,14.000000000000004,14.000000000000004,14.000000000000004,14.000000000000004,14.000000000000004,18.999999999999996,9.857142857142854,31.00000000000001,10.025641025641024,4.357142857142858,4.357142857142858,2.333333333333333,2.4285714285714275,13.375,13.375,13.375,13.375,13.375,13.375,13.375,13.375,13.375,13.375,13.375,13.375,13.375,13.375,13.375,13.375,13.375,13.375,13.375,13.375,13.375,13.375,13.375,13.375,13.375,13.375,13.375,13.375,13.375,13.375,13.375,13.375,13.375,13.375,13.375,13.375,13.375,13.375,13.375,13.375,13.375,13.375,13.375,13.375,13.375,13.375,13.375,13.375,13.375,13.375,6.499999999999999,6.499999999999999,3.285714285714285,3.285714285714285,3.285714285714285,3.285714285714285,3.285714285714285,3.285714285714285,3.285714285714285,0.0,0.0,0.0,0.0,1.7692307692307687,1.7692307692307687,1.7692307692307687,3.6315789473684212,11.500000000000002,11.500000000000002,11.500000000000002,11.500000000000002,11.500000000000002,11.500000000000002,11.500000000000002,11.500000000000002,11.500000000000002,11.500000000000002,11.500000000000002
33.60000000000001,6.2727272727272725,6.2727272727272725,4.416666666666665,23.000000000000007,16.500000000000004,14.5,14.5,14.5,14.5,14.5,7.666666666666666,7.666666666666666,7.666666666666666,23.999999999999993,13.642857142857142,13.642857142857142,13.642857142857142,13.642857142857142,13.642857142857142,13.642857142857142,13.642857142857142,13.642857142857142,13.642857142857142,13.642857142857142,13.642857142857142,13.642857142857142,13.642857142857142,13.642857142857142,13.642857142857142,13.642857142857142,13.642857142857142,13.642857142857142,13.642857142857142,13.642857142857142,13.642857142857142,13.642857142857142,13.642857142857142,13.642857142857142,11.666666666666666,11.666666666666666,6.142857142857143,15.25,15.25,15.25,15.25,15.25,15.25,15.25,15.25,15.25,15.25,15.25,15.25,9.0,5.428571428571429,29.0,29.0,11.608695652173912,11.608695652173912,32.63636363636364,4.7142857142857135,4.7142857142857135,2.090909090909089,14.000000000000004,14.000000000000004,14.000000000000004,14.000000000000004,14.000000000000004,14.000000000000004,14.000000000000004,14.000000000000004,14.000000000000004,14.000000000000004,14.000000000000004,14.000000000000004,14.000000000000004,14.000000000000004,14.000000000000004,14.000000000000004,14.000000000000004,14.000000000000004,14.000000000000004,14.000000000000004,14.000000000000004,14.000000000000004,14.000000000000004,14.000000000000004,14.000000000000004,14.000000000000004,14.000000000000004,14.000000000000004,14.000000000000004,14.000000000000004,14.000000000000004,14.000000000000004,14.000000000000004,14.000000000000004,14.000000000000004,14.000000000000004,14.000000000000004,14.000000000000004,14.000000000000004,14.000000000000004,14.000000000000004,14.000000000000004,14.000000000000004,14.000000000000004,14.000000000000004,14.000000000000004,14.000000000000004,14.000000000000004,14.000000000000004,14.000000000000004,14.000000000000004,14.000000000000004,14.000000000000004,14.000000000000004,14.000000000000004,14.000000000000004,14.000000000000004,14.000000000000004,18.999999999999996,9.857142857142854,31.00000000000001,10.025641025641024,4.357142857142858,4.357142857142858,2.333333333333333,2.4285714285714275,13.375,13.375,13.375,13.375,13.375,13.375,13.375,13.375,13.375,13.375,13.375,13.375,13.375,13.375,13.375,13.375,13.375,13.375,13.375,13.375,13.375,13.375,13.375,13.375,13.375,13.375,13.375,13.375,13.375,13.375,13.375,13.375,13.375,13.375,13.375,13.375,13.375,13.375,13.375,13.375,13.375,13.375,13.375,13.375,13.375,13.375,13.375,13.375,13.375,13.375,6.499999999999999,6.499999999999999,3.285714285714285,3.285714285714285,3.285714285714285,3.285714285714285,3.285714285714285,3.285714285714285,3.285714285714285,0.0,0.0,0.0,0.0,1.7692307692307687,1.7692307692307687,1.7692307692307687,3.6315789473684212,11.500000000000002,11.500000000000002,11.500000000000002,11.500000000000002,11.500000000000002,11.500000000000002,11.500000000000002,11.500000000000002,11.500000000000002,11.500000000000002,11.500000000000002
33.60000000000001,6.2727272727272725,6.2727272727272725,4.416666666666665,23.000000000000007,16.500000000000004,14.5,14.5,14.5,14.5,14.5,7.666666666666666,7.666666666666666,7.666666666666666,23.999999999999993,13.642857142857142,13.642857142857142,13.642857142857142,13.642857142857142,13.642857142857142,13.642857142857142,13.642857142857142,13.642857142857142,13.642857142857142,13.642857142857142,13.642857142857142,13.642857142857142,13.642857142857142,13.642857142857142,13.642857142857142,13.642857142857142,13.642857142857142,13.642857142857142,13.642857142857142,13.642857142857142,13.642857142857142,13.642857142857142,13.642857142857142,13.642857142857142,11.666666666666666,11.666666666666666,6.142857142857143,15.25,15.25,15.25,15.25,15.25,15.25,15.25,15.25,15.25,15.25,15.25,15.25,9.0,5.428571428571429,29.0,29.0,11.608695652173912,11.608695652173912,32.63636363636364,4.7142857142857135,4.7142857142857135,2.090909090909089,14.000000000000004,14.000000000000004,14.000000000000004,14.000000000000004,14.000000000000004,14.000000000000004,14.000000000000004,14.000000000000004,14.000000000000004,14.000000000000004,14.000000000000004,14.000000000000004,14.000000000000004,14.000000000000004,14.000000000000004,14.000000000000004,14.000000000000004,14.000000000000004,14.000000000000004,14.000000000000004,14.000000000000004,14.000000000000004,14.000000000000004,14.000000000000004,14.000000000000004,14.000000000000004,14.000000000000004,14.000000000000004,14.000000000000004,14.000000000000004,14.000000000000004,14.000000000000004,14.000000000000004,14.000000000000004,14.000000000000004,14.000000000000004,14.000000000000004,14.000000000000004,14.000000000000004,14.000000000000004,14.000000000000004,14.000000000000004,14.000000000000004,14.000000000000004,14.000000000000004,14.000000000000004,14.000000000000004,14.000000000000004,14.000000000000004,14.000000000000004,14.000000000000004,14.000000000000004,14.000000000000004,14.000000000000004,14.000000000000004,14.000000000000004,14.000000000000004,14.000000000000004,18.999999999999996,9.857142857142854,31.00000000000001,10.025641025641024,4.357142857142858,4.357142857142858,2.333333333333333,2.4285714285714275,13.375,13.375,13.375,13.375,13.375,13.375,13.375,13.375,13.375,13.375,13.375,13.375,13.375,13.375,13.375,13.375,13.375,13.375,13.375,13.375,13.375,13.375,13.375,13.375,13.375,13.375,13.375,13.375,13.375,13.375,13.375,13.375,13.375,13.375,13.375,13.375,13.375,13.375,13.375,13.375,13.375,13.375,13.375,13.375,13.375,13.375,13.375,13.375,13.375,13.375,6.499999999999999,6.499999999999999,3.285714285714285,3.285714285714285,3.285714285714285,3.285714285714285,3.285714285714285,3.285714285714285,3.285714285714285,0.0,0.0,0.0,0.0,1.7692307692307687,1.7692307692307687,1.7692307692307687,3.6315789473684212,11.500000000000002,11.500000000000002,11.500000000000002,11.500000000000002,11.500000000000002,11.500000000000002,11.500000000000002,11.500000000000002,11.500000000000002,11.500000000000002,11.500000000000002
33.60000000000001,6.2727272727272725,6.2727272727272725,4.416666666666665,23.000000000000007,16.500000000000004,14.5,14.5,14.5,14.5,14.5,7.666666666666666,7.666666666666666,7.666666666666666,23.999999999999993,13.642857142857142,13.642857142857142,13.642857142857142,13.642857142857142,13.642857142857142,13.642857142857142,13.642857142857142,13.642857142857142,13.642857142857142,13.642857142857142,13.642857142857142,13.642857142857142,13.642857142857142,13.642857142857142,13.642857142857142,13.642857142857142,13.642857142857142,13.642857142857142,13.642857142857142,13.642857142857142,13.642857142857142,13.642857142857142,13.642857142857142,13.642857142857142,11.666666666666666,11.666666666666666,6.142857142857143,15.25,15.25,15.25,15.25,15.25,15.25,15.25,15.25,15.25,15.25,15.25,15.25,9.0,5.428571428571429,29.0,29.0,11.608695652173912,11.608695652173912,32.63636363636364,4.7142857142857135,4.7142857142857135,2.090909090909089,14.000000000000004,14.000000000000004,14.000000000000004,14.000000000000004,14.000000000000004,14.000000000000004,14.000000000000004,14.000000000000004,14.000000000000004,14.000000000000004,14.000000000000004,14.000000000000004,14.000000000000004,14.000000000000004,14.000000000000004,14.000000000000004,14.000000000000004,14.000000000000004,14.000000000000004,14.000000000000004,14.000000000000004,14.000000000000004,14.000000000000004,14.000000000000004,14.000000000000004,14.000000000000004,14.000000000000004,14.000000000000004,14.000000000000004,14.000000000000004,14.000000000000004,14.000000000000004,14.000000000000004,14.000000000000004,14.000000000000004,14.000000000000004,14.000000000000004,14.000000000000004,14.000000000000004,14.000000000000004,14.000000000000004,14.000000000000004,14.000000000000004,14.000000000000004,14.000000000000004,14.000000000000004,14.000000000000004,14.000000000000004,14.000000000000004,14.000000000000004,14.000000000000004,14.000000000000004,14.000000000000004,14.000000000000004,14.000000000000004,14.000000000000004,14.000000000000004,14.000000000000004,18.999999999999996,9.857142857142854,31.00000000000001,10.025641025641024,4.357142857142858,4.357142857142858,2.333333333333333,2.4285714285714275,13.375,13.375,13.375,13.375,13.375,13.375,13.375,13.375,13.375,13.375,13.375,13.375,13.375,13.375,13.375,13.375,13.375,13.375,13.375,13.375,13.375,13.375,13.375,13.375,13.375,13.375,13.375,13.375,13.375,13.375,13.375,13.375,13.375,13.375,13.375,13.375,13.375,13.375,13.375,13.375,13.375,13.375,13.375,13.375,13.375,13.375,13.375,13.375,13.375,13.375,6.499999999999999,6.499999999999999,3.285714285714285,3.285714285714285,3.285714285714285,3.285714285714285,3.285714285714285,3.285714285714285,3.285714285714285,0.0,0.0,0.0,0.0,1.7692307692307687,1.7692307692307687,1.7692307692307687,3.6315789473684212,11.500000000000002,11.500000000000002,11.500000000000002,11.500000000000002,11.500000000000002,11.500000000000002,11.500000000000002,11.500000000000002,11.500000000000002,11.500000000000002,11.500000000000002
35.369230769230775,8.04195804195804,8.04195804195804,6.185897435897436,24.769230769230774,18.26923076923077,16.269230769230774,16.269230769230774,16.269230769230774,16.269230769230774,16.269230769230774,9.435897435897434,9.435897435897434,9.435897435897434,25.769230769230766,15.412087912087909,15.412087912087909,15.412087912087909,15.412087912087909,15.412087912087909,15.412087912087909,15.412087912087909,15.412087912087909,15.412087912087909,15.412087912087909,15.412087912087909,15.412087912087909,15.412087912087909,15.412087912087909,15.412087912087909,15.412087912087909,15.412087912087909,15.412087912087909,15.412087912087909,15.412087912087909,15.412087912087909,15.412087912087909,15.412087912087909,15.412087912087909,13.435897435897434,13.435897435897434,7.9120879120879115,17.01923076923077,17.01923076923077,17.01923076923077,17.01923076923077,17.01923076923077,17.01923076923077,17.01923076923077,17.01923076923077,17.01923076923077,17.01923076923077,17.01923076923077,17.01923076923077,10.769230769230766,7.197802197802196,30.769230769230766,30.769230769230766,13.377926421404679,13.377926421404679,34.4055944055944,6.483516483516483,6.483516483516483,3.8601398601398578,15.769230769230774,15.769230769230774,15.769230769230774,15.769230769230774,15.769230769230774,15.769230769230774,15.769230769230774,15.769230769230774,15.769230769230774,15.769230769230774,15.769230769230774,15.769230769230774,15.769230769230774,15.769230769230774,15.769230769230774,15.769230769230774,15.769230769230774,15.769230769230774,15.769230769230774,15.769230769230774,15.769230769230774,15.769230769230774,15.769230769230774,15.769230769230774,15.769230769230774,15.769230769230774,15.769230769230774,15.769230769230774,15.769230769230774,15.769230769230774,15.769230769230774,15.769230769230774,15.769230769230774,15.769230769230774,15.769230769230774,15.769230769230774,15.769230769230774,15.769230769230774,15.769230769230774,15.769230769230774,15.769230769230774,15.769230769230774,15.769230769230774,15.769230769230774,15.769230769230774,15.769230769230774,15.769230769230774,15.769230769230774,15.769230769230774,15.769230769230774,15.769230769230774,15.769230769230774,15.769230769230774,15.769230769230774,15.769230769230774,15.769230769230774,15.769230769230774,15.769230769230774,20.769230769230766,11.626373626373622,32.769230769230774,11.794871794871797,6.126373626373626,6.126373626373626,4.102564102564102,4.197802197802195,15.144230769230772,15.144230769230772,15.144230769230772,15.144230769230772,15.144230769230772,15.144230769230772,15.144230769230772,15.144230769230772,15.144230769230772,15.144230769230772,15.144230769230772,15.144230769230772,15.144230769230772,15.144230769230772,15.144230769230772,15.144230769230772,15.144230769230772,15.144230769230772,15.144230769230772,15.144230769230772,15.144230769230772,15.144230769230772,15.144230769230772,15.144230769230772,15.144230769230772,15.144230769230772,15.144230769230772,15.144230769230772,15.144230769230772,15.144230769230772,15.144230769230772,15.144230769230772,15.144230769230772,15.144230769230772,15.144230769230772,15.144230769230772,15.144230769230772,15.144230769230772,15.144230769230772,15.144230769230772,15.144230769230772,15.144230769230772,15.144230769230772,15.144230769230772,15.144230769230772,15.144230769230772,15.144230769230772,15.144230769230772,15.144230769230772,15.144230769230772,8.269230769230766,8.269230769230766,5.054945054945053,5.054945054945053,5.054945054945053,5.054945054945053,5.054945054945053,5.054945054945053,5.054945054945053,1.7692307692307687,1.7692307692307687,1.7692307692307687,1.7692307692307687,0.0,0.0,0.0,1.8623481781376534,13.269230769230772,13.269230769230772,13.269230769230772,13.269230769230772,13.269230769230772,13.269230769230772,13.269230769230772,13.269230769230772,13.269230769230772,13.269230769230772,13.269230769230772
35.369230769230775,8.04195804195804,8.04195804195804,6.185897435897436,24.769230769230774,18.26923076923077,16.269230769230774,16.269230769230774,16.269230769230774,16.269230769230774,16.269230769230774,9.435897435897434,9.435897435897434,9.435897435897434,25.769230769230766,15.412087912087909,15.412087912087909,15.412087912087909,15.412087912087909,15.412087912087909,15.412087912087909,15.412087912087909,15.412087912087909,15.412087912087909,15.412087912087909,15.412087912087909,15.412087912087909,15.412087912087909,15.412087912087909,15.412087912087909,15.412087912087909,15.412087912087909,15.412087912087909,15.412087912087909,15.412087912087909,15.412087912087909,15.412087912087909,15.412087912087909,15.412087912087909,13.435897435897434,13.435897435897434,7.9120879120879115,17.01923076923077,17.01923076923077,17.01923076923077,17.01923076923077,17.01923076923077,17.01923076923077,17.01923076923077,17.01923076923077,17.01923076923077,17.01923076923077,17.01923076923077,17.01923076923077,10.769230769230766,7.197802197802196,30.769230769230766,30.769230769230766,13.377926421404679,13.377926421404679,34.4055944055944,6.483516483516483,6.483516483516483,3.8601398601398578,15.769230769230774,15.769230769230774,15.769230769230774,15.769230769230774,15.769230769230774,15.769230769230774,15.769230769230774,15.769230769230774,15.769230769230774,15.769230769230774,15.769230769230774,15.769230769230774,15.769230769230774,15.769230769230774,15.769230769230774,15.769230769230774,15.769230769230774,15.769230769230774,15.769230769230774,15.769230769230774,15.769230769230774,15.769230769230774,15.769230769230774,15.769230769230774,15.769230769230774,15.769230769230774,15.769230769230774,15.769230769230774,15.769230769230774,15.769230769230774,15.769230769230774,15.769230769230774,15.769230769230774,15.769230769230774,15.769230769230774,15.769230769230774,15.769230769230774,15.769230769230774,15.769230769230774,15.769230769230774,15.769230769230774,15.769230769230774,15.769230769230774,15.769230769230774,15.769230769230774,15.769230769230774,15.769230769230774,15.769230769230774,15.769230769230774,15.769230769230774,15.769230769230774,15.769230769230774,15.769230769230774,15.769230769230774,15.769230769230774,15.769230769230774,15.769230769230774,15.769230769230774,20.769230769230766,11.626373626373622,32.769230769230774,11.794871794871797,6.126373626373626,6.126373626373626,4.102564102564102,4.197802197802195,15.144230769230772,15.144230769230772,15.144230769230772,15.144230769230772,15.144230769230772,15.144230769230772,15.144230769230772,15.144230769230772,15.144230769230772,15.144230769230772,15.144230769230772,15.144230769230772,15.144230769230772,15.144230769230772,15.144230769230772,15.144230769230772,15.144230769230772,15.144230769230772,15.144230769230772,15.144230769230772,15.144230769230772,15.144230769230772,15.144230769230772,15.144230769230772,15.144230769230772,15.144230769230772,15.144230769230772,15.144230769230772,15.144230769230772,15.144230769230772,15.144230769230772,15.144230769230772,15.144230769230772,15.144230769230772,15.144230769230772,15.144230769230772,15.144230769230772,15.144230769230772,15.144230769230772,15.144230769230772,15.144230769230772,15.144230769230772,15.144230769230772,15.144230769230772,15.144230769230772,15.144230769230772,15.144230769230772,15.144230769230772,15.144230769230772,15.144230769230772,8.269230769230766,8.269230769230766,5.054945054945053,5.054945054945053,5.054945054945053,5.054945054945053,5.054945054945053,5.054945054945053,5.054945054945053,1.7692307692307687,1.7692307692307687,1.7692307692307687,1.7692307692307687,0.0,0.0,0.0,1.8623481781376534,13.269230769230772,13.269230769230772,13.269230769230772,13.269230769230772,13.269230769230772,13.269230769230772,13.269230769230772,13.269230769230772,13.269230769230772,13.269230769230772,13.269230769230772
35.369230769230775,8.04195804195804,8.04195804195804,6.185897435897436,24.769230769230774,18.26923076923077,16.269230769230774,16.269230769230774,16.269230769230774,16.269230769230774,16.269230769230774,9.435897435897434,9.435897435897434,9.435897435897434,25.769230769230766,15.412087912087909,15.412087912087909,15.412087912087909,15.412087912087909,15.412087912087909,15.412087912087909,15.412087912087909,15.412087912087909,15.412087912087909,15.412087912087909,15.412087912087909,15.412087912087909,15.412087912087909,15.412087912087909,15.412087912087909,15.412087912087909,15.412087912087909,15.412087912087909,15.412087912087909,15.412087912087909,15.412087912087909,15.412087912087909,15.412087912087909,15.412087912087909,13.435897435897434,13.435897435897434,7.9120879120879115,17.01923076923077,17.01923076923077,17.01923076923077,17.01923076923077,17.01923076923077,17.01923076923077,17.01923076923077,17.01923076923077,17.01923076923077,17.01923076923077,17.01923076923077,17.01923076923077,10.769230769230766,7.197802197802196,30.769230769230766,30.769230769230766,13.377926421404679,13.377926421404679,34.4055944055944,6.483516483516483,6.483516483516483,3.8601398601398578,15.769230769230774,15.769230769230774,15.769230769230774,15.769230769230774,15.769230769230774,15.769230769230774,15.769230769230774,15.769230769230774,15.769230769230774,15.769230769230774,15.769230769230774,15.769230769230774,15.769230769230774,15.769230769230774,15.769230769230774,15.769230769230774,15.769230769230774,15.769230769230774,15.769230769230774,15.769230769230774,15.769230769230774,15.769230769230774,15.769230769230774,15.769230769230774,15.769230769230774,15.769230769230774,15.769230769230774,15.769230769230774,15.769230769230774,15.769230769230774,15.769230769230774,15.769230769230774,15.769230769230774,15.769230769230774,15.769230769230774,15.769230769230774,15.769230769230774,15.769230769230774,15.769230769230774,15.769230769230774,15.769230769230774,15.769230769230774,15.769230769230774,15.769230769230774,15.769230769230774,15.769230769230774,15.769230769230774,15.769230769230774,15.769230769230774,15.769230769230774,15.769230769230774,15.769230769230774,15.769230769230774,15.769230769230774,15.769230769230774,15.769230769230774,15.769230769230774,15.769230769230774,20.769230769230766,11.626373626373622,32.769230769230774,11.794871794871797,6.126373626373626,6.126373626373626,4.102564102564102,4.197802197802195,15.144230769230772,15.144230769230772,15.144230769230772,15.144230769230772,15.144230769230772,15.144230769230772,15.144230769230772,15.144230769230772,15.144230769230772,15.144230769230772,15.144230769230772,15.144230769230772,15.144230769230772,15.144230769230772,15.144230769230772,15.144230769230772,15.144230769230772,15.144230769230772,15.144230769230772,15.144230769230772,15.144230769230772,15.144230769230772,15.144230769230772,15.144230769230772,15.144230769230772,15.144230769230772,15.144230769230772,15.144230769230772,15.144230769230772,15.144230769230772,15.144230769230772,15.144230769230772,15.144230769230772,15.144230769230772,15.144230769230772,15.144230769230772,15.144230769230772,15.144230769230772,15.144230769230772,15.144230769230772,15.144230769230772,15.144230769230772,15.144230769230772,15.144230769230772,15.144230769230772,15.144230769230772,15.144230769230772,15.144230769230772,15.144230769230772,15.144230769230772,8.269230769230766,8.269230769230766,5.054945054945053,5.054945054945053,5.054945054945053,5.054945054945053,5.054945054945053,5.054945054945053,5.054945054945053,1.7692307692307687,1.7692307692307687,1.7692307692307687,1.7692307692307687,0.0,0.0,0.0,1.8623481781376534,13.269230769230772,13.269230769230772,13.269230769230772,13.269230769230772,13.269230769230772,13.269230769230772,13.269230769230772,13.269230769230772,13.269230769230772,13.269230769230772,13.269230769230772
37.23157894736842,9.904306220095695,9.904306220095695,8.048245614035089,26.631578947368425,20.131578947368425,18.131578947368425,18.131578947368425,18.131578947368425,18.131578947368425,18.131578947368425,11.29824561403509,11.29824561403509,11.29824561403509,27.63157894736842,17.274436090225564,17.274436090225564,17.274436090225564,17.274436090225564,17.274436090225564,17.274436090225564,17.274436090225564,17.274436090225564,17.274436090225564,17.274436090225564,17.274436090225564,17.274436090225564,17.274436090225564,17.274436090225564,17.274436090225564,17.274436090225564,17.274436090225564,17.274436090225564,17.274436090225564,17.274436090225564,17.274436090225564,17.274436090225564,17.274436090225564,17.274436090225564,15.298245614035089,15.298245614035089,9.774436090225565,18.881578947368425,18.881578947368425,18.881578947368425,18.881578947368425,18.881578947368425,18.881578947368425,18.881578947368425,18.881578947368425,18.881578947368425,18.881578947368425,18.881578947368425,18.881578947368425,12.631578947368423,9.060150375939848,32.63157894736842,32.63157894736842,15.240274599542339,15.240274599542339,36.267942583732044,8.345864661654137,8.345864661654137,5.722488038277511,17.63157894736843,17.63157894736843,17.63157894736843,17.63157894736843,17.63157894736843,17.63157894736843,17.63157894736843,17.63157894736843,17.63157894736843,17.63157894736843,17.63157894736843,17.63157894736843,17.63157894736843,17.63157894736843,17.63157894736843,17.63157894736843,17.63157894736843,17.63157894736843,17.63157894736843,17.63157894736843,17.63157894736843,17.63157894736843,17.63157894736843,17.63157894736843,17.63157894736843,17.63157894736843,17.63157894736843,17.63157894736843,17.63157894736843,17.63157894736843,17.63157894736843,17.63157894736843,17.63157894736843,17.63157894736843,17.63157894736843,17.63157894736843,17.63157894736843,17.63157894736843,17.63157894736843,17.63157894736843,17.63157894736843,17.63157894736843,17.63157894736843,17.63157894736843,17.63157894736843,17.63157894736843,17.63157894736843,17.63157894736843,17.63157894736843,17.63157894736843,17.63157894736843,17.63157894736843,17.63157894736843,17.63157894736843,17.63157894736843,17.63157894736843,17.63157894736843,17.63157894736843,22.63157894736842,13.488721804511277,34.63157894736842,13.657219973009449,7.98872180451128,7.98872180451128,5.964912280701755,6.060150375939848,17.006578947368425,17.006578947368425,17.006578947368425,17.006578947368425,17.006578947368425,17.006578947368425,17.006578947368425,17.006578947368425,17.006578947368425,17.006578947368425,17.006578947368425,17.006578947368425,17.006578947368425,17.006578947368425,17.006578947368425,17.006578947368425,17.006578947368425,17.006578947368425,17.006578947368425,17.006578947368425,17.006578947368425,17.006578947368425,17.006578947368425,17.006578947368425,17.006578947368425,17.006578947368425,17.006578947368425,17.006578947368425,17.006578947368425,17.006578947368425,17.006578947368425,17.006578947368425,17.006578947368425,17.006578947368425,17.006578947368425,17.006578947368425,17.006578947368425,17.006578947368425,17.006578947368425,17.006578947368425,17.006578947368425,17.006578947368425,17.006578947368425,17.006578947368425,17.006578947368425,17.006578947368425,17.006578947368425,17.006578947368425,17.006578947368425,17.006578947368425,10.131578947368421,10.131578947368421,6.917293233082706,6.917293233082706,6.917293233082706,6.917293233082706,6.917293233082706,6.917293233082706,6.917293233082706,3.6315789473684212,3.6315789473684212,3.6315789473684212,3.6315789473684212,1.8623481781376534,1.8623481781376534,1.8623481781376534,0.0,15.131578947368421,15.131578947368421,15.131578947368421,15.131578947368421,15.131578947368421,15.131578947368421,15.131578947368421,15.131578947368421,15.131578947368421,15.131578947368421,15.131578947368421
22.10000000000001,5.227272727272727,5.227272727272727,7.083333333333336,11.500000000000004,4.999999999999999,2.999999999999999,2.999999999999999,2.999999999999999,2.999999999999999,2.999999999999999,3.8333333333333326,3.8333333333333326,3.8333333333333326,12.499999999999998,2.1428571428571423,2.1428571428571423,2.1428571428571423,2.1428571428571423,2.1428571428571423,2.1428571428571423,2.1428571428571423,2.1428571428571423,2.1428571428571423,2.1428571428571423,2.1428571428571423,2.1428571428571423,2.1428571428571423,2.1428571428571423,2.1428571428571423,2.1428571428571423,2.1428571428571423,2.1428571428571423,2.1428571428571423,2.1428571428571423,2.1428571428571423,2.1428571428571423,2.1428571428571423,2.1428571428571423,1.8333333333333328,1.8333333333333328,5.357142857142858,3.75,3.75,3.75,3.75,3.75,3.75,3.75,3.75,3.75,3.75,3.75,3.75,2.5000000000000004,6.071428571428569,17.5,17.5,1.1956521739130432,1.1956521739130432,21.136363636363633,6.7857142857142865,6.7857142857142865,9.40909090909091,2.5000000000000013,2.5000000000000013,2.5000000000000013,2.5000000000000013,2.5000000000000013,2.5000000000000013,2.5000000000000013,2.5000000000000013,2.5000000000000013,2.5000000000000013,2.5000000000000013,2.5000000000000013,2.5000000000000013,2.5000000000000013,2.5000000000000013,2.5000000000000013,2.5000000000000013,2.5000000000000013,2.5000000000000013,2.5000000000000013,2.5000000000000013,2.5000000000000013,2.5000000000000013,2.5000000000000013,2.5000000000000013,2.5000000000000013,2.5000000000000013,2.5000000000000013,2.5000000000000013,2.5000000000000013,2.5000000000000013,2.5000000000000013,2.5000000000000013,2.5000000000000013,2.5000000000000013,2.5000000000000013,2.5000000000000013,2.5000000000000013,2.5000000000000013,2.5000000000000013,2.5000000000000013,2.5000000000000013,2.5000000000000013,2.5000000000000013,2.5000000000000013,2.5000000000000013,2.5000000000000013,2.5000000000000013,2.5000000000000013,2.5000000000000013,2.5000000000000013,2.5000000000000013,2.5000000000000013,2.5000000000000013,2.5000000000000013,2.5000000000000013,2.5000000000000013,2.5000000000000013,7.499999999999998,1.6428571428571441,19.5,1.4743589743589738,7.142857142857142,7.142857142857142,9.166666666666664,9.071428571428571,1.875,1.875,1.875,1.875,1.875,1.875,1.875,1.875,1.875,1.875,1.875,1.875,1.875,1.875,1.875,1.875,1.875,1.875,1.875,1.875,1.875,1.875,1.875,1.875,1.875,1.875,1.875,1.875,1.875,1.875,1.875,1.875,1.875,1.875,1.875,1.875,1.875,1.875,1.875,1.875,1.875,1.875,1.875,1.875,1.875,1.875,1.875,1.875,1.875,1.875,5.000000000000002,5.000000000000002,8.214285714285715,8.214285714285715,8.214285714285715,8.214285714285715,8.214285714285715,8.214285714285715,8.214285714285715,11.500000000000002,11.500000000000002,11.500000000000002,11.500000000000002,13.269230769230772,13.269230769230772,13.269230769230772,15.131578947368421,0.0,0.0,0.0,0.0,0.0,0.0,0.0,0.0,0.0,0.0,0.0
22.10000000000001,5.227272727272727,5.227272727272727,7.083333333333336,11.500000000000004,4.999999999999999,2.999999999999999,2.999999999999999,2.999999999999999,2.999999999999999,2.999999999999999,3.8333333333333326,3.8333333333333326,3.8333333333333326,12.499999999999998,2.1428571428571423,2.1428571428571423,2.1428571428571423,2.1428571428571423,2.1428571428571423,2.1428571428571423,2.1428571428571423,2.1428571428571423,2.1428571428571423,2.1428571428571423,2.1428571428571423,2.1428571428571423,2.1428571428571423,2.1428571428571423,2.1428571428571423,2.1428571428571423,2.1428571428571423,2.1428571428571423,2.1428571428571423,2.1428571428571423,2.1428571428571423,2.1428571428571423,2.1428571428571423,2.1428571428571423,1.8333333333333328,1.8333333333333328,5.357142857142858,3.75,3.75,3.75,3.75,3.75,3.75,3.75,3.75,3.75,3.75,3.75,3.75,2.5000000000000004,6.071428571428569,17.5,17.5,1.1956521739130432,1.1956521739130432,21.136363636363633,6.7857142857142865,6.7857142857142865,9.40909090909091,2.5000000000000013,2.5000000000000013,2.5000000000000013,2.5000000000000013,2.5000000000000013,2.5000000000000013,2.5000000000000013,2.5000000000000013,2.5000000000000013,2.5000000000000013,2.5000000000000013,2.5000000000000013,2.5000000000000013,2.5000000000000013,2.5000000000000013,2.5000000000000013,2.5000000000000013,2.5000000000000013,2.5000000000000013,2.5000000000000013,2.5000000000000013,2.5000000000000013,2.5000000000000013,2.5000000000000013,2.5000000000000013,2.5000000000000013,2.5000000000000013,2.5000000000000013,2.5000000000000013,2.5000000000000013,2.5000000000000013,2.5000000000000013,2.5000000000000013,2.5000000000000013,2.5000000000000013,2.5000000000000013,2.5000000000000013,2.5000000000000013,2.5000000000000013,2.5000000000000013,2.5000000000000013,2.5000000000000013,2.5000000000000013,2.5000000000000013,2.5000000000000013,2.5000000000000013,2.5000000000000013,2.5000000000000013,2.5000000000000013,2.5000000000000013,2.5000000000000013,2.5000000000000013,2.5000000000000013,2.5000000000000013,2.5000000000000013,2.5000000000000013,2.5000000000000013,2.5000000000000013,7.499999999999998,1.6428571428571441,19.5,1.4743589743589738,7.142857142857142,7.142857142857142,9.166666666666664,9.071428571428571,1.875,1.875,1.875,1.875,1.875,1.875,1.875,1.875,1.875,1.875,1.875,1.875,1.875,1.875,1.875,1.875,1.875,1.875,1.875,1.875,1.875,1.875,1.875,1.875,1.875,1.875,1.875,1.875,1.875,1.875,1.875,1.875,1.875,1.875,1.875,1.875,1.875,1.875,1.875,1.875,1.875,1.875,1.875,1.875,1.875,1.875,1.875,1.875,1.875,1.875,5.000000000000002,5.000000000000002,8.214285714285715,8.214285714285715,8.214285714285715,8.214285714285715,8.214285714285715,8.214285714285715,8.214285714285715,11.500000000000002,11.500000000000002,11.500000000000002,11.500000000000002,13.269230769230772,13.269230769230772,13.269230769230772,15.131578947368421,0.0,0.0,0.0,0.0,0.0,0.0,0.0,0.0,0.0,0.0,0.0
22.10000000000001,5.227272727272727,5.227272727272727,7.083333333333336,11.500000000000004,4.999999999999999,2.999999999999999,2.999999999999999,2.999999999999999,2.999999999999999,2.999999999999999,3.8333333333333326,3.8333333333333326,3.8333333333333326,12.499999999999998,2.1428571428571423,2.1428571428571423,2.1428571428571423,2.1428571428571423,2.1428571428571423,2.1428571428571423,2.1428571428571423,2.1428571428571423,2.1428571428571423,2.1428571428571423,2.1428571428571423,2.1428571428571423,2.1428571428571423,2.1428571428571423,2.1428571428571423,2.1428571428571423,2.1428571428571423,2.1428571428571423,2.1428571428571423,2.1428571428571423,2.1428571428571423,2.1428571428571423,2.1428571428571423,2.1428571428571423,1.8333333333333328,1.8333333333333328,5.357142857142858,3.75,3.75,3.75,3.75,3.75,3.75,3.75,3.75,3.75,3.75,3.75,3.75,2.5000000000000004,6.071428571428569,17.5,17.5,1.1956521739130432,1.1956521739130432,21.136363636363633,6.7857142857142865,6.7857142857142865,9.40909090909091,2.5000000000000013,2.5000000000000013,2.5000000000000013,2.5000000000000013,2.5000000000000013,2.5000000000000013,2.5000000000000013,2.5000000000000013,2.5000000000000013,2.5000000000000013,2.5000000000000013,2.5000000000000013,2.5000000000000013,2.5000000000000013,2.5000000000000013,2.5000000000000013,2.5000000000000013,2.5000000000000013,2.5000000000000013,2.5000000000000013,2.5000000000000013,2.5000000000000013,2.5000000000000013,2.5000000000000013,2.5000000000000013,2.5000000000000013,2.5000000000000013,2.5000000000000013,2.5000000000000013,2.5000000000000013,2.5000000000000013,2.5000000000000013,2.5000000000000013,2.5000000000000013,2.5000000000000013,2.5000000000000013,2.5000000000000013,2.5000000000000013,2.5000000000000013,2.5000000000000013,2.5000000000000013,2.5000000000000013,2.5000000000000013,2.5000000000000013,2.5000000000000013,2.5000000000000013,2.5000000000000013,2.5000000000000013,2.5000000000000013,2.5000000000000013,2.5000000000000013,2.5000000000000013,2.5000000000000013,2.5000000000000013,2.5000000000000013,2.5000000000000013,2.5000000000000013,2.5000000000000013,7.499999999999998,1.6428571428571441,19.5,1.4743589743589738,7.142857142857142,7.142857142857142,9.166666666666664,9.071428571428571,1.875,1.875,1.875,1.875,1.875,1.875,1.875,1.875,1.875,1.875,1.875,1.875,1.875,1.875,1.875,1.875,1.875,1.875,1.875,1.875,1.875,1.875,1.875,1.875,1.875,1.875,1.875,1.875,1.875,1.875,1.875,1.875,1.875,1.875,1.875,1.875,1.875,1.875,1.875,1.875,1.875,1.875,1.875,1.875,1.875,1.875,1.875,1.875,1.875,1.875,5.000000000000002,5.000000000000002,8.214285714285715,8.214285714285715,8.214285714285715,8.214285714285715,8.214285714285715,8.214285714285715,8.214285714285715,11.500000000000002,11.500000000000002,11.500000000000002,11.500000000000002,13.269230769230772,13.269230769230772,13.269230769230772,15.131578947368421,0.0,0.0,0.0,0.0,0.0,0.0,0.0,0.0,0.0,0.0,0.0
22.10000000000001,5.227272727272727,5.227272727272727,7.083333333333336,11.500000000000004,4.999999999999999,2.999999999999999,2.999999999999999,2.999999999999999,2.999999999999999,2.999999999999999,3.8333333333333326,3.8333333333333326,3.8333333333333326,12.499999999999998,2.1428571428571423,2.1428571428571423,2.1428571428571423,2.1428571428571423,2.1428571428571423,2.1428571428571423,2.1428571428571423,2.1428571428571423,2.1428571428571423,2.1428571428571423,2.1428571428571423,2.1428571428571423,2.1428571428571423,2.1428571428571423,2.1428571428571423,2.1428571428571423,2.1428571428571423,2.1428571428571423,2.1428571428571423,2.1428571428571423,2.1428571428571423,2.1428571428571423,2.1428571428571423,2.1428571428571423,1.8333333333333328,1.8333333333333328,5.357142857142858,3.75,3.75,3.75,3.75,3.75,3.75,3.75,3.75,3.75,3.75,3.75,3.75,2.5000000000000004,6.071428571428569,17.5,17.5,1.1956521739130432,1.1956521739130432,21.136363636363633,6.7857142857142865,6.7857142857142865,9.40909090909091,2.5000000000000013,2.5000000000000013,2.5000000000000013,2.5000000000000013,2.5000000000000013,2.5000000000000013,2.5000000000000013,2.5000000000000013,2.5000000000000013,2.5000000000000013,2.5000000000000013,2.5000000000000013,2.5000000000000013,2.5000000000000013,2.5000000000000013,2.5000000000000013,2.5000000000000013,2.5000000000000013,2.5000000000000013,2.5000000000000013,2.5000000000000013,2.5000000000000013,2.5000000000000013,2.5000000000000013,2.5000000000000013,2.5000000000000013,2.5000000000000013,2.5000000000000013,2.5000000000000013,2.5000000000000013,2.5000000000000013,2.5000000000000013,2.5000000000000013,2.5000000000000013,2.5000000000000013,2.5000000000000013,2.5000000000000013,2.5000000000000013,2.5000000000000013,2.5000000000000013,2.5000000000000013,2.5000000000000013,2.5000000000000013,2.5000000000000013,2.5000000000000013,2.5000000000000013,2.5000000000000013,2.5000000000000013,2.5000000000000013,2.5000000000000013,2.5000000000000013,2.5000000000000013,2.5000000000000013,2.5000000000000013,2.5000000000000013,2.5000000000000013,2.5000000000000013,2.5000000000000013,7.499999999999998,1.6428571428571441,19.5,1.4743589743589738,7.142857142857142,7.142857142857142,9.166666666666664,9.071428571428571,1.875,1.875,1.875,1.875,1.875,1.875,1.875,1.875,1.875,1.875,1.875,1.875,1.875,1.875,1.875,1.875,1.875,1.875,1.875,1.875,1.875,1.875,1.875,1.875,1.875,1.875,1.875,1.875,1.875,1.875,1.875,1.875,1.875,1.875,1.875,1.875,1.875,1.875,1.875,1.875,1.875,1.875,1.875,1.875,1.875,1.875,1.875,1.875,1.875,1.875,5.000000000000002,5.000000000000002,8.214285714285715,8.214285714285715,8.214285714285715,8.214285714285715,8.214285714285715,8.214285714285715,8.214285714285715,11.500000000000002,11.500000000000002,11.500000000000002,11.500000000000002,13.269230769230772,13.269230769230772,13.269230769230772,15.131578947368421,0.0,0.0,0.0,0.0,0.0,0.0,0.0,0.0,0.0,0.0,0.0
22.10000000000001,5.227272727272727,5.227272727272727,7.083333333333336,11.500000000000004,4.999999999999999,2.999999999999999,2.999999999999999,2.999999999999999,2.999999999999999,2.999999999999999,3.8333333333333326,3.8333333333333326,3.8333333333333326,12.499999999999998,2.1428571428571423,2.1428571428571423,2.1428571428571423,2.1428571428571423,2.1428571428571423,2.1428571428571423,2.1428571428571423,2.1428571428571423,2.1428571428571423,2.1428571428571423,2.1428571428571423,2.1428571428571423,2.1428571428571423,2.1428571428571423,2.1428571428571423,2.1428571428571423,2.1428571428571423,2.1428571428571423,2.1428571428571423,2.1428571428571423,2.1428571428571423,2.1428571428571423,2.1428571428571423,2.1428571428571423,1.8333333333333328,1.8333333333333328,5.357142857142858,3.75,3.75,3.75,3.75,3.75,3.75,3.75,3.75,3.75,3.75,3.75,3.75,2.5000000000000004,6.071428571428569,17.5,17.5,1.1956521739130432,1.1956521739130432,21.136363636363633,6.7857142857142865,6.7857142857142865,9.40909090909091,2.5000000000000013,2.5000000000000013,2.5000000000000013,2.5000000000000013,2.5000000000000013,2.5000000000000013,2.5000000000000013,2.5000000000000013,2.5000000000000013,2.5000000000000013,2.5000000000000013,2.5000000000000013,2.5000000000000013,2.5000000000000013,2.5000000000000013,2.5000000000000013,2.5000000000000013,2.5000000000000013,2.5000000000000013,2.5000000000000013,2.5000000000000013,2.5000000000000013,2.5000000000000013,2.5000000000000013,2.5000000000000013,2.5000000000000013,2.5000000000000013,2.5000000000000013,2.5000000000000013,2.5000000000000013,2.5000000000000013,2.5000000000000013,2.5000000000000013,2.5000000000000013,2.5000000000000013,2.5000000000000013,2.5000000000000013,2.5000000000000013,2.5000000000000013,2.5000000000000013,2.5000000000000013,2.5000000000000013,2.5000000000000013,2.5000000000000013,2.5000000000000013,2.5000000000000013,2.5000000000000013,2.5000000000000013,2.5000000000000013,2.5000000000000013,2.5000000000000013,2.5000000000000013,2.5000000000000013,2.5000000000000013,2.5000000000000013,2.5000000000000013,2.5000000000000013,2.5000000000000013,7.499999999999998,1.6428571428571441,19.5,1.4743589743589738,7.142857142857142,7.142857142857142,9.166666666666664,9.071428571428571,1.875,1.875,1.875,1.875,1.875,1.875,1.875,1.875,1.875,1.875,1.875,1.875,1.875,1.875,1.875,1.875,1.875,1.875,1.875,1.875,1.875,1.875,1.875,1.875,1.875,1.875,1.875,1.875,1.875,1.875,1.875,1.875,1.875,1.875,1.875,1.875,1.875,1.875,1.875,1.875,1.875,1.875,1.875,1.875,1.875,1.875,1.875,1.875,1.875,1.875,5.000000000000002,5.000000000000002,8.214285714285715,8.214285714285715,8.214285714285715,8.214285714285715,8.214285714285715,8.214285714285715,8.214285714285715,11.500000000000002,11.500000000000002,11.500000000000002,11.500000000000002,13.269230769230772,13.269230769230772,13.269230769230772,15.131578947368421,0.0,0.0,0.0,0.0,0.0,0.0,0.0,0.0,0.0,0.0,0.0
22.10000000000001,5.227272727272727,5.227272727272727,7.083333333333336,11.500000000000004,4.999999999999999,2.999999999999999,2.999999999999999,2.999999999999999,2.999999999999999,2.999999999999999,3.8333333333333326,3.8333333333333326,3.8333333333333326,12.499999999999998,2.1428571428571423,2.1428571428571423,2.1428571428571423,2.1428571428571423,2.1428571428571423,2.1428571428571423,2.1428571428571423,2.1428571428571423,2.1428571428571423,2.1428571428571423,2.1428571428571423,2.1428571428571423,2.1428571428571423,2.1428571428571423,2.1428571428571423,2.1428571428571423,2.1428571428571423,2.1428571428571423,2.1428571428571423,2.1428571428571423,2.1428571428571423,2.1428571428571423,2.1428571428571423,2.1428571428571423,1.8333333333333328,1.8333333333333328,5.357142857142858,3.75,3.75,3.75,3.75,3.75,3.75,3.75,3.75,3.75,3.75,3.75,3.75,2.5000000000000004,6.071428571428569,17.5,17.5,1.1956521739130432,1.1956521739130432,21.136363636363633,6.7857142857142865,6.7857142857142865,9.40909090909091,2.5000000000000013,2.5000000000000013,2.5000000000000013,2.5000000000000013,2.5000000000000013,2.5000000000000013,2.5000000000000013,2.5000000000000013,2.5000000000000013,2.5000000000000013,2.5000000000000013,2.5000000000000013,2.5000000000000013,2.5000000000000013,2.5000000000000013,2.5000000000000013,2.5000000000000013,2.5000000000000013,2.5000000000000013,2.5000000000000013,2.5000000000000013,2.5000000000000013,2.5000000000000013,2.5000000000000013,2.5000000000000013,2.5000000000000013,2.5000000000000013,2.5000000000000013,2.5000000000000013,2.5000000000000013,2.5000000000000013,2.5000000000000013,2.5000000000000013,2.5000000000000013,2.5000000000000013,2.5000000000000013,2.5000000000000013,2.5000000000000013,2.5000000000000013,2.5000000000000013,2.5000000000000013,2.5000000000000013,2.5000000000000013,2.5000000000000013,2.5000000000000013,2.5000000000000013,2.5000000000000013,2.5000000000000013,2.5000000000000013,2.5000000000000013,2.5000000000000013,2.5000000000000013,2.5000000000000013,2.5000000000000013,2.5000000000000013,2.5000000000000013,2.5000000000000013,2.5000000000000013,7.499999999999998,1.6428571428571441,19.5,1.4743589743589738,7.142857142857142,7.142857142857142,9.166666666666664,9.071428571428571,1.875,1.875,1.875,1.875,1.875,1.875,1.875,1.875,1.875,1.875,1.875,1.875,1.875,1.875,1.875,1.875,1.875,1.875,1.875,1.875,1.875,1.875,1.875,1.875,1.875,1.875,1.875,1.875,1.875,1.875,1.875,1.875,1.875,1.875,1.875,1.875,1.875,1.875,1.875,1.875,1.875,1.875,1.875,1.875,1.875,1.875,1.875,1.875,1.875,1.875,5.000000000000002,5.000000000000002,8.214285714285715,8.214285714285715,8.214285714285715,8.214285714285715,8.214285714285715,8.214285714285715,8.214285714285715,11.500000000000002,11.500000000000002,11.500000000000002,11.500000000000002,13.269230769230772,13.269230769230772,13.269230769230772,15.131578947368421,0.0,0.0,0.0,0.0,0.0,0.0,0.0,0.0,0.0,0.0,0.0
22.10000000000001,5.227272727272727,5.227272727272727,7.083333333333336,11.500000000000004,4.999999999999999,2.999999999999999,2.999999999999999,2.999999999999999,2.999999999999999,2.999999999999999,3.8333333333333326,3.8333333333333326,3.8333333333333326,12.499999999999998,2.1428571428571423,2.1428571428571423,2.1428571428571423,2.1428571428571423,2.1428571428571423,2.1428571428571423,2.1428571428571423,2.1428571428571423,2.1428571428571423,2.1428571428571423,2.1428571428571423,2.1428571428571423,2.1428571428571423,2.1428571428571423,2.1428571428571423,2.1428571428571423,2.1428571428571423,2.1428571428571423,2.1428571428571423,2.1428571428571423,2.1428571428571423,2.1428571428571423,2.1428571428571423,2.1428571428571423,1.8333333333333328,1.8333333333333328,5.357142857142858,3.75,3.75,3.75,3.75,3.75,3.75,3.75,3.75,3.75,3.75,3.75,3.75,2.5000000000000004,6.071428571428569,17.5,17.5,1.1956521739130432,1.1956521739130432,21.136363636363633,6.7857142857142865,6.7857142857142865,9.40909090909091,2.5000000000000013,2.5000000000000013,2.5000000000000013,2.5000000000000013,2.5000000000000013,2.5000000000000013,2.5000000000000013,2.5000000000000013,2.5000000000000013,2.5000000000000013,2.5000000000000013,2.5000000000000013,2.5000000000000013,2.5000000000000013,2.5000000000000013,2.5000000000000013,2.5000000000000013,2.5000000000000013,2.5000000000000013,2.5000000000000013,2.5000000000000013,2.5000000000000013,2.5000000000000013,2.5000000000000013,2.5000000000000013,2.5000000000000013,2.5000000000000013,2.5000000000000013,2.5000000000000013,2.5000000000000013,2.5000000000000013,2.5000000000000013,2.5000000000000013,2.5000000000000013,2.5000000000000013,2.5000000000000013,2.5000000000000013,2.5000000000000013,2.5000000000000013,2.5000000000000013,2.5000000000000013,2.5000000000000013,2.5000000000000013,2.5000000000000013,2.5000000000000013,2.5000000000000013,2.5000000000000013,2.5000000000000013,2.5000000000000013,2.5000000000000013,2.5000000000000013,2.5000000000000013,2.5000000000000013,2.5000000000000013,2.5000000000000013,2.5000000000000013,2.5000000000000013,2.5000000000000013,7.499999999999998,1.6428571428571441,19.5,1.4743589743589738,7.142857142857142,7.142857142857142,9.166666666666664,9.071428571428571,1.875,1.875,1.875,1.875,1.875,1.875,1.875,1.875,1.875,1.875,1.875,1.875,1.875,1.875,1.875,1.875,1.875,1.875,1.875,1.875,1.875,1.875,1.875,1.875,1.875,1.875,1.875,1.875,1.875,1.875,1.875,1.875,1.875,1.875,1.875,1.875,1.875,1.875,1.875,1.875,1.875,1.875,1.875,1.875,1.875,1.875,1.875,1.875,1.875,1.875,5.000000000000002,5.000000000000002,8.214285714285715,8.214285714285715,8.214285714285715,8.214285714285715,8.214285714285715,8.214285714285715,8.214285714285715,11.500000000000002,11.500000000000002,11.500000000000002,11.500000000000002,13.269230769230772,13.269230769230772,13.269230769230772,15.131578947368421,0.0,0.0,0.0,0.0,0.0,0.0,0.0,0.0,0.0,0.0,0.0
22.10000000000001,5.227272727272727,5.227272727272727,7.083333333333336,11.500000000000004,4.999999999999999,2.999999999999999,2.999999999999999,2.999999999999999,2.999999999999999,2.999999999999999,3.8333333333333326,3.8333333333333326,3.8333333333333326,12.499999999999998,2.1428571428571423,2.1428571428571423,2.1428571428571423,2.1428571428571423,2.1428571428571423,2.1428571428571423,2.1428571428571423,2.1428571428571423,2.1428571428571423,2.1428571428571423,2.1428571428571423,2.1428571428571423,2.1428571428571423,2.1428571428571423,2.1428571428571423,2.1428571428571423,2.1428571428571423,2.1428571428571423,2.1428571428571423,2.1428571428571423,2.1428571428571423,2.1428571428571423,2.1428571428571423,2.1428571428571423,1.8333333333333328,1.8333333333333328,5.357142857142858,3.75,3.75,3.75,3.75,3.75,3.75,3.75,3.75,3.75,3.75,3.75,3.75,2.5000000000000004,6.071428571428569,17.5,17.5,1.1956521739130432,1.1956521739130432,21.136363636363633,6.7857142857142865,6.7857142857142865,9.40909090909091,2.5000000000000013,2.5000000000000013,2.5000000000000013,2.5000000000000013,2.5000000000000013,2.5000000000000013,2.5000000000000013,2.5000000000000013,2.5000000000000013,2.5000000000000013,2.5000000000000013,2.5000000000000013,2.5000000000000013,2.5000000000000013,2.5000000000000013,2.5000000000000013,2.5000000000000013,2.5000000000000013,2.5000000000000013,2.5000000000000013,2.5000000000000013,2.5000000000000013,2.5000000000000013,2.5000000000000013,2.5000000000000013,2.5000000000000013,2.5000000000000013,2.5000000000000013,2.5000000000000013,2.5000000000000013,2.5000000000000013,2.5000000000000013,2.5000000000000013,2.5000000000000013,2.5000000000000013,2.5000000000000013,2.5000000000000013,2.5000000000000013,2.5000000000000013,2.5000000000000013,2.5000000000000013,2.5000000000000013,2.5000000000000013,2.5000000000000013,2.5000000000000013,2.5000000000000013,2.5000000000000013,2.5000000000000013,2.5000000000000013,2.5000000000000013,2.5000000000000013,2.5000000000000013,2.5000000000000013,2.5000000000000013,2.5000000000000013,2.5000000000000013,2.5000000000000013,2.5000000000000013,7.499999999999998,1.6428571428571441,19.5,1.4743589743589738,7.142857142857142,7.142857142857142,9.166666666666664,9.071428571428571,1.875,1.875,1.875,1.875,1.875,1.875,1.875,1.875,1.875,1.875,1.875,1.875,1.875,1.875,1.875,1.875,1.875,1.875,1.875,1.875,1.875,1.875,1.875,1.875,1.875,1.875,1.875,1.875,1.875,1.875,1.875,1.875,1.875,1.875,1.875,1.875,1.875,1.875,1.875,1.875,1.875,1.875,1.875,1.875,1.875,1.875,1.875,1.875,1.875,1.875,5.000000000000002,5.000000000000002,8.214285714285715,8.214285714285715,8.214285714285715,8.214285714285715,8.214285714285715,8.214285714285715,8.214285714285715,11.500000000000002,11.500000000000002,11.500000000000002,11.500000000000002,13.269230769230772,13.269230769230772,13.269230769230772,15.131578947368421,0.0,0.0,0.0,0.0,0.0,0.0,0.0,0.0,0.0,0.0,0.0
22.10000000000001,5.227272727272727,5.227272727272727,7.083333333333336,11.500000000000004,4.999999999999999,2.999999999999999,2.999999999999999,2.999999999999999,2.999999999999999,2.999999999999999,3.8333333333333326,3.8333333333333326,3.8333333333333326,12.499999999999998,2.1428571428571423,2.1428571428571423,2.1428571428571423,2.1428571428571423,2.1428571428571423,2.1428571428571423,2.1428571428571423,2.1428571428571423,2.1428571428571423,2.1428571428571423,2.1428571428571423,2.1428571428571423,2.1428571428571423,2.1428571428571423,2.1428571428571423,2.1428571428571423,2.1428571428571423,2.1428571428571423,2.1428571428571423,2.1428571428571423,2.1428571428571423,2.1428571428571423,2.1428571428571423,2.1428571428571423,1.8333333333333328,1.8333333333333328,5.357142857142858,3.75,3.75,3.75,3.75,3.75,3.75,3.75,3.75,3.75,3.75,3.75,3.75,2.5000000000000004,6.071428571428569,17.5,17.5,1.1956521739130432,1.1956521739130432,21.136363636363633,6.7857142857142865,6.7857142857142865,9.40909090909091,2.5000000000000013,2.5000000000000013,2.5000000000000013,2.5000000000000013,2.5000000000000013,2.5000000000000013,2.5000000000000013,2.5000000000000013,2.5000000000000013,2.5000000000000013,2.5000000000000013,2.5000000000000013,2.5000000000000013,2.5000000000000013,2.5000000000000013,2.5000000000000013,2.5000000000000013,2.5000000000000013,2.5000000000000013,2.5000000000000013,2.5000000000000013,2.5000000000000013,2.5000000000000013,2.5000000000000013,2.5000000000000013,2.5000000000000013,2.5000000000000013,2.5000000000000013,2.5000000000000013,2.5000000000000013,2.5000000000000013,2.5000000000000013,2.5000000000000013,2.5000000000000013,2.5000000000000013,2.5000000000000013,2.5000000000000013,2.5000000000000013,2.5000000000000013,2.5000000000000013,2.5000000000000013,2.5000000000000013,2.5000000000000013,2.5000000000000013,2.5000000000000013,2.5000000000000013,2.5000000000000013,2.5000000000000013,2.5000000000000013,2.5000000000000013,2.5000000000000013,2.5000000000000013,2.5000000000000013,2.5000000000000013,2.5000000000000013,2.5000000000000013,2.5000000000000013,2.5000000000000013,7.499999999999998,1.6428571428571441,19.5,1.4743589743589738,7.142857142857142,7.142857142857142,9.166666666666664,9.071428571428571,1.875,1.875,1.875,1.875,1.875,1.875,1.875,1.875,1.875,1.875,1.875,1.875,1.875,1.875,1.875,1.875,1.875,1.875,1.875,1.875,1.875,1.875,1.875,1.875,1.875,1.875,1.875,1.875,1.875,1.875,1.875,1.875,1.875,1.875,1.875,1.875,1.875,1.875,1.875,1.875,1.875,1.875,1.875,1.875,1.875,1.875,1.875,1.875,1.875,1.875,5.000000000000002,5.000000000000002,8.214285714285715,8.214285714285715,8.214285714285715,8.214285714285715,8.214285714285715,8.214285714285715,8.214285714285715,11.500000000000002,11.500000000000002,11.500000000000002,11.500000000000002,13.269230769230772,13.269230769230772,13.269230769230772,15.131578947368421,0.0,0.0,0.0,0.0,0.0,0.0,0.0,0.0,0.0,0.0,0.0
22.10000000000001,5.227272727272727,5.227272727272727,7.083333333333336,11.500000000000004,4.999999999999999,2.999999999999999,2.999999999999999,2.999999999999999,2.999999999999999,2.999999999999999,3.8333333333333326,3.8333333333333326,3.8333333333333326,12.499999999999998,2.1428571428571423,2.1428571428571423,2.1428571428571423,2.1428571428571423,2.1428571428571423,2.1428571428571423,2.1428571428571423,2.1428571428571423,2.1428571428571423,2.1428571428571423,2.1428571428571423,2.1428571428571423,2.1428571428571423,2.1428571428571423,2.1428571428571423,2.1428571428571423,2.1428571428571423,2.1428571428571423,2.1428571428571423,2.1428571428571423,2.1428571428571423,2.1428571428571423,2.1428571428571423,2.1428571428571423,1.8333333333333328,1.8333333333333328,5.357142857142858,3.75,3.75,3.75,3.75,3.75,3.75,3.75,3.75,3.75,3.75,3.75,3.75,2.5000000000000004,6.071428571428569,17.5,17.5,1.1956521739130432,1.1956521739130432,21.136363636363633,6.7857142857142865,6.7857142857142865,9.40909090909091,2.5000000000000013,2.5000000000000013,2.5000000000000013,2.5000000000000013,2.5000000000000013,2.5000000000000013,2.5000000000000013,2.5000000000000013,2.5000000000000013,2.5000000000000013,2.5000000000000013,2.5000000000000013,2.5000000000000013,2.5000000000000013,2.5000000000000013,2.5000000000000013,2.5000000000000013,2.5000000000000013,2.5000000000000013,2.5000000000000013,2.5000000000000013,2.5000000000000013,2.5000000000000013,2.5000000000000013,2.5000000000000013,2.5000000000000013,2.5000000000000013,2.5000000000000013,2.5000000000000013,2.5000000000000013,2.5000000000000013,2.5000000000000013,2.5000000000000013,2.5000000000000013,2.5000000000000013,2.5000000000000013,2.5000000000000013,2.5000000000000013,2.5000000000000013,2.5000000000000013,2.5000000000000013,2.5000000000000013,2.5000000000000013,2.5000000000000013,2.5000000000000013,2.5000000000000013,2.5000000000000013,2.5000000000000013,2.5000000000000013,2.5000000000000013,2.5000000000000013,2.5000000000000013,2.5000000000000013,2.5000000000000013,2.5000000000000013,2.5000000000000013,2.5000000000000013,2.5000000000000013,7.499999999999998,1.6428571428571441,19.5,1.4743589743589738,7.142857142857142,7.142857142857142,9.166666666666664,9.071428571428571,1.875,1.875,1.875,1.875,1.875,1.875,1.875,1.875,1.875,1.875,1.875,1.875,1.875,1.875,1.875,1.875,1.875,1.875,1.875,1.875,1.875,1.875,1.875,1.875,1.875,1.875,1.875,1.875,1.875,1.875,1.875,1.875,1.875,1.875,1.875,1.875,1.875,1.875,1.875,1.875,1.875,1.875,1.875,1.875,1.875,1.875,1.875,1.875,1.875,1.875,5.000000000000002,5.000000000000002,8.214285714285715,8.214285714285715,8.214285714285715,8.214285714285715,8.214285714285715,8.214285714285715,8.214285714285715,11.500000000000002,11.500000000000002,11.500000000000002,11.500000000000002,13.269230769230772,13.269230769230772,13.269230769230772,15.131578947368421,0.0,0.0,0.0,0.0,0.0,0.0,0.0,0.0,0.0,0.0,0.0
22.10000000000001,5.227272727272727,5.227272727272727,7.083333333333336,11.500000000000004,4.999999999999999,2.999999999999999,2.999999999999999,2.999999999999999,2.999999999999999,2.999999999999999,3.8333333333333326,3.8333333333333326,3.8333333333333326,12.499999999999998,2.1428571428571423,2.1428571428571423,2.1428571428571423,2.1428571428571423,2.1428571428571423,2.1428571428571423,2.1428571428571423,2.1428571428571423,2.1428571428571423,2.1428571428571423,2.1428571428571423,2.1428571428571423,2.1428571428571423,2.1428571428571423,2.1428571428571423,2.1428571428571423,2.1428571428571423,2.1428571428571423,2.1428571428571423,2.1428571428571423,2.1428571428571423,2.1428571428571423,2.1428571428571423,2.1428571428571423,1.8333333333333328,1.8333333333333328,5.357142857142858,3.75,3.75,3.75,3.75,3.75,3.75,3.75,3.75,3.75,3.75,3.75,3.75,2.5000000000000004,6.071428571428569,17.5,17.5,1.1956521739130432,1.1956521739130432,21.136363636363633,6.7857142857142865,6.7857142857142865,9.40909090909091,2.5000000000000013,2.5000000000000013,2.5000000000000013,2.5000000000000013,2.5000000000000013,2.5000000000000013,2.5000000000000013,2.5000000000000013,2.5000000000000013,2.5000000000000013,2.5000000000000013,2.5000000000000013,2.5000000000000013,2.5000000000000013,2.5000000000000013,2.5000000000000013,2.5000000000000013,2.5000000000000013,2.5000000000000013,2.5000000000000013,2.5000000000000013,2.5000000000000013,2.5000000000000013,2.5000000000000013,2.5000000000000013,2.5000000000000013,2.5000000000000013,2.5000000000000013,2.5000000000000013,2.5000000000000013,2.5000000000000013,2.5000000000000013,2.5000000000000013,2.5000000000000013,2.5000000000000013,2.5000000000000013,2.5000000000000013,2.5000000000000013,2.5000000000000013,2.5000000000000013,2.5000000000000013,2.5000000000000013,2.5000000000000013,2.5000000000000013,2.5000000000000013,2.5000000000000013,2.5000000000000013,2.5000000000000013,2.5000000000000013,2.5000000000000013,2.5000000000000013,2.5000000000000013,2.5000000000000013,2.5000000000000013,2.5000000000000013,2.5000000000000013,2.5000000000000013,2.5000000000000013,7.499999999999998,1.6428571428571441,19.5,1.4743589743589738,7.142857142857142,7.142857142857142,9.166666666666664,9.071428571428571,1.875,1.875,1.875,1.875,1.875,1.875,1.875,1.875,1.875,1.875,1.875,1.875,1.875,1.875,1.875,1.875,1.875,1.875,1.875,1.875,1.875,1.875,1.875,1.875,1.875,1.875,1.875,1.875,1.875,1.875,1.875,1.875,1.875,1.875,1.875,1.875,1.875,1.875,1.875,1.875,1.875,1.875,1.875,1.875,1.875,1.875,1.875,1.875,1.875,1.875,5.000000000000002,5.000000000000002,8.214285714285715,8.214285714285715,8.214285714285715,8.214285714285715,8.214285714285715,8.214285714285715,8.214285714285715,11.500000000000002,11.500000000000002,11.500000000000002,11.500000000000002,13.269230769230772,13.269230769230772,13.269230769230772,15.131578947368421,0.0,0.0,0.0,0.0,0.0,0.0,0.0,0.0,0.0,0.0,0.0
